	id	COUNTY	GEO_TTL	NAICS_Sector	NAICS_TTL	state	relevant_naics	GEO_ID	estab_agg	emp_agg	payann_agg	emp_api	payann_api	estab_api
0	30	999	Statewide	11	Agriculture, forestry, fishing and hunting	30	11	0500000US300010500000US300010500000US300030500000US300030500000US300050500000US300050500000US300070500000US300070500000US300090500000US300090500000US300130500000US300130500000US300150500000US300150500000US300170500000US300170500000US300190500000US300210500000US300210500000US300230500000US300230500000US300250500000US300250500000US300270500000US300270500000US300290500000US300290500000US300310500000US300310500000US300350500000US300350500000US300390500000US300390500000US300410500000US300410500000US300430500000US300430500000US300450500000US300450500000US300470500000US300470500000US300490500000US300490500000US300510500000US300510500000US300530500000US300530500000US300550500000US300550500000US300570500000US300570500000US300590500000US300590500000US300610500000US300610500000US300630500000US300630500000US300650500000US300650500000US300670500000US300670500000US300710500000US300710500000US300730500000US300730500000US300750500000US300770500000US300770500000US300810500000US300810500000US300830500000US300830500000US300850500000US300850500000US300890500000US300890500000US300910500000US300910500000US300950500000US300950500000US300970500000US300970500000US300990500000US300990500000US301050500000US301050500000US301090500000US301110500000US30111	733.3595238095238	1683.1976190476191	82372.47976190476	1023.6666666666666	45159.0	355.77777777777777
1	30	999	Statewide	21	Mining, quarrying, and oil and gas extraction	30	21	0500000US300010500000US300010500000US300030500000US300030500000US300050500000US300050500000US300070500000US300070500000US300090500000US300090500000US300130500000US300130500000US300170500000US300170500000US300190500000US300190500000US300210500000US300210500000US300230500000US300230500000US300250500000US300250500000US300270500000US300290500000US300290500000US300310500000US300310500000US300350500000US300350500000US300370500000US300370500000US300390500000US300390500000US300410500000US300410500000US300430500000US300430500000US300450500000US300470500000US300470500000US300490500000US300490500000US300510500000US300510500000US300530500000US300530500000US300570500000US300570500000US300590500000US300630500000US300630500000US300650500000US300650500000US300670500000US300670500000US300710500000US300710500000US300730500000US300730500000US300750500000US300750500000US300770500000US300770500000US300810500000US300810500000US300830500000US300830500000US300850500000US300850500000US300870500000US300870500000US300890500000US300890500000US300910500000US300910500000US300930500000US300930500000US300950500000US300950500000US300970500000US300970500000US300990500000US301010500000US301010500000US301050500000US301050500000US301070500000US301090500000US301090500000US301110500000US30111	717.1845238095239	5647.845238095238	535331.4761904762	6415.666666666667	555405.2222222222	362.8888888888889
2	30	999	Statewide	22	Utilities	30	22	0500000US300010500000US300010500000US300030500000US300030500000US300050500000US300050500000US300070500000US300070500000US300090500000US300090500000US300110500000US300110500000US300130500000US300130500000US300150500000US300150500000US300170500000US300170500000US300210500000US300210500000US300230500000US300230500000US300250500000US300250500000US300270500000US300270500000US300290500000US300290500000US300310500000US300310500000US300350500000US300350500000US300390500000US300390500000US300410500000US300410500000US300430500000US300430500000US300450500000US300450500000US300470500000US300470500000US300490500000US300490500000US300510500000US300510500000US300530500000US300530500000US300550500000US300550500000US300570500000US300570500000US300590500000US300590500000US300610500000US300610500000US300630500000US300630500000US300650500000US300650500000US300670500000US300670500000US300690500000US300690500000US300710500000US300710500000US300730500000US300730500000US300750500000US300750500000US300770500000US300770500000US300790500000US300790500000US300810500000US300810500000US300830500000US300830500000US300850500000US300850500000US300870500000US300870500000US300890500000US300890500000US300910500000US300910500000US300930500000US300930500000US300950500000US300950500000US300970500000US300970500000US300990500000US300990500000US301010500000US301010500000US301030500000US301030500000US301050500000US301050500000US301070500000US301070500000US301090500000US301090500000US301110500000US30111	415.125	2437.875	230188.25	3031.6666666666665	257242.66666666663	209.44444444444449
3	30	999	Statewide	23	Construction	30	23	0500000US300010500000US300010500000US300030500000US300030500000US300050500000US300050500000US300070500000US300070500000US300090500000US300090500000US300110500000US300110500000US300130500000US300130500000US300150500000US300150500000US300170500000US300170500000US300190500000US300190500000US300210500000US300210500000US300230500000US300230500000US300250500000US300250500000US300270500000US300270500000US300290500000US300290500000US300310500000US300310500000US300330500000US300330500000US300350500000US300350500000US300370500000US300370500000US300390500000US300390500000US300410500000US300410500000US300430500000US300430500000US300450500000US300450500000US300470500000US300470500000US300490500000US300490500000US300510500000US300510500000US300530500000US300530500000US300550500000US300550500000US300570500000US300570500000US300590500000US300590500000US300610500000US300610500000US300630500000US300630500000US300650500000US300650500000US300670500000US300670500000US300690500000US300690500000US300710500000US300710500000US300730500000US300730500000US300750500000US300750500000US300770500000US300770500000US300790500000US300790500000US300810500000US300810500000US300830500000US300830500000US300850500000US300850500000US300870500000US300870500000US300890500000US300890500000US300910500000US300910500000US300930500000US300930500000US300950500000US300950500000US300970500000US300970500000US300990500000US300990500000US301010500000US301010500000US301030500000US301030500000US301050500000US301050500000US301070500000US301070500000US301090500000US301090500000US301110500000US30111	10278.366666666669	45617.75	2398158.7083333335	24178.11111111111	1279449.5555555555	5266.444444444444
4	30	999	Statewide	42	Wholesale trade	30	42	0500000US300010500000US300010500000US300030500000US300030500000US300050500000US300050500000US300070500000US300070500000US300090500000US300090500000US300130500000US300130500000US300150500000US300150500000US300170500000US300170500000US300190500000US300190500000US300210500000US300210500000US300230500000US300230500000US300250500000US300250500000US300270500000US300270500000US300290500000US300290500000US300310500000US300310500000US300350500000US300350500000US300370500000US300370500000US300390500000US300390500000US300410500000US300410500000US300430500000US300430500000US300450500000US300450500000US300470500000US300470500000US300490500000US300490500000US300510500000US300510500000US300530500000US300530500000US300550500000US300550500000US300570500000US300570500000US300590500000US300590500000US300610500000US300610500000US300630500000US300630500000US300650500000US300650500000US300670500000US300670500000US300710500000US300710500000US300730500000US300730500000US300750500000US300750500000US300770500000US300770500000US300790500000US300810500000US300810500000US300830500000US300830500000US300850500000US300850500000US300870500000US300890500000US300890500000US300910500000US300910500000US300930500000US300930500000US300950500000US300950500000US300970500000US300970500000US300990500000US300990500000US301010500000US301010500000US301030500000US301030500000US301050500000US301050500000US301070500000US301070500000US301110500000US30111	3036.6964285714284	27794.216666666667	1395388.8488095235	15651.777777777776	776668.1111111111	1586.7777777777778
5	30	999	Statewide	51	Information	30	51	0500000US300010500000US300010500000US300030500000US300030500000US300050500000US300050500000US300070500000US300070500000US300090500000US300090500000US300110500000US300110500000US300130500000US300130500000US300150500000US300150500000US300170500000US300170500000US300190500000US300190500000US300210500000US300210500000US300230500000US300230500000US300250500000US300250500000US300270500000US300270500000US300290500000US300290500000US300310500000US300310500000US300330500000US300330500000US300350500000US300350500000US300390500000US300390500000US300410500000US300410500000US300430500000US300430500000US300470500000US300470500000US300490500000US300490500000US300510500000US300510500000US300530500000US300530500000US300550500000US300550500000US300570500000US300570500000US300590500000US300590500000US300630500000US300630500000US300650500000US300650500000US300670500000US300670500000US300690500000US300690500000US300710500000US300710500000US300730500000US300730500000US300750500000US300750500000US300770500000US300770500000US300790500000US300790500000US300810500000US300810500000US300830500000US300830500000US300850500000US300850500000US300870500000US300870500000US300890500000US300890500000US300910500000US300910500000US300930500000US300930500000US300950500000US300950500000US300970500000US300970500000US300990500000US300990500000US301010500000US301010500000US301050500000US301050500000US301070500000US301070500000US301090500000US301090500000US301110500000US30111	1244.6666666666667	16123.85	783757.9	8860.111111111111	442385.6666666667	664.5555555555555
6	30	999	Statewide	52	Finance and insurance	30	52	0500000US300010500000US300010500000US300030500000US300030500000US300050500000US300050500000US300070500000US300070500000US300090500000US300090500000US300130500000US300130500000US300150500000US300150500000US300170500000US300170500000US300190500000US300190500000US300210500000US300210500000US300230500000US300230500000US300250500000US300250500000US300270500000US300270500000US300290500000US300290500000US300310500000US300310500000US300330500000US300330500000US300350500000US300350500000US300370500000US300370500000US300390500000US300390500000US300410500000US300410500000US300430500000US300430500000US300450500000US300450500000US300470500000US300470500000US300490500000US300490500000US300510500000US300510500000US300530500000US300530500000US300550500000US300550500000US300570500000US300570500000US300590500000US300590500000US300610500000US300610500000US300630500000US300630500000US300650500000US300650500000US300670500000US300670500000US300710500000US300710500000US300730500000US300730500000US300750500000US300750500000US300770500000US300770500000US300790500000US300790500000US300810500000US300810500000US300830500000US300830500000US300850500000US300850500000US300870500000US300870500000US300890500000US300890500000US300910500000US300910500000US300930500000US300930500000US300950500000US300950500000US300970500000US300970500000US300990500000US300990500000US301010500000US301010500000US301030500000US301030500000US301050500000US301050500000US301070500000US301070500000US301090500000US301090500000US301110500000US30111	3864.75	30193.892857142855	1692583.875	16216.777777777776	918063.5555555556	1970.888888888889
7	30	999	Statewide	53	Real estate and rental and leasing	30	53	0500000US300010500000US300010500000US300030500000US300030500000US300050500000US300050500000US300070500000US300070500000US300090500000US300090500000US300110500000US300110500000US300130500000US300130500000US300150500000US300150500000US300170500000US300170500000US300190500000US300210500000US300210500000US300230500000US300230500000US300250500000US300250500000US300270500000US300270500000US300290500000US300290500000US300310500000US300310500000US300350500000US300350500000US300390500000US300390500000US300410500000US300410500000US300430500000US300430500000US300450500000US300450500000US300470500000US300470500000US300490500000US300490500000US300510500000US300510500000US300530500000US300530500000US300550500000US300550500000US300570500000US300570500000US300590500000US300590500000US300610500000US300610500000US300630500000US300630500000US300650500000US300650500000US300670500000US300670500000US300690500000US300690500000US300710500000US300710500000US300730500000US300730500000US300750500000US300750500000US300770500000US300770500000US300790500000US300790500000US300810500000US300810500000US300830500000US300830500000US300850500000US300850500000US300870500000US300870500000US300890500000US300890500000US300910500000US300910500000US300930500000US300930500000US300950500000US300950500000US300970500000US300970500000US300990500000US300990500000US301010500000US301010500000US301030500000US301050500000US301050500000US301090500000US301110500000US30111	3747.375	10391.696428571428	366828.65714285715	5739.333333333333	192677.88888888888	1929.6666666666667
8	30	999	Statewide	54	Professional, scientific, and technical services	30	54	0500000US300010500000US300010500000US300030500000US300030500000US300050500000US300050500000US300070500000US300070500000US300090500000US300090500000US300110500000US300110500000US300130500000US300130500000US300150500000US300150500000US300170500000US300170500000US300190500000US300190500000US300210500000US300210500000US300230500000US300230500000US300250500000US300250500000US300270500000US300270500000US300290500000US300290500000US300310500000US300310500000US300330500000US300350500000US300350500000US300370500000US300370500000US300390500000US300390500000US300410500000US300410500000US300430500000US300430500000US300450500000US300450500000US300470500000US300470500000US300490500000US300490500000US300510500000US300510500000US300530500000US300530500000US300550500000US300550500000US300570500000US300570500000US300590500000US300590500000US300610500000US300610500000US300630500000US300630500000US300650500000US300650500000US300670500000US300670500000US300690500000US300690500000US300710500000US300710500000US300730500000US300730500000US300750500000US300750500000US300770500000US300770500000US300790500000US300790500000US300810500000US300810500000US300830500000US300830500000US300850500000US300850500000US300870500000US300870500000US300890500000US300890500000US300910500000US300910500000US300930500000US300930500000US300950500000US300950500000US300970500000US300970500000US300990500000US300990500000US301010500000US301010500000US301030500000US301030500000US301050500000US301050500000US301070500000US301070500000US301090500000US301090500000US301110500000US30111	7331.714285714285	34467.69642857143	1767098.2857142857	18530.777777777777	930889.2222222222	3744.222222222222
9	30	999	Statewide	55	Management of companies and enterprises	30	55	0500000US300070500000US300070500000US300090500000US300130500000US300130500000US300170500000US300170500000US300210500000US300210500000US300230500000US300230500000US300270500000US300270500000US300290500000US300290500000US300310500000US300310500000US300350500000US300350500000US300410500000US300410500000US300470500000US300470500000US300490500000US300490500000US300530500000US300550500000US300550500000US300630500000US300630500000US300650500000US300650500000US300670500000US300670500000US300830500000US300850500000US300850500000US300930500000US300930500000US300950500000US300950500000US300990500000US300990500000US301110500000US30111	261.175	4904.125	342534.225	3171.6666666666665	239124.44444444444	134.33333333333334
10	30	999	Statewide	56	Administrative and support and waste management and remediation services	30	56	0500000US300010500000US300010500000US300030500000US300030500000US300050500000US300050500000US300070500000US300070500000US300090500000US300090500000US300130500000US300130500000US300150500000US300150500000US300170500000US300170500000US300190500000US300190500000US300210500000US300210500000US300230500000US300230500000US300250500000US300250500000US300270500000US300270500000US300290500000US300290500000US300310500000US300310500000US300350500000US300350500000US300390500000US300390500000US300410500000US300410500000US300430500000US300430500000US300450500000US300470500000US300470500000US300490500000US300490500000US300510500000US300530500000US300530500000US300570500000US300570500000US300590500000US300590500000US300610500000US300610500000US300630500000US300630500000US300650500000US300650500000US300670500000US300670500000US300690500000US300710500000US300710500000US300730500000US300730500000US300750500000US300770500000US300770500000US300790500000US300790500000US300810500000US300810500000US300830500000US300830500000US300850500000US300850500000US300870500000US300870500000US300890500000US300890500000US300910500000US300910500000US300930500000US300930500000US300950500000US300950500000US300970500000US300970500000US300990500000US300990500000US301010500000US301010500000US301030500000US301050500000US301050500000US301070500000US301070500000US301090500000US301090500000US301110500000US30111	3502.7761904761905	26140.867857142857	733438.2392857142	24625.222222222223	720522.5555555555	1794.0
11	30	999	Statewide	61	Educational services	30	61	0500000US300010500000US300010500000US300030500000US300050500000US300050500000US300090500000US300090500000US300130500000US300130500000US300150500000US300150500000US300170500000US300170500000US300210500000US300230500000US300230500000US300270500000US300270500000US300290500000US300290500000US300310500000US300310500000US300350500000US300350500000US300410500000US300410500000US300430500000US300430500000US300470500000US300470500000US300490500000US300490500000US300530500000US300530500000US300550500000US300570500000US300570500000US300590500000US300590500000US300610500000US300630500000US300630500000US300670500000US300670500000US300710500000US300710500000US300730500000US300770500000US300770500000US300810500000US300810500000US300830500000US300830500000US300850500000US300850500000US300870500000US300870500000US300890500000US300890500000US300910500000US300910500000US300930500000US300930500000US300950500000US300950500000US300990500000US301070500000US301110500000US30111	744.1666666666666	8920.583333333334	188533.91666666663	6261.666666666667	143181.66666666666	381.1111111111111
12	30	999	Statewide	62	Health care and social assistance	30	62	0500000US300010500000US300010500000US300030500000US300030500000US300050500000US300050500000US300070500000US300070500000US300090500000US300090500000US300110500000US300110500000US300130500000US300130500000US300150500000US300150500000US300170500000US300170500000US300190500000US300190500000US300210500000US300210500000US300230500000US300230500000US300250500000US300250500000US300270500000US300270500000US300290500000US300290500000US300310500000US300310500000US300330500000US300330500000US300350500000US300350500000US300370500000US300370500000US300390500000US300390500000US300410500000US300410500000US300430500000US300430500000US300450500000US300450500000US300470500000US300470500000US300490500000US300490500000US300510500000US300510500000US300530500000US300530500000US300550500000US300550500000US300570500000US300570500000US300590500000US300590500000US300610500000US300610500000US300630500000US300630500000US300650500000US300650500000US300670500000US300670500000US300690500000US300690500000US300710500000US300710500000US300730500000US300730500000US300750500000US300750500000US300770500000US300770500000US300790500000US300790500000US300810500000US300810500000US300830500000US300830500000US300850500000US300850500000US300870500000US300870500000US300890500000US300890500000US300910500000US300910500000US300930500000US300930500000US300950500000US300950500000US300970500000US300970500000US300990500000US300990500000US301010500000US301010500000US301030500000US301030500000US301050500000US301050500000US301070500000US301070500000US301090500000US301090500000US301110500000US30111	7217.375	128446.325	5420091.375	69741.66666666667	3014202.6666666665	3636.777777777778
13	30	999	Statewide	71	Arts, entertainment, and recreation	30	71	0500000US300010500000US300010500000US300030500000US300030500000US300050500000US300050500000US300070500000US300070500000US300090500000US300090500000US300110500000US300110500000US300130500000US300130500000US300150500000US300150500000US300170500000US300170500000US300190500000US300190500000US300210500000US300210500000US300230500000US300230500000US300250500000US300250500000US300270500000US300270500000US300290500000US300290500000US300310500000US300310500000US300330500000US300330500000US300350500000US300350500000US300390500000US300390500000US300410500000US300410500000US300430500000US300430500000US300450500000US300450500000US300470500000US300470500000US300490500000US300490500000US300510500000US300510500000US300530500000US300530500000US300550500000US300550500000US300570500000US300570500000US300590500000US300590500000US300610500000US300610500000US300630500000US300630500000US300650500000US300650500000US300670500000US300670500000US300710500000US300710500000US300730500000US300730500000US300750500000US300750500000US300770500000US300770500000US300810500000US300810500000US300830500000US300830500000US300850500000US300850500000US300870500000US300870500000US300890500000US300890500000US300910500000US300910500000US300930500000US300930500000US300950500000US300950500000US300970500000US300970500000US300990500000US300990500000US301010500000US301010500000US301030500000US301030500000US301050500000US301050500000US301070500000US301070500000US301090500000US301110500000US30111	2335.2083333333335	18462.775	320741.875	10219.777777777776	181646.11111111112	1196.111111111111
14	30	999	Statewide	72	Accommodation and food services	30	72	0500000US300010500000US300010500000US300030500000US300030500000US300050500000US300050500000US300070500000US300070500000US300090500000US300090500000US300110500000US300110500000US300130500000US300130500000US300150500000US300150500000US300170500000US300170500000US300190500000US300190500000US300210500000US300210500000US300230500000US300230500000US300250500000US300250500000US300270500000US300270500000US300290500000US300290500000US300310500000US300310500000US300330500000US300330500000US300350500000US300350500000US300370500000US300370500000US300390500000US300390500000US300410500000US300410500000US300430500000US300430500000US300450500000US300450500000US300470500000US300470500000US300490500000US300490500000US300510500000US300510500000US300530500000US300530500000US300550500000US300550500000US300570500000US300570500000US300590500000US300590500000US300610500000US300610500000US300630500000US300630500000US300650500000US300650500000US300670500000US300670500000US300690500000US300690500000US300710500000US300710500000US300730500000US300730500000US300750500000US300750500000US300770500000US300770500000US300790500000US300790500000US300810500000US300810500000US300830500000US300830500000US300850500000US300850500000US300870500000US300870500000US300890500000US300890500000US300910500000US300910500000US300930500000US300930500000US300950500000US300950500000US300970500000US300970500000US300990500000US300990500000US301010500000US301010500000US301030500000US301030500000US301050500000US301050500000US301070500000US301070500000US301090500000US301090500000US301110500000US30111	7009.458333333333	95730.91666666669	1546119.8333333333	49929.22222222222	846395.8888888889	3525.1111111111113
15	30	999	Statewide	81	Other services (except public administration)	30	81	0500000US300010500000US300010500000US300030500000US300030500000US300050500000US300050500000US300070500000US300070500000US300090500000US300090500000US300110500000US300110500000US300130500000US300130500000US300150500000US300150500000US300170500000US300170500000US300190500000US300190500000US300210500000US300210500000US300230500000US300230500000US300250500000US300250500000US300270500000US300270500000US300290500000US300290500000US300310500000US300310500000US300330500000US300330500000US300350500000US300350500000US300370500000US300370500000US300390500000US300390500000US300410500000US300410500000US300430500000US300430500000US300450500000US300450500000US300470500000US300470500000US300490500000US300490500000US300510500000US300510500000US300530500000US300530500000US300550500000US300550500000US300570500000US300570500000US300590500000US300590500000US300610500000US300610500000US300630500000US300630500000US300650500000US300650500000US300670500000US300670500000US300690500000US300690500000US300710500000US300710500000US300730500000US300730500000US300750500000US300750500000US300770500000US300770500000US300790500000US300790500000US300810500000US300810500000US300830500000US300830500000US300850500000US300850500000US300870500000US300870500000US300890500000US300890500000US300910500000US300910500000US300930500000US300930500000US300950500000US300950500000US300970500000US300970500000US300990500000US300990500000US301010500000US301010500000US301030500000US301030500000US301050500000US301050500000US301070500000US301070500000US301090500000US301110500000US30111	6369.589285714286	30899.125	847922.75	16262.222222222224	455174.6666666667	3215.8888888888887
16	30	999	Statewide	99	Industries not classified	30	99	0500000US300010500000US300050500000US300070500000US300090500000US300090500000US300130500000US300130500000US300250500000US300270500000US300270500000US300290500000US300290500000US300310500000US300310500000US300350500000US300350500000US300370500000US300370500000US300390500000US300410500000US300410500000US300430500000US300430500000US300450500000US300470500000US300470500000US300490500000US300490500000US300510500000US300530500000US300570500000US300590500000US300610500000US300630500000US300630500000US300650500000US300670500000US300710500000US300710500000US300770500000US300770500000US300810500000US300810500000US300830500000US300850500000US300850500000US300870500000US300890500000US300910500000US300910500000US300930500000US300930500000US300950500000US300970500000US300970500000US301050500000US301110500000US30111	118.93333333333334	42.852380952380955	1283.7345238095238	42.55555555555556	990.4444444444443	44.55555555555556
