Fips,Establishments,Employees,Payroll
01001,676,7787,30790
01003,4414,47673,206717
01005,292,2594,9300
01007,198,2598,29225
01009,495,4279,20374
01011,69,993,12759
01013,292,3244,14285
01015,1620,21459,106566
01017,391,3318,13071
01019,262,2509,10992
01021,547,4170,19066
01023,162,1254,8999
01025,402,3645,18510
01027,122,1085,10109
01029,114,906,12426
01031,696,7785,40959
01033,865,14196,83435
01035,132,1464,10058
01037,72,595,3794
01039,582,5904,30405
01041,152,1689,11179
01043,1223,14802,81657
01045,506,5889,26220
01047,460,4930,26942
01049,741,8314,47345
01051,923,9125,45084
01053,523,5453,28959
01055,1414,18989,145625
01057,170,1419,13618
01059,353,3557,17845
01061,282,2128,13833
01063,54,512,4653
01065,111,1069,7999
01067,206,2504,61122
01069,1983,30861,227921
01071,554,5151,29524
01073,12967,266348,1737434
01075,146,969,4557
01077,1445,17474,93661
01079,282,2340,11378
01081,2266,30082,136730
01083,1096,10728,54575
01085,54,434,4853
01087,140,3969,65919
01089,6916,137467,2020435
01091,297,3606,19677
01093,339,4007,23907
01095,1272,16032,80507
01097,6637,108554,536690
01099,273,2349,12729
01101,4290,75262,412056
01103,1916,25656,141621
01105,74,889,5680
01107,161,1510,12278
01109,449,6618,30089
01111,213,1774,9730
01113,604,6178,27900
01115,1010,11261,50722
01117,4339,68759,377030
01119,128,1422,11346
01121,853,10921,47963
01123,563,6198,35149
01125,3126,49135,278271
01127,874,9011,58224
01129,128,1194,9305
01131,105,801,4764
01133,272,3720,22086
02013,35,110,1828
02016,73,662,6939
02020,7336,117264,871591
02050,147,1152,26168
02060,58,137,3106
02068,74,732,20171
02070,56,814,35323
02090,2011,19702,198498
02100,98,368,2930
02105,39,131,1699
02110,882,8313,65565
02122,1746,10767,101961
02130,409,2905,19964
02150,351,2086,21808
02158,27,139,1382
02164,24,45,1220
02170,2036,15333,144116
02180,124,1583,63065
02185,99,4052,162117
02188,37,1269,55011
02195,119,501,5360
02198,118,586,4721
02220,266,1925,24708
02230,42,180,2446
02240,117,1067,38152
02261,356,1601,14845
02275,61,291,4496
02282,9,31,1202
02290,48,134,725
04001,318,4911,72473
04003,1651,19496,118790
04005,3030,40037,273042
04007,811,8242,62233
04009,400,5582,59655
04011,55,3361,189451
04012,219,2325,21669
04013,84239,1407390,7859746
04015,3070,30020,202228
04017,1437,14258,113437
04019,16875,249971,1455443
04021,3176,38126,216384
04023,704,7142,74194
04025,4991,46577,301091
04027,2431,33133,185246
05001,329,3174,19570
05003,254,2513,17231
05005,821,9140,109357
05007,5868,89325,1014493
05009,622,7265,47300
05011,186,1467,9060
05013,23,147,1905
05015,516,4430,16653
05017,142,1359,15059
05019,386,4088,19724
05021,198,1726,14576
05023,442,3272,15558
05025,36,398,2706
05027,375,4213,17405
05029,286,2668,17849
05031,1906,30015,273175
05033,790,7402,34325
05035,599,7334,32125
05037,267,2467,13558
05039,110,1116,11328
05041,200,1604,10471
05043,290,3072,18467
05045,2163,25351,124976
05047,200,1871,11154
05049,109,1129,11593
05051,2194,25547,162034
05053,199,1842,6438
05055,536,7759,51764
05057,264,2735,13276
05059,356,2941,16836
05061,184,2262,18273
05063,549,8308,77886
05065,143,1182,11188
05067,215,1881,18245
05069,899,11926,87766
05071,263,2273,19659
05073,66,431,2213
05075,178,2057,12322
05077,82,648,6602
05079,108,738,5704
05081,103,912,6074
05083,260,1858,13406
05085,842,7527,32055
05087,156,910,4502
05089,162,829,3497
05091,518,5565,18869
05093,520,5803,37584
05095,125,1122,7118
05097,97,619,4454
05099,82,605,5868
05101,45,419,3625
05103,352,3431,22557
05105,78,496,3246
05107,251,2458,15538
05109,130,1065,3784
05111,230,1951,12272
05113,288,2669,20672
05115,1182,14365,70120
05117,95,700,3983
05119,9933,167243,1266728
05121,196,2636,17576
05123,325,3401,27018
05125,1658,16445,86791
05127,100,858,7787
05129,61,594,4743
05131,2533,37925,257733
05133,181,2094,12370
05135,223,1737,14799
05137,160,1332,11468
05139,779,10028,69202
05141,211,2087,10886
05143,4623,62151,384224
05145,1139,14555,92786
05147,79,503,5274
05149,219,2217,19038
06001,33990,535395,4520042
06003,33,507,2719
06005,630,5942,49601
06007,3721,48259,366489
06009,714,4794,27496
06011,245,2438,19393
06013,21393,276672,2186620
06015,316,3025,34151
06017,3955,40471,242133
06019,13719,203691,1221550
06021,339,3190,26424
06023,2429,25878,153448
06025,1832,20756,122834
06027,374,3890,34008
06029,10345,147354,790940
06031,1274,16202,126915
06033,868,7248,61849
06035,321,2753,20995
06037,242668,3001855,18656179
06039,1549,19800,197885
06041,8791,84862,645947
06043,255,2142,14319
06045,1841,16065,94224
06047,2394,27567,166632
06049,118,893,9659
06051,549,5950,66181
06053,6994,89159,515478
06055,3242,43992,308491
06057,2597,21879,125800
06059,85896,1221006,7233116
06061,9622,130733,872127
06063,499,2861,22465
06065,33130,432908,2403962
06067,25816,403920,3047501
06069,825,7876,52507
06071,28801,408182,2682507
06073,74715,1051024,7869012
06075,30487,651397,10718163
06077,9026,125884,795576
06079,6932,74345,415897
06081,18292,330919,8759310
06083,9790,120894,741048
06085,41820,946760,17876328
06087,5768,63042,380997
06089,3559,38236,261661
06091,51,179,1788
06093,833,5853,38423
06095,5736,82575,734649
06097,11426,126133,855865
06099,7110,95564,766704
06101,1397,15841,91114
06103,730,7648,54102
06105,179,990,7437
06107,5019,63690,391035
06109,1008,9523,71221
06111,17963,194923,1268897
06113,3424,49394,283141
06115,628,9796,89895
08001,8345,131064,944268
08003,374,4354,42409
08005,16835,254762,1773846
08007,406,2887,13743
08009,58,407,6232
08011,29,209,2452
08013,11191,122895,1192992
08014,1905,36801,458266
08015,794,4978,26833
08017,42,526,8741
08019,262,2636,18973
08021,65,405,4955
08023,22,99,548
08025,16,124,1827
08027,109,340,1794
08029,661,4759,30024
08031,23152,391672,2507672
08033,40,160,1225
08035,8719,94477,575004
08037,3039,27045,153635
08039,559,2317,28777
08041,15376,207238,1181085
08043,715,5971,43645
08045,2148,17276,111228
08047,108,3863,63530
08049,740,7575,32033
08051,983,5427,29463
08053,39,90,791
08055,111,843,10460
08057,39,185,1664
08059,15204,162950,960803
08061,15,176,3271
08063,212,1450,8423
08065,174,1146,4516
08067,2019,18174,119404
08069,9456,97745,566509
08071,283,2263,17670
08073,103,982,6324
08075,413,3433,22872
08077,3664,41359,283749
08079,45,130,1891
08081,296,2511,17689
08083,578,4670,28985
08085,1065,8778,67630
08087,545,5580,31271
08089,306,2993,24615
08091,255,1006,8201
08093,412,1328,9214
08095,98,807,8718
08097,1385,16205,96586
08099,243,1913,13792
08101,2518,39037,300820
08103,150,1410,25218
08105,285,1919,11186
08107,1530,12085,63193
08109,96,664,4667
08111,43,138,1305
08113,588,4749,27250
08115,43,319,2931
08117,1940,17674,98372
08119,672,5101,26061
08121,78,252,1217
08123,5347,67096,426605
08125,274,1905,13554
09001,22211,332183,3068112
09003,17946,346246,3138396
09005,3637,34292,249487
09007,3288,43498,399960
09009,15132,263457,2032298
09011,4556,72336,567480
09013,1853,18183,124958
09015,1546,17380,156454
10001,3329,39045,278892
10003,14032,224552,2035821
10005,4709,46947,311758
12001,5214,81153,773583
12003,301,3777,37573
12005,3829,43715,254597
12007,308,2278,11305
12009,11896,140961,853345
12011,54015,567451,2996173
12013,140,1140,11477
12015,3376,28424,203576
12017,2274,24356,224652
12019,3315,34533,209901
12021,11012,110224,598262
12023,1071,14299,118240
12027,369,3060,21310
12029,132,699,2770
12031,21592,357038,2083537
12033,5666,91240,555004
12035,1938,14818,69150
12037,222,1680,8889
12039,506,5803,50334
12041,203,1681,13027
12043,86,611,4179
12045,267,1437,5975
12047,105,617,3136
12049,308,3467,19130
12051,489,4617,24683
12053,2833,25717,211273
12055,1546,14823,130245
12057,33043,523502,3092012
12059,193,1272,9663
12061,3652,36021,210112
12063,581,5832,32242
12065,203,1007,3678
12067,61,389,2464
12069,6424,65572,411918
12071,16636,182146,1028723
12073,6666,84167,495650
12075,587,3725,17843
12077,50,451,6241
12079,222,1862,15713
12081,7945,79117,368312
12083,5898,59323,332907
12085,4750,47478,306520
12086,73745,756596,4131574
12087,3020,25254,223514
12089,1586,14634,78780
12091,4562,46893,281663
12093,641,5007,30526
12095,33925,636246,2805283
12097,5720,69401,332504
12099,43808,445268,2357598
12101,8415,77939,514751
12103,24683,315775,1960451
12105,9679,136800,681890
12107,957,7938,47700
12109,5911,51927,248805
12111,5246,48831,272940
12113,2529,22792,110977
12115,12209,113790,711915
12117,11929,148866,755248
12119,1373,21790,127790
12121,503,4672,23242
12123,284,2055,10474
12125,83,871,7030
12127,10805,117813,577395
12129,361,2248,9016
12131,2228,17722,108462
12133,326,3223,14372
13001,267,3796,51101
13003,42,570,5962
13005,154,2001,10777
13007,15,111,1798
13009,598,9392,91410
13011,214,2222,11681
13013,1032,11784,64655
13015,1649,19935,86754
13017,181,1923,9835
13019,173,1125,5408
13021,3152,57472,405474
13023,122,1200,4467
13025,130,758,3822
13027,157,1548,10838
13029,575,4890,20051
13031,1157,12455,66733
13033,265,10093,350986
13035,262,2483,13384
13037,40,303,3087
13039,660,6974,39111
13043,151,1557,8788
13045,1650,22313,134911
13047,687,6987,30550
13049,103,1136,11128
13051,6224,96789,480838
13053,87,1432,21530
13055,218,1868,8948
13057,4879,42447,206965
13059,2483,34998,263218
13061,18,179,5331
13063,2688,42094,201967
13065,88,823,4161
13067,18192,287710,1802392
13069,555,7014,45628
13071,626,6571,54806
13073,2163,22364,89830
13075,199,1834,7768
13077,2135,24744,122919
13079,80,343,1855
13081,331,4396,27557
13083,138,1716,13931
13085,513,4283,19295
13087,420,3939,19951
13089,14676,221136,1387070
13091,210,2063,17778
13093,97,773,3411
13095,1656,26349,181640
13097,2081,24857,128707
13099,134,1619,7085
13101,14,64,1690
13103,609,4750,26334
13105,272,1997,8303
13107,244,2397,14895
13109,134,1609,7593
13111,480,3524,19637
13113,3045,32669,179709
13115,1500,24001,188440
13117,5938,58071,329664
13119,302,3159,14146
13121,33845,684841,5679444
13123,439,3357,12674
13125,12,98,2214
13127,2012,22616,145492
13129,692,10384,62548
13131,310,2331,9901
13133,355,4260,35097
13135,21150,261534,1414643
13137,651,6257,23954
13139,3579,49503,383043
13141,28,302,2992
13143,324,2806,17580
13145,375,2539,8751
13147,308,2363,8507
13149,77,580,8216
13151,3186,36961,194002
13153,2009,28546,162214
13155,80,999,8140
13157,1009,11166,57669
13159,142,858,4515
13161,130,1588,7190
13163,201,1834,6913
13165,70,813,5404
13167,80,494,3369
13169,262,1953,9155
13171,193,1844,7580
13173,63,494,4306
13175,770,10115,73584
13177,314,3311,30944
13179,634,7917,48520
13181,110,578,2576
13183,68,327,1350
13185,2112,28617,159798
13187,421,3623,20064
13189,289,2953,15708
13191,119,804,4057
13193,112,958,7260
13195,286,1780,8285
13197,47,707,10865
13199,185,1973,19858
13201,95,1085,16218
13205,241,1920,9823
13207,406,4116,22890
13209,63,516,4258
13211,395,3676,16230
13213,240,2928,22179
13215,3399,64380,477280
13217,1107,12114,77040
13219,1074,9637,46969
13221,133,926,4407
13223,1738,14959,80283
13225,327,3344,14216
13227,573,4664,34634
13229,230,1972,9537
13231,213,1544,9755
13233,416,4583,25395
13235,123,1609,22967
13237,337,2764,11204
13239,13,42,525
13241,397,3267,16114
13243,90,760,5904
13245,3266,66921,700495
13247,1665,21059,121582
13249,41,226,1733
13251,148,953,5029
13253,109,1137,10022
13255,836,11321,85201
13257,364,4266,22100
13259,36,619,13371
13261,418,5700,59505
13263,42,411,5202
13265,3,4,69
13267,215,3073,18741
13269,79,597,4431
13271,110,1180,7870
13273,111,870,3272
13275,847,12135,91817
13277,767,12049,90732
13279,467,5816,40556
13281,217,1856,12016
13283,41,260,1993
13285,1030,16617,80762
13287,102,811,3556
13289,45,371,3272
13291,451,4044,34182
13293,320,3234,34338
13295,478,5063,17317
13297,1436,11384,55607
13299,617,7304,53003
13301,46,313,2818
13303,243,3209,22752
13305,426,3814,24694
13307,14,62,793
13309,20,129,5520
13311,477,4578,21568
13313,1465,25803,145782
13315,53,709,6239
13317,117,999,5636
13319,87,1335,20811
13321,194,1747,9609
15001,3264,41036,227296
15003,17495,284334,1494161
15007,1656,21075,113874
15009,3745,52751,350271
16001,12923,172713,1011915
16003,78,267,1314
16005,1774,18265,117269
16007,89,705,7768
16009,185,1063,6902
16011,710,7124,49284
16013,1315,10175,55810
16015,141,566,2570
16017,1392,9129,37639
16019,2996,44173,387961
16021,303,1669,10702
16023,35,233,3629
16025,21,83,681
16027,3996,38960,200908
16029,128,773,6826
16031,508,4782,23581
16033,3,6,353
16035,176,1255,12825
16037,141,523,3512
16039,342,2581,15112
16041,243,1461,8438
16043,235,1320,8864
16045,332,2215,16815
16047,249,1742,16204
16049,366,2224,19809
16051,435,2790,17873
16053,378,3168,15305
16055,4408,42855,265267
16057,777,7130,29717
16059,231,1475,11273
16061,74,398,2038
16063,56,293,2301
16065,729,16205,103786
16067,329,3316,27270
16069,869,10073,60562
16071,56,399,3843
16073,166,1610,8974
16075,439,3591,18702
16077,123,968,5176
16079,256,2824,17703
16081,483,2260,17360
16083,2160,21812,119748
16085,576,3656,20949
16087,161,1116,6628
17001,1345,20256,161230
17003,52,367,2891
17005,235,2342,9933
17007,593,5076,22951
17009,76,2663,90381
17011,530,5663,48949
17013,46,311,1466
17015,258,1806,10740
17017,168,1785,11618
17019,3368,51239,396731
17021,531,5054,27092
17023,258,2071,8755
17025,251,1878,13121
17027,648,5969,32494
17029,866,13681,103559
17031,107191,1900926,14340315
17033,323,3242,15478
17035,129,878,6143
17037,1526,17204,107638
17039,264,3024,28564
17041,351,2757,13421
17043,26897,444653,2841688
17045,230,2798,26194
17047,100,542,4230
17049,924,21576,229724
17051,358,3081,14002
17053,247,2807,33425
17055,503,4476,19202
17057,452,4345,34641
17059,46,275,1775
17061,143,1120,6459
17063,891,9666,67472
17065,135,1006,7063
17067,267,1861,11757
17069,34,421,7576
17071,78,508,3884
17073,766,6586,39619
17075,494,3961,29187
17077,949,11264,91497
17079,157,1077,5994
17081,692,9116,86784
17083,307,3469,16579
17085,472,3809,17943
17087,115,921,3747
17089,10057,129991,687227
17091,1704,23642,156131
17093,1753,13708,52938
17095,738,9504,55044
17097,16066,237035,2213984
17099,1883,22060,90886
17101,182,1881,9557
17103,534,5507,43723
17105,608,6187,34870
17107,430,4727,26267
17109,488,5237,35890
17111,6306,56826,346633
17113,2758,57588,768284
17115,1779,29425,184022
17117,628,5594,24293
17119,4376,57144,294977
17121,653,6364,53800
17123,172,1261,7621
17125,187,1456,12492
17127,164,2104,18355
17129,141,678,3252
17131,194,1294,6751
17133,676,6435,23723
17135,496,4823,24753
17137,577,8527,44329
17139,227,2170,13388
17141,760,6946,38722
17143,3369,81727,856680
17145,303,2989,21746
17147,251,1625,10001
17149,258,2090,13891
17151,36,161,947
17153,55,331,2097
17155,89,497,8437
17157,485,6198,42608
17159,328,3087,19794
17161,2438,42367,299216
17163,3927,50402,293580
17165,394,4751,41916
17167,3939,65287,532995
17169,119,848,6708
17171,58,308,2837
17173,311,2444,10482
17175,71,501,5214
17177,764,10421,83974
17179,2141,25920,109819
17181,266,2177,20659
17183,985,14181,134124
17185,196,2357,18226
17187,269,2281,11022
17189,278,2902,21347
17191,261,2229,17408
17193,250,2132,11248
17195,844,9612,58942
17197,12073,162544,839445
17199,1208,15783,156776
17201,4531,70607,468625
17203,562,5201,26268
18001,498,5075,27786
18003,7343,125141,821312
18005,1386,26959,178292
18007,106,633,3596
18009,165,1274,10422
18011,1299,15537,79326
18013,245,1585,7538
18015,275,1892,7189
18017,466,6550,49248
18019,1849,27716,147975
18021,329,2661,15784
18023,427,3947,20408
18025,91,655,4801
18027,638,6631,37706
18029,699,8202,50629
18031,421,5154,27995
18033,697,7569,35776
18035,1810,30275,212048
18037,901,13428,104180
18039,3279,47276,275579
18041,284,2849,21545
18043,1519,19567,147213
18045,213,1405,5728
18047,318,3200,18574
18049,299,2376,14158
18051,487,6302,25396
18053,929,18116,114996
18055,394,2957,17660
18057,8281,131775,848975
18059,1172,14407,114860
18061,498,5861,41336
18063,2721,40789,245496
18065,612,6787,46492
18067,1332,17008,107414
18069,610,6907,29414
18071,715,9175,54823
18073,519,4517,19898
18075,304,2411,11412
18077,477,6358,40280
18079,291,2847,26104
18081,2544,31616,168143
18083,627,9656,69916
18085,1451,20547,172874
18087,534,4332,20488
18089,7737,117241,815773
18091,1591,20899,120368
18093,636,6639,48827
18095,1741,23319,123738
18097,19011,406656,2589964
18099,738,9306,44506
18101,137,1287,27494
18103,402,3338,17780
18105,2522,37938,216827
18107,615,6158,32237
18109,918,8344,39809
18111,164,1227,6698
18113,582,5983,26270
18115,62,768,7676
18117,267,4655,76773
18119,217,1548,7386
18121,187,1243,5106
18123,236,2513,17997
18125,137,1407,11423
18127,2833,35446,180073
18129,387,3239,14138
18131,215,1714,14095
18133,563,6847,36291
18135,322,2843,15920
18137,466,5467,35296
18139,264,2474,15069
18141,4471,87371,465656
18143,284,3445,21141
18145,687,8153,47705
18147,295,2508,10433
18149,205,1535,7779
18151,646,6588,25380
18153,234,2277,11146
18155,90,1178,15479
18157,2908,42885,267112
18159,226,1922,12646
18161,70,411,1582
18163,3936,76739,473206
18165,182,2446,29018
18167,1808,28177,210957
18169,532,6708,32989
18171,87,598,6108
18173,985,11162,118808
18175,323,2021,11394
18177,1040,15616,134536
18179,464,5422,41310
18181,404,3210,13501
18183,494,4991,24132
19001,154,1076,5720
19003,64,486,6141
19005,271,2156,16002
19007,201,1983,17507
19009,126,891,6739
19011,380,2709,17641
19013,2391,39078,235312
19015,462,4689,32525
19017,454,6331,44592
19019,348,2987,22108
19021,388,4233,22122
19023,238,1224,7872
19025,191,1357,14655
19027,608,6718,50026
19029,334,2996,19400
19031,330,2588,15089
19033,1072,12733,103226
19035,239,2169,20906
19037,266,1845,14023
19039,128,1542,10668
19041,426,4853,32252
19043,344,3285,24249
19045,814,9383,49474
19047,289,2617,20924
19049,1844,31131,680502
19051,122,913,10559
19053,95,765,8043
19055,365,3101,26082
19057,808,10522,74043
19059,591,4172,22141
19061,2075,34778,190753
19063,194,1630,13429
19065,394,3769,18467
19067,284,2698,24570
19069,224,1791,9979
19071,120,802,6788
19073,193,1970,13957
19075,206,2203,21985
19077,242,1514,8069
19079,283,2863,27068
19081,222,2288,18087
19083,387,3181,18668
19085,257,2159,18825
19087,356,3125,18426
19089,174,1342,9145
19091,190,1599,10378
19093,171,1226,10355
19095,312,2454,16775
19097,373,2408,11537
19099,592,5087,26816
19101,528,5250,29691
19103,2714,48449,491490
19105,370,2609,15956
19107,153,1016,7715
19109,401,3145,17966
19111,621,8061,50120
19113,4621,79724,430776
19115,154,1170,6739
19117,123,973,10320
19119,268,2426,12824
19121,331,1906,11336
19123,400,3862,18366
19125,642,6776,41674
19127,595,6521,37854
19129,214,1266,6513
19131,216,1882,11368
19133,158,1365,12422
19135,133,1007,7701
19137,219,1951,16755
19139,704,10050,57431
19141,350,3441,22566
19143,122,1267,9008
19145,298,3065,37049
19147,198,1806,13416
19149,484,5047,27507
19151,139,967,8723
19153,11203,218459,1434595
19155,1500,18676,112288
19157,431,6277,48411
19159,101,802,7282
19161,227,1373,12001
19163,3535,58742,278997
19165,285,2591,14534
19167,948,11953,63567
19169,1693,21273,124975
19171,216,2213,16031
19173,94,472,2636
19175,240,2589,20503
19177,91,563,5421
19179,514,7408,43235
19181,792,6556,24748
19183,513,4721,30644
19185,99,776,10938
19187,750,8990,59201
19189,218,2234,8666
19191,446,6119,29961
19193,2026,31532,210579
19195,140,1211,6214
19197,278,2201,20555
20001,248,1938,10875
20003,129,920,7004
20005,266,3490,18841
20007,133,736,5143
20009,744,7393,57288
20011,254,2242,9979
20013,189,2019,13390
20015,1057,9437,48429
20017,34,145,1106
20019,37,276,2424
20021,233,3067,25837
20023,79,459,5228
20025,45,334,5747
20027,188,1322,7586
20029,214,1818,9576
20031,143,2161,59864
20033,38,248,3728
20035,513,5605,32581
20037,725,9969,48760
20039,69,465,2913
20041,323,2585,15863
20043,93,584,3485
20045,2250,26286,134642
20047,46,298,3714
20049,32,187,1652
20051,859,8873,63222
20053,118,832,3949
20055,712,7733,32624
20057,591,6884,29579
20059,407,4937,28273
20061,430,5191,28820
20063,88,680,4020
20065,57,372,3881
20067,159,1476,7845
20069,174,1128,7927
20071,26,226,4048
20073,113,741,6077
20075,50,385,3368
20077,133,900,7716
20079,567,7795,58976
20081,80,561,5277
20083,28,162,2157
20085,194,2350,16647
20087,234,1507,10072
20089,52,252,1911
20091,15506,262579,1725311
20093,51,545,8490
20095,165,1111,6883
20097,57,439,4289
20099,301,3961,61547
20101,39,191,1590
20103,1016,10388,69649
20105,64,449,2542
20107,136,886,13288
20109,80,570,4635
20111,622,6534,32197
20113,676,7771,39224
20115,209,1926,9760
20117,261,1919,9617
20119,94,610,4592
20121,620,5310,45821
20123,165,1660,10759
20125,531,6125,44191
20127,96,812,6764
20129,54,465,3478
20131,254,2409,14366
20133,305,2935,20864
20135,99,716,6254
20137,131,1102,9560
20139,188,1017,5793
20141,94,631,3841
20143,108,664,5037
20145,99,1581,34208
20147,161,968,5950
20149,509,5840,30284
20151,291,2460,14493
20153,64,513,5692
20155,1173,14220,82759
20157,113,780,5706
20159,186,1316,5144
20161,1337,15923,66907
20163,123,849,5941
20165,63,423,2897
20167,188,1194,5941
20169,1106,15502,96697
20171,147,1153,11037
20173,9780,150653,783634
20175,396,3889,20911
20177,3261,55426,459262
20179,75,538,5435
20181,193,1373,8102
20183,90,587,5632
20185,89,439,3191
20187,38,336,3795
20189,96,741,4921
20191,344,2479,13585
20193,236,1981,13354
20195,74,483,4009
20197,95,547,2377
20199,27,133,764
20201,140,874,6147
20203,55,315,2942
20205,145,2146,34965
20207,54,304,2278
20209,2226,44775,400575
21001,216,1891,10532
21003,157,1533,7901
21005,250,1709,7491
21007,94,575,3714
21009,586,8421,45752
21011,86,858,6239
21013,318,3783,27155
21015,2240,47693,264738
21017,272,2715,17246
21019,915,15674,193400
21021,584,8666,65566
21023,62,392,2345
21025,104,1419,15914
21027,200,1684,10020
21029,876,9868,56645
21031,124,842,4541
21033,186,1758,9352
21035,639,6788,33556
21037,1317,17535,81208
21039,65,503,4031
21041,149,1991,11596
21043,269,3267,11424
21045,130,1336,10992
21047,902,12518,72846
21049,554,8051,40269
21051,150,1769,24635
21053,113,1039,8540
21055,100,880,5316
21057,56,686,9376
21059,1747,28747,179389
21061,74,555,4600
21063,23,243,3205
21065,122,1102,8675
21067,7288,129666,832033
21069,146,1117,8325
21071,509,6161,61296
21073,946,10879,55735
21075,73,581,2832
21077,48,534,5637
21079,168,949,7077
21081,256,2051,12922
21083,479,4906,28676
21085,286,3524,19522
21087,120,979,11505
21089,333,3448,19133
21091,78,592,2199
21093,1645,25281,187643
21095,259,3219,29417
21097,199,2330,24678
21099,169,1118,6916
21101,728,7799,39671
21103,155,1166,5094
21105,40,361,3311
21107,671,8470,61897
21109,53,478,5075
21111,16036,309998,1858412
21113,944,11936,42500
21115,248,2350,13723
21117,2566,45248,329729
21119,98,1021,6236
21121,293,5820,25799
21123,136,1224,17768
21125,817,13568,58953
21127,133,1653,16823
21129,61,960,10319
21131,56,660,7298
21133,196,2005,25338
21135,64,643,6260
21137,204,1606,10438
21139,96,1400,10592
21141,320,2685,10964
21143,117,976,5552
21145,1523,23012,167859
21147,89,762,4197
21149,108,797,4371
21151,1302,15830,76872
21153,89,743,6664
21155,230,3288,23336
21157,482,5013,25677
21159,84,746,4120
21161,300,4126,26658
21163,256,2156,8548
21165,18,194,5242
21167,267,1939,8147
21169,75,390,1922
21171,116,1215,12254
21173,372,3602,20311
21175,86,1033,7429
21177,356,3902,27744
21179,702,6864,39076
21181,52,268,2658
21183,260,2691,20815
21185,1119,10985,73059
21187,92,704,3616
21189,22,260,7822
21191,123,860,4671
21193,378,7063,76815
21195,789,12259,127712
21197,106,793,4218
21199,975,12802,101894
21201,8,127,2051
21203,136,2294,26832
21205,351,4572,47405
21207,216,2763,19040
21209,756,8441,39741
21211,766,7419,33097
21213,263,3108,12514
21215,180,968,4844
21217,455,6518,33950
21219,103,694,3233
21221,144,1304,5663
21223,49,525,10445
21225,178,2952,29752
21227,2148,35469,193554
21229,172,1460,11566
21231,179,2277,11780
21233,127,913,7220
21235,429,7953,60322
21237,50,428,5573
21239,456,4453,17525
22001,849,8128,34541
22003,217,2086,12900
22005,1868,29127,246896
22007,156,1475,18260
22009,491,6240,39846
22011,449,4391,23140
22013,152,1764,17099
22015,1946,26132,122046
22017,4920,75860,682822
22019,3563,57172,310316
22021,122,1205,15274
22023,92,800,10178
22025,128,1046,6113
22027,158,1653,13202
22029,258,2470,13564
22031,321,3188,30889
22033,10052,203999,1362431
22035,69,806,6038
22037,166,2625,48197
22039,380,4207,56915
22041,287,2595,14004
22043,128,693,4097
22045,1113,14673,71669
22047,374,5300,42572
22049,160,1539,15321
22051,9274,134718,789731
22053,458,4369,27667
22055,6989,100719,606940
22057,1231,17036,118046
22059,285,2886,16821
22061,865,11478,51479
22063,1488,17004,97810
22065,136,1863,18080
22067,327,4040,31570
22069,624,6899,30422
22071,8109,155733,816483
22073,3326,45198,244003
22075,445,4710,25559
22077,239,2460,16712
22079,2454,34970,316851
22081,85,1079,9346
22083,319,3858,32214
22085,348,2187,12465
22087,491,4037,17849
22089,724,12229,74962
22091,76,630,9560
22093,194,2122,10378
22095,538,12223,158853
22097,1146,14358,115805
22099,666,7230,30051
22101,796,12649,69512
22103,5438,61989,392886
22105,1889,26781,166381
22107,34,231,2261
22109,1997,31856,173475
22111,257,2263,12529
22113,707,6356,38264
22115,510,5535,38396
22117,413,5130,33400
22119,541,6344,46609
22121,370,6319,51441
22123,126,1105,10223
22125,148,2707,47586
22127,202,2472,21137
23001,2131,30823,229164
23003,1322,12569,136265
23005,9682,135777,974535
23007,651,6140,37631
23009,1824,12217,80236
23011,2519,36812,314186
23013,1393,9827,64124
23015,1069,6313,39530
23017,998,8985,56848
23019,3081,41625,379146
23021,318,2513,28954
23023,790,6074,31332
23025,847,7337,53656
23027,731,6609,42080
23029,574,4159,34932
23031,4451,37846,260044
24001,1106,15789,125820
24003,11880,184225,1539395
24005,16574,264566,1640069
24009,1426,15299,100765
24011,454,4059,20286
24013,3447,37365,229742
24015,1364,15611,100745
24017,2081,24297,126051
24019,501,5264,35607
24021,5239,69052,415683
24023,658,7453,30989
24025,4591,53177,375707
24027,8363,154547,1821895
24029,455,4808,22404
24031,24356,394512,3561588
24033,12752,215325,1347191
24035,1068,8344,42168
24037,1605,28205,497937
24039,257,3151,29269
24041,1170,13602,89949
24043,2577,38516,242532
24045,1924,25780,202236
24047,1700,15576,116556
24510,9822,260107,2451771
25001,6884,56768,416544
25003,2943,38160,272970
25005,9837,135744,988913
25007,891,4265,36958
25009,15391,208918,1489113
25011,1156,12351,69072
25013,7086,126454,1003545
25015,2795,39104,262355
25017,37344,771937,7938169
25019,968,3756,40937
25021,16821,263026,1637983
25023,10197,132381,853242
25025,18767,597752,7607923
25027,14576,227337,1668553
26001,126,616,2967
26003,169,936,5676
26005,1787,20941,97952
26007,581,6495,57505
26009,409,2453,14218
26011,205,1829,11684
26013,112,890,5412
26015,703,6001,25002
26017,1518,19484,121731
26019,347,2370,16580
26021,2582,35258,208193
26023,562,5999,30388
26025,1756,29326,243021
26027,539,4162,18387
26029,612,5210,33231
26031,564,2920,17034
26033,571,5993,41637
26035,395,3357,21353
26037,1053,11348,52396
26039,208,2027,26260
26041,693,6998,33302
26043,589,7770,89866
26045,1644,23584,136123
26047,1201,11300,78222
26049,5799,85766,561906
26051,285,2437,12609
26053,254,2357,13594
26055,2595,32295,228111
26057,497,6876,46916
26059,516,5352,27921
26061,670,6417,37111
26063,652,5384,33744
26065,4943,87340,542907
26067,624,5502,27227
26069,439,3118,17693
26071,254,1553,7066
26073,1038,18330,96332
26075,2175,34512,265264
26077,4298,76153,489192
26079,239,2472,21291
26081,13159,255419,1389711
26083,36,234,1992
26085,102,675,4909
26087,1285,10965,57508
26089,576,3462,19407
26091,1329,13157,53295
26093,3473,36897,160339
26095,116,960,8786
26097,313,1675,21742
26099,13817,191863,1450730
26101,411,3719,25831
26103,1269,16377,108652
26105,550,5300,24429
26107,505,4927,24835
26109,300,2422,7081
26111,1419,26513,220411
26113,200,1274,6305
26115,1707,22304,107085
26117,719,7583,55763
26119,141,873,5112
26121,2220,29493,225491
26123,619,6250,33576
26125,32086,582385,4311670
26127,325,2456,13322
26129,391,3549,25473
26131,115,539,3366
26133,312,3152,25897
26135,126,972,6850
26137,599,5627,34343
26139,4856,61197,263977
26141,225,1372,6558
26143,397,2421,12046
26145,3049,53258,403899
26147,2201,23623,156106
26149,771,7055,32517
26151,555,3937,22903
26153,147,1186,10088
26155,822,8771,55940
26157,582,6067,58870
26159,899,10107,73460
26161,6680,119781,1258506
26163,23362,463514,3099063
26165,634,7002,36784
27001,299,2208,22701
27003,6234,81557,481631
27005,713,5910,46799
27007,943,10997,85830
27009,692,9431,79199
27011,137,1100,11713
27013,1482,23802,153939
27015,594,7461,45391
27017,514,4685,44465
27019,2116,26294,142808
27021,647,5101,27881
27023,283,3123,24634
27025,975,9577,99372
27027,1055,13578,72572
27029,134,1346,19255
27031,210,1553,11926
27033,263,2003,13587
27035,1660,18946,140499
27037,8650,126275,656486
27039,312,2378,19200
27041,1000,10823,84731
27043,278,2041,14113
27045,414,2925,14335
27047,544,6128,46867
27049,923,12472,77639
27051,151,1036,8217
27053,34305,730622,5720186
27055,309,2885,16604
27057,429,2532,20028
27059,692,5905,46022
27061,891,9630,67438
27063,221,2024,8004
27065,228,2183,34524
27067,1076,13022,104249
27069,91,696,6364
27071,265,2183,13520
27073,143,1230,11789
27075,229,1916,10882
27077,121,916,5960
27079,544,3205,16490
27081,124,929,9440
27083,633,7922,53826
27085,686,7255,56454
27087,61,1394,19019
27089,194,963,6392
27091,463,4632,37681
27093,407,3331,24070
27095,534,6838,53690
27097,663,5176,34859
27099,628,8187,64570
27101,202,1417,8687
27103,518,8495,63308
27105,414,4173,31050
27107,140,960,8343
27109,2916,85349,1849692
27111,1305,11555,78107
27113,255,6513,131141
27115,452,5406,29173
27117,225,1893,13458
27119,570,5356,49032
27121,290,2660,19867
27123,11127,246126,1770050
27125,55,340,1832
27127,400,3921,23162
27129,323,2195,18441
27131,1186,16949,87305
27133,206,2034,15691
27135,285,2375,15530
27137,4180,67678,563062
27139,2836,34131,196994
27141,1683,13914,81128
27143,262,1643,10426
27145,3334,56670,432367
27147,738,10739,98593
27149,223,2495,25821
27151,216,1796,9558
27153,366,3171,41689
27155,75,442,6766
27157,419,2896,16110
27159,274,2667,22770
27161,332,2465,14568
27163,5039,55161,289041
27165,213,1839,10396
27167,101,1330,11559
27169,835,13966,67723
27171,2703,24316,163327
27173,228,3238,40957
28001,575,6699,31776
28003,550,7510,44337
28005,114,730,4827
28007,246,2787,25690
28009,33,357,4189
28011,503,4851,30258
28013,149,854,3171
28015,74,380,3884
28017,176,1347,6112
28019,73,671,10929
28021,72,1877,65762
28023,144,1233,6625
28025,239,2386,12900
28027,374,3678,26037
28029,303,2385,13469
28031,194,1688,12494
28033,2140,34848,154875
28035,1243,23804,212898
28037,77,762,8348
28039,220,2191,17074
28041,79,608,7241
28043,378,4048,24346
28045,541,5927,42318
28047,3213,59463,441453
28049,4079,80821,937099
28051,160,1187,12386
28053,88,575,3915
28055,3,18,916
28057,231,2178,12266
28059,1753,22912,140867
28061,127,1365,7035
28063,40,387,6174
28065,78,859,13749
28067,942,11537,66044
28069,75,753,13445
28071,1039,12960,81609
28073,1096,13945,70970
28075,1350,21537,165383
28077,116,822,5940
28079,216,2410,19938
28081,1783,29675,206744
28083,470,8085,62746
28085,579,6612,36472
28087,1024,13057,72663
28089,2580,33869,142268
28091,400,5576,37845
28093,269,3511,13917
28095,405,4061,26297
28097,135,1300,10687
28099,339,9280,103887
28101,215,1754,11265
28103,107,765,5308
28105,700,9994,44522
28107,372,4461,22292
28109,596,5298,27259
28111,81,736,7148
28113,661,7296,33045
28115,306,3016,13575
28117,318,2457,13196
28119,65,411,2723
28121,2937,39499,238758
28123,296,2808,12088
28125,77,600,5763
28127,299,4054,39825
28129,101,735,4867
28131,185,1795,8129
28133,271,3342,30536
28135,116,1439,13917
28137,278,2557,12001
28139,244,2431,10634
28141,230,1894,9226
28143,122,4705,91768
28145,341,3962,24984
28147,138,1314,10024
28149,727,9328,57513
28151,775,9276,58323
28153,264,2423,12234
28155,102,1030,9109
28157,81,876,6276
28159,264,2606,10813
28161,97,1148,7620
28163,246,2687,17140
29001,441,5290,36968
29003,215,1250,6382
29005,131,804,5872
29007,374,3349,15715
29009,488,5535,46522
29011,167,1539,8728
29013,253,1943,13672
29015,275,1442,5929
29017,147,862,5094
29019,3856,60458,490375
29021,1683,24964,200859
29023,748,9342,100998
29025,108,621,4093
29027,542,7782,48871
29029,1087,10217,67585
29031,1762,27739,236519
29033,139,1121,8984
29035,94,649,3668
29037,1619,14679,74787
29039,211,1475,8648
29041,129,906,5019
29043,1466,10628,43785
29045,100,595,3340
29047,4260,78117,735546
29049,265,1965,19399
29051,1835,28323,154308
29053,294,2598,17959
29055,345,2831,17512
29057,89,583,6856
29059,206,1206,5170
29061,107,594,2738
29063,155,1512,7239
29065,223,2276,16632
29067,140,991,4128
29069,497,4613,25473
29071,1976,20589,111797
29073,266,2389,12744
29075,133,1037,13683
29077,6792,121018,719175
29079,177,1344,10561
29081,130,1137,5428
29083,403,4310,54832
29085,88,497,4175
29087,93,512,3093
29089,116,1468,10539
29091,777,8473,77520
29093,149,1449,12604
29095,14906,277122,1686952
29097,2032,24828,117704
29099,3099,28179,137781
29101,721,6504,44577
29103,59,278,1680
29105,499,4598,25420
29107,521,3976,20851
29109,481,3687,17472
29111,140,1040,3674
29113,706,5516,29820
29115,206,1668,8566
29117,284,2975,17658
29119,206,1296,5257
29121,259,2298,9793
29123,173,2263,17374
29125,84,520,2356
29127,598,7742,64329
29129,42,162,1305
29131,512,3736,13656
29133,137,1191,6974
29135,248,1700,9896
29137,117,615,3163
29139,164,1257,7212
29141,361,1838,7325
29143,286,2951,21614
29145,847,16139,170112
29147,360,3549,22614
29149,105,828,8006
29151,178,1219,5579
29153,107,509,2043
29155,242,2529,19716
29157,360,4198,26487
29159,744,10129,49614
29161,770,9369,71977
29163,288,2559,14419
29165,1985,30143,139643
29167,427,5806,60811
29169,501,6746,51173
29171,49,269,3460
29173,162,969,5677
29175,364,4033,22306
29177,247,1658,9303
29179,74,815,16083
29181,221,1387,11211
29183,7114,97148,482124
29185,108,713,6364
29186,294,3048,19102
29187,1075,12990,95686
29189,25975,492868,3090171
29195,340,3806,21665
29197,40,101,766
29199,81,529,6359
29201,745,8441,62185
29203,76,450,3213
29205,109,588,2401
29207,503,4200,29497
29209,551,4114,18932
29211,61,406,3978
29213,1376,19489,100382
29215,279,2246,14106
29217,336,3153,26520
29219,448,3828,19679
29221,235,1788,10101
29223,155,791,5601
29225,487,3533,13039
29227,29,70,483
29229,269,1871,7700
29510,7979,162807,937157
30001,322,2030,10443
30003,143,1430,22183
30005,89,623,9731
30007,123,456,1846
30009,354,1840,6735
30011,4,5,121
30013,1947,23098,163260
30015,106,531,3779
30017,310,2751,16677
30019,57,430,5890
30021,232,2028,15750
30023,246,2347,59624
30025,102,756,9355
30027,321,2401,15992
30029,3677,30347,172594
30031,5184,38175,216787
30033,7,30,239
30035,165,1293,13895
30037,3,7,46
30039,72,425,3812
30041,384,3674,26223
30043,263,1193,6756
30045,38,151,989
30047,677,4574,26244
30049,2048,20693,140980
30051,51,235,2250
30053,486,2756,17246
30055,32,171,1590
30057,321,1298,7704
30059,58,215,1734
30061,91,409,2832
30063,3764,39275,204382
30065,81,729,13453
30067,724,3786,22972
30071,98,666,3745
30073,126,810,4970
30075,48,117,572
30077,127,840,6381
30079,17,42,467
30081,1252,6922,38927
30083,392,3270,22529
30085,159,1203,8945
30087,140,1643,11991
30089,283,1710,10701
30091,128,673,3857
30093,902,9500,61453
30095,198,2019,76931
30097,134,506,2617
30099,164,864,3827
30101,125,981,5431
30103,4,6,194
30105,201,1772,13550
30107,34,189,2581
30109,9,40,364
30111,4578,53689,374777
31001,709,7961,58723
31003,166,1082,8545
31009,3,5,129
31011,127,975,7980
31013,226,1844,10335
31015,29,184,2090
31017,92,565,4149
31019,1320,14639,93977
31021,135,814,5140
31023,160,1088,9632
31025,448,2779,10424
31027,210,1211,5529
31029,113,799,7045
31031,153,947,6392
31033,183,1652,12128
31035,131,682,5809
31037,164,1261,6080
31039,218,1760,11058
31041,268,1753,12862
31043,297,3638,24124
31045,187,1226,8062
31047,512,4517,26212
31049,25,141,1267
31051,79,411,4123
31053,750,9402,43931
31055,13555,257761,1748855
31057,30,249,2867
31059,145,1124,9009
31061,51,252,2372
31063,40,232,1662
31065,103,784,7627
31067,464,4085,32044
31069,24,89,598
31071,60,321,2111
31073,39,92,966
31075,8,19,252
31077,42,204,1497
31079,1440,17225,103836
31081,231,1791,10302
31083,68,408,3629
31085,4,7,190
31087,40,243,2067
31089,293,2341,17864
31091,8,17,207
31093,114,726,6983
31095,161,1312,9209
31097,67,506,4712
31099,129,1154,10656
31101,252,1686,7732
31103,4,10,116
31105,71,402,2923
31107,179,1213,6184
31109,7295,110581,656517
31111,786,8126,67618
31113,10,34,568
31119,927,11319,94737
31121,169,1116,8079
31123,72,498,5262
31125,61,333,2480
31127,133,886,7423
31129,124,848,9058
31131,340,2480,13461
31133,48,242,2574
31135,97,674,6983
31137,258,2553,17908
31139,161,1027,6715
31141,739,7655,40922
31143,104,612,5539
31145,296,2218,12546
31147,177,1082,6620
31149,23,225,3848
31151,223,2130,10994
31153,3137,44002,234926
31155,409,2673,15717
31157,799,9017,57932
31159,380,3749,16520
31161,103,706,5487
31163,52,315,2445
31165,3,7,448
31167,66,276,1654
31169,147,1014,9055
31171,9,99,5750
31173,82,1884,31744
31175,126,847,7088
31177,469,3833,21196
31179,177,1791,9542
31181,66,433,4089
31183,15,69,773
31185,393,4621,20028
32001,379,3687,18776
32003,40636,742509,4322731
32005,1398,13341,99193
32007,887,16969,233972
32011,11,1361,171313
32013,312,5167,115863
32015,67,677,4731
32017,48,327,1969
32019,619,5212,22828
32021,34,399,4916
32023,583,8515,55709
32027,26,808,34806
32029,53,237,2069
32031,10799,148386,838568
32033,137,2393,70763
32510,1573,16416,107352
33001,1430,13594,94097
33003,1400,12169,74662
33005,1402,16777,94952
33007,600,6311,50674
33009,2255,38569,495926
33011,8755,135917,945815
33013,3252,46090,302894
33015,7709,100351,563470
33017,2118,26952,215168
33019,639,5607,31217
34001,4880,90090,758488
34003,26098,339064,2496475
34005,8554,144254,962247
34007,9110,143921,1278108
34009,3008,20168,130511
34011,2036,29348,248679
34013,15021,220564,1796231
34015,4776,67147,411753
34017,10474,185315,2376998
34019,3068,34284,297622
34021,8033,164685,1472297
34023,17263,302737,2913853
34025,15830,194691,1333878
34027,13809,249559,2659734
34029,11222,115472,837326
34031,9008,99403,675929
34033,888,11749,101031
34035,8241,151559,1579154
34037,2525,22614,120076
34039,10740,148607,1305166
34041,1825,19091,126965
35001,13003,224068,1405238
35003,31,265,2323
35005,1036,11592,73426
35006,216,4108,34504
35007,279,2331,15299
35009,742,9150,54660
35011,24,127,992
35013,2966,41538,293477
35015,1184,19036,171038
35017,440,5393,45884
35019,58,540,4488
35021,3,11,461
35023,44,373,2936
35025,1248,18971,144714
35027,521,3896,16336
35028,337,15621,995229
35029,289,3264,24158
35031,687,11040,102298
35033,20,185,2850
35035,699,9417,59690
35037,164,1329,7360
35039,423,4047,30590
35041,240,2145,12437
35043,1517,21237,131461
35045,1901,26404,163698
35047,328,4910,60889
35049,3840,38229,223433
35051,155,1559,11828
35053,167,1933,17365
35055,795,7752,36454
35057,124,1127,5472
35059,64,500,3044
35061,718,6624,30881
36001,7669,143800,994660
36003,564,7841,38716
36005,13477,232617,3482724
36007,3167,50503,375319
36009,1139,14181,67453
36011,1160,11069,76676
36013,2011,24519,137868
36015,1248,19783,145585
36017,592,6719,43696
36019,1235,14103,143985
36021,1366,11201,92872
36023,761,10304,57563
36025,789,5128,31470
36027,6020,73780,516867
36029,17675,311181,1844928
36031,913,7216,55707
36033,717,8205,90525
36035,839,7905,68054
36037,927,10200,54017
36039,863,6906,31047
36041,147,675,4292
36043,819,6984,39167
36045,1789,19736,143427
36047,46065,575410,5999225
36049,391,2603,23166
36051,907,8373,43428
36053,1038,11562,69935
36055,13913,269108,1615620
36057,766,7878,99698
36059,40457,461607,3684854
36061,86896,2175666,30356114
36063,3363,40010,220453
36065,3661,63221,448449
36067,9063,168155,1027555
36069,2144,29921,208352
36071,7512,83485,583602
36073,477,4235,20514
36075,1612,15955,107958
36077,969,14850,181212
36079,2399,16878,127195
36081,39084,454699,3866327
36083,2402,32933,192764
36085,7527,84797,852047
36087,8631,95829,674232
36089,1361,19032,161571
36091,4429,54551,286136
36093,2328,39731,324072
36095,415,2772,15084
36097,255,2149,16805
36099,478,5349,23432
36101,1299,16767,161064
36103,40030,434656,3213087
36105,1582,17896,140884
36107,563,7646,122562
36109,1826,41141,479985
36111,3802,32412,181704
36113,1710,20650,145422
36115,733,5763,35958
36117,1252,9855,51733
36119,26438,315669,2647443
36121,566,5216,30225
36123,382,3118,15847
37001,2506,39632,260283
37003,399,2609,9273
37005,187,1111,5789
37007,281,2545,12559
37009,406,3638,25896
37011,383,3666,17787
37013,807,7609,39144
37015,211,2250,14526
37017,370,3749,15786
37019,2070,20576,91229
37021,7362,88770,614589
37023,1054,13537,142593
37025,3645,46014,246691
37027,964,11644,73051
37029,91,409,1605
37031,1596,14367,78911
37033,167,1323,9819
37035,3051,46830,283046
37037,1229,10039,48586
37039,439,4281,35263
37041,271,2346,21150
37043,178,1176,6605
37045,1408,17450,111595
37047,693,7213,44994
37049,1695,19903,172165
37051,4403,66847,414386
37053,511,4095,15770
37055,1484,11027,72812
37057,2048,21894,88739
37059,635,6122,32782
37061,603,6112,34256
37063,6452,170009,1696073
37065,527,5956,42962
37067,6897,146066,1057124
37069,886,5978,25324
37071,3239,41347,250501
37073,76,653,5850
37075,120,1397,17158
37077,675,9123,96006
37079,187,1518,8441
37081,10908,182411,868737
37083,661,7637,45727
37085,1371,15262,67680
37087,1111,10120,61190
37089,2261,23324,146934
37091,333,5005,34185
37093,351,3090,26513
37095,100,492,2973
37097,3915,49768,252034
37099,829,9620,82677
37101,2839,27453,148065
37103,87,634,3707
37105,998,11494,54146
37107,868,13981,80558
37109,1393,12730,68461
37111,584,5805,28436
37113,900,6850,34649
37115,288,2178,12597
37117,320,2997,16917
37119,28353,541517,4034973
37121,278,2674,26845
37123,334,3989,19699
37125,1859,25736,239417
37127,1514,24201,119105
37129,6497,79301,437689
37131,173,2305,16866
37133,2261,25868,118361
37135,2867,41636,586818
37137,180,1514,6374
37139,689,8028,53192
37141,976,6551,31820
37143,126,879,4808
37145,522,4974,22528
37147,2885,44852,376891
37149,397,3406,29057
37151,1765,19541,82828
37153,559,6317,41776
37155,1276,17934,127934
37157,1189,10650,42160
37159,1995,29326,256710
37161,952,9786,42704
37163,726,7117,43631
37165,420,6022,55503
37167,996,10103,53205
37169,481,3954,18287
37171,1140,20850,239628
37173,269,2835,27595
37175,748,5839,28457
37177,42,302,1476
37179,4157,38821,230366
37181,601,8146,40594
37183,26236,419698,2668520
37185,182,1177,5484
37187,154,1326,9200
37189,1329,14371,106198
37191,1578,21551,127936
37193,857,10140,45311
37195,1305,20331,106048
37197,426,4084,18458
37199,245,1829,8519
38001,67,501,9131
38003,257,2358,17955
38005,45,639,7829
38007,27,202,4971
38009,195,1099,7822
38011,116,851,5542
38013,47,171,1297
38015,2506,36874,242771
38017,4530,81221,602176
38019,92,811,5978
38021,131,928,7518
38023,56,363,3018
38025,138,1793,38887
38027,51,345,3907
38029,86,458,4022
38031,101,770,6596
38033,46,266,2724
38035,1444,22457,189224
38037,47,270,4247
38039,59,318,2707
38041,61,295,2264
38043,48,212,1089
38045,112,705,5759
38047,45,335,2116
38049,91,525,8340
38051,75,589,7422
38053,422,6145,76158
38055,187,1506,15618
38057,187,2477,34962
38059,676,7283,52229
38061,256,2973,19901
38063,84,581,6192
38065,31,316,16351
38067,181,1236,10291
38069,129,1027,7980
38071,331,3089,18303
38073,148,976,6997
38075,74,356,3180
38077,382,3359,17268
38079,134,1602,21351
38081,81,455,3623
38083,24,83,482
38085,16,480,9525
38087,3,44,2608
38089,898,10931,68000
38091,36,261,4560
38093,490,6512,67939
38095,54,371,4728
38097,199,1621,17499
38099,281,1941,17023
38101,1553,20196,136815
38103,128,982,10710
38105,1236,18044,200191
39001,247,2634,26090
39003,1695,28891,221232
39005,742,11484,60272
39007,1291,13567,90519
39009,794,10196,83576
39011,698,9465,43407
39013,989,12646,67520
39015,389,3376,15064
39017,5561,94728,480763
39019,330,3063,14223
39021,427,4211,19849
39023,1588,24967,127459
39025,2856,33517,150550
39027,506,5718,30607
39029,1344,14991,86385
39031,432,4350,29164
39033,539,7505,66935
39035,25189,521569,3939549
39037,814,7543,37712
39039,560,7410,39767
39041,4021,65008,492698
39043,1350,21105,106578
39045,2137,24397,159958
39047,354,5404,33166
39049,24050,527728,3439313
39051,667,6599,38395
39053,384,6466,71792
39055,2158,17979,104757
39057,2590,42364,466818
39059,595,8309,52638
39061,16791,390562,2718635
39063,1237,23937,164462
39065,306,4012,20456
39067,191,1860,12820
39069,397,3853,24881
39071,482,4989,33838
39073,373,3513,16140
39075,771,8850,45182
39077,804,8993,73895
39079,426,3927,24103
39081,918,12556,72007
39083,847,11999,64971
39085,4113,51926,281169
39087,585,7007,45771
39089,2329,32484,163260
39091,598,9312,44230
39093,4225,55481,337219
39095,7284,132765,933847
39097,484,4826,26530
39099,4057,59910,387655
39101,816,12119,121683
39103,3089,34591,169912
39105,230,1883,9446
39107,711,8083,40079
39109,1545,18969,99060
39111,185,1067,3907
39113,8526,171892,1329579
39115,112,1099,8625
39117,319,2477,13291
39119,1252,18682,149696
39121,160,1138,4316
39123,804,6280,38285
39125,193,1467,7798
39127,325,2641,13710
39129,584,6376,34182
39131,272,5307,72904
39133,2189,27702,137800
39135,475,4309,20570
39137,530,4967,20449
39139,1963,23652,116887
39141,898,13263,128017
39143,926,10630,57173
39145,908,14041,211144
39147,769,9722,38493
39149,660,9203,50557
39151,6137,95563,533919
39153,10474,176626,1069462
39155,2855,34355,175958
39157,1473,17257,87399
39159,863,15482,150813
39161,389,5614,53371
39163,90,843,5780
39165,3588,59746,318440
39167,989,15855,105615
39169,1730,22451,116358
39171,523,5746,36665
39173,2063,31956,162368
39175,375,3934,23760
40001,153,1409,8532
40003,93,670,3356
40005,168,1107,5595
40007,103,1045,14787
40009,553,5519,40470
40011,183,1308,6158
40013,605,7525,36819
40015,323,3715,15473
40017,2296,20722,70909
40019,1203,12465,70991
40021,586,7537,69590
40023,212,2280,18931
40025,39,169,1041
40027,4860,56760,279440
40029,51,545,4158
40031,1623,23222,139461
40033,47,1047,18517
40035,265,2980,24803
40037,1001,10808,61442
40039,697,6675,29322
40041,562,5895,30899
40043,110,901,13195
40045,78,584,3737
40047,1201,13716,64139
40049,536,4410,18634
40051,861,7448,32380
40053,80,709,5314
40055,45,224,1999
40057,26,271,3498
40059,56,282,1834
40061,165,1974,18226
40063,153,1532,11678
40065,382,4359,27611
40067,68,600,6845
40069,109,1341,16351
40071,807,9159,37671
40073,393,4342,30399
40075,131,1012,8395
40077,117,2750,82845
40079,603,4812,23525
40081,405,3731,17411
40083,703,5112,21267
40085,117,4590,71423
40087,728,6328,24616
40089,470,4493,21016
40091,248,1972,9607
40093,186,1351,8769
40095,203,1682,7365
40097,555,5700,29439
40099,210,2498,13110
40101,1014,15605,161724
40103,142,1303,5250
40105,110,907,4966
40107,115,1354,20864
40109,19969,309538,1562258
40111,472,4481,32616
40113,440,4177,16265
40115,406,6311,45938
40117,189,2620,41375
40119,1390,16979,74666
40121,698,7107,45369
40123,729,10162,90346
40125,972,11900,51226
40127,135,1208,10724
40129,40,284,2579
40131,1362,18183,94523
40133,321,2999,15561
40135,420,5171,33961
40137,785,8586,49511
40139,350,4839,51591
40141,87,529,2770
40143,15491,246979,1248753
40145,791,4837,26870
40147,909,13509,117176
40149,152,877,4685
40151,197,1764,7568
40153,573,5259,27973
41001,381,2847,13915
41003,1760,23564,198288
41005,10179,108076,683644
41007,1181,10617,68252
41009,745,5564,24497
41011,1213,13171,95352
41013,439,2871,22108
41015,543,3691,24447
41017,6479,54960,322562
41019,1966,21477,194655
41021,51,480,6997
41023,169,1174,8816
41025,165,1101,8233
41027,776,7543,38068
41029,5063,56161,374687
41031,324,2531,14641
41033,1593,16171,114203
41035,1183,12019,83927
41037,139,895,10264
41039,8031,90772,542295
41041,1153,10221,54861
41043,2011,21531,128882
41045,511,4833,29438
41047,6937,79259,514690
41049,149,1811,13619
41051,22770,350757,2069518
41053,1269,11492,73310
41055,32,197,1999
41057,544,4301,28110
41059,1189,15143,77644
41061,585,4581,36627
41063,275,1519,10411
41065,551,5302,47997
41067,13266,212043,1564696
41069,5,8,143
41071,1998,20633,94863
42001,1448,18347,93402
42003,27747,579331,3756638
42005,960,9491,67432
42007,2536,35703,276655
42009,704,6356,33383
42011,6427,103129,695504
42013,2421,35404,301304
42015,923,11740,144432
42017,15575,185623,1181009
42019,3804,58784,322028
42021,2320,32345,223482
42023,70,403,4139
42025,879,8923,52945
42027,2633,32368,207172
42029,12613,209654,1816128
42031,687,6856,47371
42033,1319,15973,131397
42035,557,5696,28550
42037,1027,12547,63829
42039,1322,15662,111863
42041,4885,84651,473754
42043,5585,120333,858893
42045,10651,174398,1109542
42047,613,5103,27021
42049,4551,75283,543812
42051,1864,22445,130681
42053,62,704,11139
42055,2311,32055,218920
42057,165,1959,18091
42059,512,8818,59251
42061,616,7070,36793
42063,1341,16418,96480
42065,771,8182,50600
42067,307,2534,9781
42069,3929,62634,416954
42071,9964,163530,960069
42073,1464,18448,113857
42075,1999,28194,197463
42077,6682,133694,1247675
42079,5301,86347,566824
42081,2025,29063,210692
42083,710,7340,43003
42085,1963,26047,164853
42087,679,8159,81217
42089,2585,30666,178018
42091,21942,420064,3062209
42093,359,13781,456796
42095,4995,76624,398356
42097,1164,12610,73769
42099,575,3247,15126
42101,23233,578203,5040101
42103,744,6311,30256
42105,248,2829,22851
42107,1956,20773,163841
42109,594,7651,28876
42111,1194,12858,60925
42113,114,572,3647
42115,581,4804,18968
42117,643,6427,41389
42119,711,12799,104362
42121,809,8452,67748
42123,684,7613,69455
42125,4194,63436,396984
42127,976,8902,51903
42129,6472,85222,416316
42131,453,6070,63314
42133,6569,103460,598164
44001,1043,11752,55709
44003,3750,49821,310298
44005,2193,25397,149308
44007,12707,221562,1483852
44009,2975,28130,180836
45001,223,1893,8840
45003,2196,34215,303081
45005,73,687,8914
45007,2882,38030,224253
45009,175,1374,7163
45011,227,2034,8071
45013,4637,45800,226653
45015,2783,36526,231438
45017,167,1678,11472
45019,11813,156533,814384
45021,618,8056,24301
45023,373,3038,12389
45025,493,5582,28132
45027,337,3229,20625
45029,553,5074,26325
45031,757,11098,80323
45033,312,3078,24521
45035,2043,20013,83463
45037,239,2599,16722
45039,244,3820,64615
45041,2289,47900,681028
45043,1467,14098,86482
45045,11554,182529,873383
45047,947,13532,96442
45049,210,1939,12251
45051,7436,87566,404862
45053,569,6034,32812
45055,866,9073,41254
45057,1212,16213,99434
45059,646,7122,29444
45061,127,1405,5153
45063,5403,73825,359876
45065,62,559,3204
45067,341,3312,17510
45069,186,2432,20239
45071,562,5732,25668
45073,1247,11614,58299
45075,1104,13336,77245
45077,1620,15686,59304
45079,7564,128800,742711
45081,160,1321,6987
45083,5001,80177,404690
45085,1283,21083,138605
45087,254,2043,6286
45089,313,3228,15822
45091,4470,64165,302965
46003,57,461,3518
46005,411,3830,24565
46007,30,312,4108
46009,119,753,7025
46011,727,7473,39913
46013,999,11440,70608
46015,159,1374,8569
46017,3,18,576
46019,237,1088,4984
46021,33,173,1149
46023,200,1696,10167
46025,88,376,1655
46027,236,2528,11828
46029,803,7501,44057
46031,23,90,1030
46033,237,1096,6958
46035,526,7618,44832
46037,144,781,5814
46039,93,584,4430
46041,56,444,4653
46043,59,477,4587
46045,75,532,3679
46047,165,2197,98848
46049,47,289,4624
46051,202,1942,15262
46053,124,686,6480
46055,55,459,3799
46057,133,719,8978
46059,91,743,4908
46061,53,178,1382
46063,29,332,5084
46065,530,5299,30477
46067,155,1415,15665
46069,29,117,2440
46071,21,77,1228
46073,57,430,3883
46075,23,111,1698
46077,123,714,6250
46079,276,2216,12633
46081,881,8167,45086
46083,1466,17234,119049
46085,46,286,2255
46087,134,705,5361
46089,30,130,1387
46091,109,647,5879
46093,523,3932,58322
46095,4,23,305
46097,48,311,2218
46099,4635,88900,793249
46101,113,943,7046
46102,57,1770,22227
46103,3006,37151,254058
46105,84,495,2878
46107,67,439,4540
46109,163,903,7792
46111,40,213,1241
46115,129,937,8770
46117,87,695,5916
46119,42,171,2006
46121,29,497,13996
46123,123,1140,8441
46125,190,948,6626
46127,422,6024,52613
46129,156,1229,7031
46135,530,5902,46721
46137,29,202,1950
47001,1172,26301,414594
47003,540,5465,29383
47005,184,1766,9695
47007,78,607,5359
47009,1810,27599,156028
47011,1420,23432,105325
47013,390,3867,26666
47015,145,1015,5864
47017,299,3294,25645
47019,517,5400,33596
47021,480,3685,18707
47023,161,1837,14017
47025,291,3872,28044
47027,55,561,6344
47029,298,2729,19127
47031,854,10775,68370
47033,160,1394,8179
47035,781,8843,51070
47037,16815,384469,2426925
47039,141,1915,26662
47041,208,1696,7682
47043,748,8886,52638
47045,551,6107,38675
47047,449,4317,23268
47049,176,1731,12031
47051,499,7894,49394
47053,630,6191,29854
47055,356,3598,18498
47057,135,1049,7541
47059,818,10375,65672
47061,94,720,4427
47063,931,13559,75499
47065,7268,135245,796464
47067,26,251,4249
47069,222,2867,27182
47071,343,3264,24491
47073,441,3669,21922
47075,205,1552,6243
47077,334,3236,17619
47079,497,5072,28227
47081,204,1681,13769
47083,68,669,5512
47085,224,2005,12225
47087,72,543,2795
47089,534,6174,26271
47091,157,1499,12168
47093,9418,178383,924285
47095,42,449,3182
47097,193,2474,20020
47099,474,4621,25513
47101,143,1242,6451
47103,390,3078,16469
47105,719,7559,33592
47107,636,7888,35154
47109,256,2756,8506
47111,196,1790,13001
47113,1875,36256,267406
47115,287,2794,14844
47117,338,3272,13454
47119,1398,19697,123431
47121,53,373,2468
47123,492,4564,23867
47125,2400,31354,182215
47127,48,349,2108
47129,90,833,6585
47131,431,4344,25179
47133,224,2497,14162
47135,54,552,7555
47137,55,379,2255
47139,160,908,4460
47141,1358,20944,129919
47143,332,4054,17598
47145,554,5658,36808
47147,903,9561,45085
47149,4257,72898,347416
47151,191,1791,12846
47153,128,1242,5759
47155,2021,34313,218655
47157,14969,320804,2037306
47159,197,2005,15456
47161,111,763,6802
47163,2553,39279,268216
47165,2642,31576,187517
47167,524,6684,39108
47169,65,614,4037
47171,172,1738,11132
47173,132,779,3609
47175,18,103,2055
47177,477,4861,25845
47179,2288,39939,342162
47181,135,1607,16412
47183,408,4810,26016
47185,269,2287,13147
47187,6631,116208,861386
47189,2189,27486,115199
48001,668,6569,37389
48003,335,4554,52243
48005,1408,20471,124692
48007,412,2954,14432
48009,163,783,3935
48011,31,187,2849
48013,618,8465,68256
48015,493,4272,19187
48017,97,940,5652
48019,318,2874,14389
48021,1177,10316,46103
48023,77,531,5085
48025,363,4108,22210
48027,4240,72792,567254
48029,30419,618756,3267331
48031,267,1997,18543
48035,221,1742,15030
48037,1673,24074,152056
48039,4671,62850,352633
48041,3708,51305,238686
48043,210,1951,10304
48045,14,61,1219
48047,78,1181,6381
48049,653,7352,37760
48051,253,2073,11947
48053,1047,9744,56742
48055,522,4548,33317
48057,333,5137,39925
48059,157,977,3968
48061,4890,86382,593468
48063,149,1562,8705
48065,89,549,5229
48067,404,3576,16636
48069,96,793,5161
48071,484,8641,67900
48073,541,6105,47170
48075,121,1284,9606
48077,104,461,1948
48079,20,106,2148
48081,37,130,924
48083,136,1114,9874
48085,22684,382375,3045681
48087,48,325,2518
48089,383,3495,18563
48091,3459,42097,195115
48093,183,1496,9257
48095,21,242,3468
48097,683,7260,30987
48099,590,7374,27549
48101,8,17,178
48103,59,793,18915
48105,81,573,3814
48107,55,345,3803
48109,25,284,3334
48111,157,1358,9306
48113,56137,1193903,7557483
48115,205,1775,8503
48117,256,2639,12468
48119,35,172,1236
48121,13977,169408,871034
48123,349,3795,21855
48125,26,114,1115
48127,164,3592,48664
48129,54,265,1115
48131,110,1369,8292
48133,345,4014,39995
48135,2827,48096,292974
48137,24,175,1097
48139,2545,26201,127889
48141,11387,181275,858257
48143,791,7640,33410
48145,148,1044,4911
48147,372,3881,32648
48149,585,4640,21980
48151,32,238,2915
48153,96,650,4352
48155,13,72,2003
48157,12607,137484,642399
48159,132,4995,37785
48161,258,1981,8472
48163,224,4281,29409
48165,379,3845,24421
48167,4803,67184,327912
48169,100,1117,8371
48171,815,7526,43857
48173,23,274,15360
48175,101,605,3370
48177,298,2746,13723
48179,393,3344,17680
48181,2026,25948,183301
48183,3115,45824,223711
48185,318,3466,21498
48187,1828,20533,102018
48189,507,5795,23994
48191,40,231,1304
48193,145,1329,11711
48195,110,854,6074
48197,53,372,2624
48199,629,5793,37566
48201,84869,1634611,10039798
48203,1001,11940,49722
48205,86,982,9163
48207,83,458,2650
48209,3851,43437,207962
48211,97,1109,14576
48213,991,9014,56328
48215,9404,160574,1082050
48217,441,4620,26819
48219,375,5182,66177
48221,1150,10773,50057
48223,530,6173,31389
48225,249,2278,9618
48227,570,7397,62360
48229,9,50,615
48231,1206,12565,72702
48233,306,3119,16424
48235,37,276,7083
48237,158,1548,9018
48239,249,2837,18876
48241,434,5240,27931
48243,39,254,1221
48245,4272,69314,395146
48247,42,831,8178
48249,613,11077,75461
48251,2309,24641,100801
48253,199,1948,16476
48255,246,4539,77653
48257,1660,17579,91830
48259,1252,11531,58765
48261,10,117,5835
48265,1206,13384,103022
48267,87,566,3332
48271,18,98,1051
48273,414,4898,24529
48275,53,439,4383
48277,897,9603,69788
48279,176,1527,10194
48281,323,2566,16629
48283,105,1190,10915
48285,316,3213,21301
48287,311,4528,73349
48289,262,2564,18973
48291,825,9922,55395
48293,286,3910,24697
48295,48,221,2841
48297,200,1971,9243
48299,396,3117,18186
48301,3,189,5615
48303,6000,89759,534302
48305,54,402,4994
48307,145,914,4306
48309,4169,75983,357746
48311,15,89,1152
48313,202,1729,7424
48315,95,882,7282
48317,90,1019,9833
48319,105,580,2177
48321,535,5525,58693
48323,523,8917,64607
48325,599,5493,23957
48327,28,109,840
48329,4745,84232,1165538
48331,304,2907,17359
48333,77,668,3730
48335,99,899,6173
48337,317,2239,11713
48339,10469,138894,814499
48341,331,3231,17248
48343,147,910,4043
48345,6,43,1030
48347,968,11459,52356
48349,706,7555,35261
48351,82,538,3074
48353,247,2446,12341
48355,6500,112194,607754
48357,275,2816,27836
48359,22,447,9132
48361,930,10005,51312
48363,452,3897,18557
48365,360,4813,27892
48367,2438,21140,98948
48369,142,1312,8052
48371,241,2606,16231
48373,610,5592,25252
48375,2719,44522,336401
48377,77,605,3031
48379,143,1028,5491
48381,2171,21790,91825
48383,105,1336,17117
48385,61,494,1997
48387,117,804,6479
48389,276,4081,46729
48391,102,1277,11172
48393,9,51,1446
48395,189,2157,11383
48397,2176,21409,124577
48399,145,1203,5665
48401,611,6974,31775
48403,130,870,7793
48405,88,926,8029
48407,153,734,3130
48409,844,8305,48928
48411,98,527,2461
48413,30,311,3179
48415,304,3546,21325
48417,81,800,21060
48419,377,3210,13899
48421,30,127,2596
48423,4737,71175,528926
48425,180,2654,34871
48427,415,7027,68084
48429,172,1403,10322
48431,40,220,2035
48433,32,312,3619
48435,73,695,7113
48437,83,577,3495
48439,34969,589139,3089359
48441,2832,44357,250257
48445,168,1550,8732
48447,26,75,440
48449,478,5861,39620
48451,2209,29732,157398
48453,33278,537330,3987317
48455,129,1082,5350
48457,189,1445,8758
48459,383,3487,18241
48461,55,988,23005
48463,456,5330,36949
48465,539,8355,48458
48467,713,6194,29523
48469,1770,23875,138869
48471,776,9251,40334
48473,637,7745,43161
48475,249,3251,39934
48477,727,7808,38359
48479,3265,49007,240744
48481,745,7228,31887
48483,114,891,6309
48485,2344,31601,226484
48487,209,2906,37008
48489,137,1915,14611
48491,10362,139751,988971
48493,612,4954,25199
48495,123,2423,67157
48497,1037,12694,96453
48499,630,5629,26937
48501,131,1585,20318
48503,447,3596,19085
48505,94,1163,6078
48507,66,1077,7107
49001,131,1052,6196
49003,879,7716,45882
49005,2890,26770,138091
49007,346,3747,23159
49009,7,60,2071
49011,6539,62986,327785
49013,459,4061,37982
49015,128,1654,21300
49017,152,1418,13387
49019,395,3749,27082
49021,1265,11541,50371
49023,177,1882,10296
49025,220,2938,31799
49027,176,1808,16106
49029,280,1292,15875
49031,4,11,162
49033,80,606,5860
49035,27995,482687,2499304
49037,184,2405,23546
49039,326,2639,12525
49041,392,4201,22301
49043,2176,25145,121535
49045,792,7095,31791
49047,774,6349,29695
49049,12458,191798,991898
49051,948,5760,44134
49053,4929,40725,242911
49055,69,365,5585
49057,4640,58254,274840
50001,888,9666,71508
50003,958,10344,75593
50005,674,5711,40795
50007,4488,64390,403371
50009,73,281,1652
50011,752,7941,70233
50013,142,386,2455
50015,748,8713,59297
50017,528,4676,46403
50019,556,5316,35651
50021,1489,16186,93861
50023,1664,18588,116776
50025,1308,15236,73162
50027,1509,14951,117756
51001,521,4412,20139
51003,2355,32442,283403
51005,186,1851,17197
51007,203,1384,10347
51009,403,3361,13149
51011,199,1506,7517
51013,5765,139101,2833442
51015,1093,11398,104197
51017,93,1698,22169
51019,1374,9988,46055
51021,37,550,8466
51023,601,5934,40529
51025,171,1465,9603
51027,223,3337,47575
51029,176,1213,6088
51031,876,10189,46919
51033,296,2726,10914
51035,277,2357,11773
51036,106,894,11559
51037,127,843,4565
51041,6301,82718,415075
51043,299,2176,12804
51045,44,206,981
51047,802,9502,52637
51049,91,420,1815
51051,122,1414,8867
51053,261,3027,31528
51057,206,1892,10834
51059,28405,603903,11533693
51061,1580,14658,99272
51063,243,1830,11317
51065,346,2148,14442
51067,892,7739,31249
51069,1171,15313,82397
51071,202,1920,10777
51073,679,5061,25859
51075,594,19210,738380
51077,104,579,2791
51079,285,1749,9242
51081,43,244,1375
51083,474,5271,30723
51085,2725,36791,184505
51087,7874,151452,1051354
51089,534,5442,18590
51091,55,238,1285
51093,590,5078,20953
51095,1413,20168,86440
51097,84,418,2759
51099,392,4233,107991
51101,269,2388,21606
51103,343,3157,22984
51105,158,1426,9896
51107,9774,128629,1137380
51109,478,3820,36910
51111,102,767,5651
51113,216,1356,7669
51115,148,822,3193
51117,562,5650,32820
51119,232,1685,6966
51121,1599,19401,110676
51125,268,2340,11933
51127,333,3249,17352
51131,232,2125,14583
51133,222,1036,3607
51135,208,2010,20405
51137,487,3442,14132
51139,312,2618,12243
51141,170,2009,8140
51143,643,5489,25057
51145,575,4362,39225
51147,395,5751,37924
51149,373,4766,24123
51153,7201,81655,556464
51155,447,4272,29607
51157,167,823,4657
51159,135,1584,8512
51161,1670,21592,114058
51163,318,2487,10855
51165,1169,16909,100406
51167,308,4167,30243
51169,164,2087,11509
51171,651,6748,29103
51173,328,4466,36189
51175,152,991,4970
51177,1968,22295,110684
51179,2004,28635,176393
51181,48,1061,92625
51183,117,1183,7581
51185,676,7530,44453
51187,644,6847,33452
51191,845,9726,55470
51193,239,1229,4474
51195,442,5508,29214
51197,470,5121,24156
51199,1260,16065,81688
51510,4067,71299,755593
51520,381,4849,22480
51530,66,1084,6386
51540,1673,31215,396347
51550,4530,73429,359114
51570,475,6192,33836
51580,144,1331,9505
51590,882,14618,104381
51595,162,2142,14730
51600,1732,22907,234841
51610,751,8832,82467
51620,194,2438,21054
51630,1072,17129,166838
51640,208,3205,32486
51650,1886,31167,231836
51660,1229,16921,67990
51670,309,3549,27078
51678,200,3446,43480
51680,1803,43089,314027
51683,1263,13415,89440
51685,287,2629,44406
51690,387,5610,51100
51700,2948,53205,396345
51710,4258,81502,582934
51720,151,1971,30293
51730,509,7947,92115
51735,189,1048,4425
51740,1252,19956,191736
51750,234,2167,11545
51760,5237,108603,850494
51770,2409,50323,424406
51775,764,14111,180939
51790,592,7742,42137
51800,1338,16653,105157
51810,9538,129553,641205
51820,441,5378,20356
51830,398,7574,45557
51840,1054,18974,213697
53001,249,2631,23352
53003,358,3501,33368
53005,3896,58227,521781
53007,2099,25507,193740
53009,1657,12890,93922
53011,9642,113877,741444
53013,91,604,4608
53015,1675,19414,131903
53017,643,5113,24295
53019,98,405,3180
53021,1345,14127,88843
53023,28,242,3144
53025,1426,14516,81732
53027,1169,10351,63483
53029,1527,9648,61271
53031,793,5099,34017
53033,60151,1057885,11015883
53035,5070,47951,319917
53037,1049,9548,43154
53039,437,3014,16483
53041,1431,13456,90192
53043,204,1451,13313
53045,830,6571,49314
53047,863,5987,36569
53049,456,2948,18523
53051,196,1211,11687
53053,15273,206036,1602383
53055,818,3921,21505
53057,2752,29328,218656
53059,148,1335,8847
53061,15997,162816,1067078
53063,11073,150822,1048544
53065,703,5084,38394
53067,5399,58388,385029
53069,64,307,2208
53071,1069,14142,118165
53073,5488,53814,301299
53075,693,6739,46702
53077,3572,48376,317314
54001,146,2126,23557
54003,1303,16559,206188
54005,163,2950,46377
54007,170,1853,12220
54009,278,3763,60982
54011,1834,35088,387989
54013,59,534,8804
54015,43,551,5966
54017,55,597,10521
54019,531,5473,36027
54021,65,515,3387
54023,163,2042,21127
54025,691,8168,55213
54027,235,1920,16298
54029,428,4876,22401
54031,192,1574,9183
54033,1378,22377,185954
54035,348,3778,20109
54037,736,10127,66454
54039,3702,61416,454529
54041,258,2586,15597
54043,113,1288,13334
54045,400,6031,57004
54047,130,1150,9066
54049,878,11040,52828
54051,379,6993,55109
54053,235,2552,20654
54055,895,12701,84834
54057,331,3662,26778
54059,239,2391,15667
54061,1871,38592,552707
54063,125,620,3246
54065,170,1350,12514
54067,413,3513,22806
54069,1073,21768,134312
54071,91,628,5182
54073,87,1209,7860
54075,157,2156,14107
54077,367,3589,27326
54079,937,11769,74610
54081,1252,19099,136511
54083,463,6108,45504
54085,131,1423,13842
54087,157,1129,12545
54089,124,1080,11107
54091,161,1299,14019
54093,100,1119,5680
54095,90,603,6435
54097,381,3783,28195
54099,338,4091,70945
54101,68,567,11381
54103,234,2163,12933
54105,30,162,2494
54107,1477,20051,132007
54109,177,1763,13151
55001,261,1988,11395
55003,354,4221,35210
55005,950,8518,64909
55007,305,1390,7187
55009,5008,91290,524270
55011,217,1506,8462
55013,288,1843,10924
55015,685,6612,25167
55017,1169,11161,61974
55019,514,3565,22557
55021,1028,12002,64087
55023,252,2180,17980
55025,11923,235117,1703880
55027,1242,16276,176194
55029,931,5971,36354
55031,775,8573,40918
55033,669,7938,45997
55035,2088,36647,285072
55037,65,295,1092
55039,1685,27292,168098
55041,140,840,4988
55043,857,7500,41732
55045,706,6408,41977
55047,315,2734,17270
55049,395,3514,28324
55051,141,1025,5710
55053,286,3005,27473
55055,1497,16501,72682
55057,358,3210,28801
55059,2437,36265,204107
55061,327,2305,10148
55063,2433,45848,279728
55065,235,1497,9315
55067,360,3115,22392
55069,492,4590,31399
55071,1228,15237,77835
55073,2523,35971,269487
55075,743,6775,48482
55077,201,1134,4029
55078,13,474,10881
55079,15825,345125,2373038
55081,687,8782,89884
55083,560,3307,25408
55085,1055,8321,71021
55087,3931,65947,351110
55089,2274,25927,147490
55091,162,1244,9131
55093,597,4130,16181
55095,820,7170,58809
55097,1328,18870,153171
55099,256,1822,14743
55101,3028,40313,244066
55103,256,2177,21895
55105,2454,36243,212279
55107,210,1769,13234
55109,1807,19291,102697
55111,1323,20899,123840
55113,461,3597,22147
55115,654,6266,30750
55117,1978,26953,137693
55119,315,2776,22609
55121,449,3968,24875
55123,457,4294,35082
55125,752,4320,27496
55127,2085,21122,94682
55129,374,2322,15559
55131,2447,29159,149229
55133,10186,169783,987379
55135,885,6851,37839
55137,344,2581,10772
55139,2807,55534,336302
55141,1311,23339,405880
56001,876,7721,44887
56003,240,1781,14085
56005,1165,15688,175672
56007,383,2608,15661
56009,323,3764,27830
56011,192,1075,9052
56013,1018,7560,37253
56015,256,2101,14024
56017,136,1200,10019
56019,425,1902,9455
56021,2795,24783,173309
56023,668,3992,29179
56025,2357,24328,153019
56027,51,194,1113
56029,1004,7337,50530
56031,198,1514,13984
56033,1307,8804,82376
56035,331,2047,30309
56037,897,10093,100988
56039,1934,15802,95764
56041,416,5642,71435
56043,251,1671,11334
56045,163,1045,7780
