fips,naics,employees,firms,wages
13000,111211,0,3,0
13000,111219,0,136,0
13000,111910,0,16,0
13000,111930,0,1,0
13000,111940,0,17,0
13000,112410,0,2,0
13000,112420,0,2,0
13000,112511,0,3,0
13000,112519,0,2,0
13000,114111,0,1,0
13000,114112,0,5,0
13000,114119,0,1,0
13000,212312,0,4,0
13000,212319,0,8,0
13000,212391,0,1,0
13000,212393,0,3,0
13000,213112,0,18,0
13000,213114,0,1,0
13000,221111,0,3,0
13000,221113,0,5,0
13000,221117,0,2,0
13000,221118,0,3,0
13000,221121,0,2,0
13000,311211,0,8,0
13000,311230,0,6,0
13000,311314,0,2,0
13000,311351,0,9,0
13000,311411,0,2,0
13000,311412,0,14,0
13000,311421,0,24,0
13000,311423,0,1,0
13000,311511,0,6,0
13000,311512,0,1,0
13000,311514,0,4,0
13000,311811,0,184,0
13000,311813,0,5,0
13000,311920,0,16,0
13000,311930,0,12,0
13000,312140,0,10,0
13000,312230,0,4,0
13000,313220,0,6,0
13000,313240,0,2,0
13000,315110,0,1,0
13000,315990,0,8,0
13000,316992,0,5,0
13000,316998,0,10,0
13000,321212,0,5,0
13000,321213,0,4,0
13000,324191,0,11,0
13000,324199,0,2,0
13000,325413,0,8,0
13000,325414,0,10,0
13000,325910,0,19,0
13000,325920,0,1,0
13000,327211,0,5,0
13000,327212,0,6,0
13000,327310,0,38,0
13000,327332,0,9,0
13000,331221,0,6,0
13000,331222,0,5,0
13000,331313,0,2,0
13000,331314,0,2,0
13000,331410,0,2,0
13000,331420,0,14,0
13000,331523,0,3,0
13000,331529,0,1,0
13000,332431,0,5,0
13000,332439,0,9,0
13000,332912,0,2,0
13000,332919,0,7,0
13000,333112,0,6,0
13000,333131,0,4,0
13000,333242,0,3,0
13000,333244,0,11,0
13000,333611,0,5,0
13000,333613,0,4,0
13000,333921,0,3,0
13000,333923,0,8,0
13000,333991,0,2,0
13000,333996,0,5,0
13000,334111,0,25,0
13000,334112,0,7,0
13000,334310,0,13,0
13000,334412,0,6,0
13000,334417,0,5,0
13000,334516,0,13,0
13000,334517,0,10,0
13000,334613,0,3,0
13000,335110,0,4,0
13000,335129,0,3,0
13000,335911,0,19,0
13000,335912,0,4,0
13000,335921,0,8,0
13000,335929,0,5,0
13000,335931,0,10,0
13000,335932,0,3,0
13000,336112,0,2,0
13000,336120,0,1,0
13000,336414,0,1,0
13000,336415,0,5,0
13000,336991,0,12,0
13000,336992,0,1,0
13000,339993,0,3,0
13000,339995,0,4,0
13000,452311,0,240,0
13000,452319,0,1922,0
13000,482111,0,3,0
13000,482112,0,2,0
13000,483211,0,3,0
13000,483212,0,1,0
13000,485111,0,5,0
13000,485112,0,1,0
13000,485210,0,8,0
13000,485410,0,43,0
13000,486110,0,8,0
13000,486210,0,20,0
13000,486910,0,22,0
13000,486990,0,1,0
13000,488119,0,46,0
13000,521110,0,9,0
13000,523140,0,18,0
13000,523210,0,2,0
13000,525110,0,10,0
13000,525190,0,8,0
13000,525910,0,9,0
13000,713210,0,1,0
13000,721120,0,6,0
13000,721191,0,65,0
13000,921120,0,7,0
13000,922160,0,2,0
13000,713290,3,24,48324
13000,111411,9,3,244727
13000,337125,12,3,359074
13000,512132,44,4,369959
13000,111140,19,4,566298
13000,812922,25,8,582195
13000,423520,5,4,619304
13000,238121,24,10,675532
13000,522293,12,10,739142
13000,111333,52,5,784536
13000,112112,23,5,859810
13000,487990,38,5,917825
13000,331513,12,4,980400
13000,111199,27,5,982554
13000,111191,38,6,1018164
13000,332992,29,6,1055636
13000,811430,48,34,1057041
13000,111110,34,6,1063431
13000,316110,25,3,1072065
13000,111332,65,7,1271544
13000,339992,42,14,1433281
13000,111336,99,5,1434354
13000,512120,13,12,1539629
13000,112920,49,23,1542871
13000,221114,25,11,1612593
13000,334614,14,13,1638187
13000,483114,46,5,1665788
13000,483112,13,4,1682793
13000,339910,56,29,1706115
13000,525920,32,24,1933744
13000,332215,53,9,1941294
13000,115113,244,8,2011691
13000,512230,16,15,2083685
13000,335210,14,7,2139672
13000,327910,42,5,2206876
13000,562213,77,3,2296020
13000,112210,74,10,2300799
13000,488310,52,5,2361774
13000,722330,164,46,2389610
13000,532411,29,12,2572569
13000,483113,45,6,2581125
13000,334210,19,10,2618635
13000,331492,41,7,2708929
13000,532284,103,17,2856665
13000,487210,108,14,2903085
13000,532282,75,16,2909531
13000,333316,28,11,2941962
13000,333519,44,4,3022216
13000,481219,41,12,3023568
13000,525120,42,11,3031549
13000,331524,81,7,3115246
13000,523130,63,15,3121323
13000,323117,67,6,3288235
13000,111331,164,3,3523896
13000,481212,77,16,3585015
13000,115116,84,16,3712038
13000,424520,214,22,3734466
13000,111150,149,22,3915436
13000,212322,69,6,3962846
13000,333997,56,4,4011275
13000,811411,120,41,4080679
13000,336611,68,5,4438438
13000,339994,60,8,4535919
13000,112990,144,24,4650013
13000,112390,144,8,4756207
13000,512290,87,12,4770929
13000,331491,37,3,4806995
13000,325193,71,4,4926401
13000,238172,109,13,4942558
13000,611410,144,8,5001666
13000,113210,105,15,5030016
13000,511199,72,11,5034901
13000,332721,129,6,5055829
13000,712120,138,14,5085863
13000,335121,80,6,5135675
13000,451212,189,24,5139210
13000,324110,87,4,5168222
13000,812921,112,14,5184418
13000,512250,80,28,5189699
13000,711120,147,11,5459554
13000,519110,68,12,5567403
13000,221320,104,7,5680657
13000,339114,100,20,5714590
13000,512199,69,19,5768748
13000,517410,59,15,5926107
13000,332613,113,5,5957023
13000,212399,98,6,5971457
13000,721211,274,51,6029137
13000,448320,181,31,6048988
13000,332811,107,5,6194579
13000,333314,57,13,6214008
13000,442291,158,40,6229358
13000,424510,123,15,6245269
13000,424340,115,29,6328148
13000,112910,203,21,6359863
13000,311520,235,6,6414863
13000,811112,195,61,6438326
13000,333994,106,7,6660677
13000,487110,287,16,6681389
13000,315210,270,39,6748690
13000,312130,250,41,6872107
13000,213111,110,26,6965837
13000,512240,181,59,7054706
13000,334514,125,6,7115792
13000,334290,97,12,7193758
13000,562211,110,21,7199935
13000,562112,141,10,7206061
13000,238291,158,39,7418004
13000,114210,220,37,7628635
13000,453920,246,88,7729293
13000,424110,102,17,7772296
13000,111339,423,9,7800510
13000,532281,370,29,7844346
13000,711212,269,14,8012284
13000,721310,332,35,8017544
13000,333992,137,12,8096750
13000,112111,259,80,8146206
13000,541360,174,34,8211143
13000,485310,252,58,8327641
13000,488390,117,7,8396062
13000,333995,156,10,8447352
13000,611692,405,62,8452237
13000,541420,119,36,8469241
13000,485119,141,3,8651380
13000,313320,207,11,8661790
13000,332996,176,11,8737383
13000,335999,152,19,9337041
13000,333612,175,5,9438734
13000,333912,116,11,9488126
13000,445220,325,70,9547447
13000,115112,252,62,9687997
13000,312113,270,22,10012202
13000,316210,249,7,10167378
13000,621410,312,38,10214047
13000,332313,275,26,10509748
13000,111998,358,53,10774943
13000,333515,177,16,10962781
13000,332618,235,13,11312115
13000,813940,242,49,11343992
13000,923140,215,48,11665805
13000,332111,154,7,11737208
13000,453930,250,63,11761389
13000,483111,165,20,11892599
13000,333511,263,19,12114521
13000,321912,328,16,12163841
13000,541870,295,39,12185015
13000,111334,508,52,12246074
13000,111419,289,14,12285534
13000,333414,208,12,12468233
13000,519190,132,62,12627267
13000,445292,485,46,12746030
13000,334416,206,6,12806921
13000,115115,579,37,12885042
13000,711190,192,15,13148226
13000,445291,358,47,13250365
13000,611511,368,28,13312709
13000,221112,121,16,13325899
13000,713120,681,50,13443402
13000,315280,295,14,13497674
13000,111992,451,82,13514539
13000,711219,358,72,13641893
13000,611513,330,29,13767061
13000,212321,260,16,13851457
13000,624229,319,48,14074466
13000,337124,267,15,14074938
13000,811211,454,67,14134562
13000,562219,241,17,14186597
13000,311224,264,9,14245677
13000,522294,100,7,14520305
13000,337122,433,56,14573757
13000,541340,255,89,14575297
13000,485320,684,69,14629656
13000,325120,220,11,14654700
13000,445299,736,109,14688903
13000,326130,335,6,14757039
13000,423140,370,44,14789318
13000,334418,321,13,15017573
13000,311613,223,7,15048704
13000,812191,710,107,15121327
13000,327331,322,13,15153955
13000,339991,291,12,15316852
13000,541922,276,111,15432322
13000,488330,227,14,15434841
13000,322299,300,16,15689977
13000,811412,426,139,15727151
13000,212311,327,24,15800181
13000,451130,869,99,15946992
13000,113110,357,69,15955609
13000,561491,401,37,15957939
13000,811213,374,51,16040916
13000,311352,404,24,16055400
13000,512191,241,69,16201532
13000,334519,214,21,16210750
13000,325320,343,14,16256936
13000,213115,365,11,16482111
13000,311225,228,7,16532732
13000,325212,240,9,16784329
13000,339940,412,9,16815289
13000,811420,452,124,16842303
13000,812310,721,210,17033900
13000,453991,770,174,17106778
13000,331315,170,5,17138086
13000,332114,341,8,17229341
13000,485999,794,41,17396137
13000,488991,449,42,17419212
13000,238191,401,46,17658640
13000,111422,530,43,17686112
13000,332722,306,5,17792622
13000,325314,381,22,17849826
13000,337920,281,6,18097403
13000,481112,231,23,18201635
13000,721214,576,46,18279016
13000,423920,318,42,18409552
13000,337121,493,12,18465636
13000,326291,374,11,18667250
13000,611630,651,52,18705424
13000,238341,440,132,18740107
13000,562119,383,37,18988375
13000,238131,391,134,19064906
13000,238342,414,52,19410552
13000,811113,492,132,19811433
13000,238132,398,41,19958185
13000,333999,335,21,20156335
13000,511140,281,35,20646995
13000,332913,434,5,20743150
13000,541490,376,73,20905169
13000,541713,188,17,20935902
13000,324121,325,33,21265844
13000,624210,640,50,21278166
13000,811198,595,137,21487788
13000,334515,194,23,21536111
13000,812111,793,140,21539138
13000,334511,204,11,21765061
13000,333922,329,22,21874759
13000,115210,630,107,21900159
13000,331210,372,7,22118200
13000,713930,747,68,22218166
13000,813219,397,43,22329598
13000,334413,117,22,22613139
13000,111335,693,81,22671575
13000,326111,472,11,22822077
13000,334419,558,25,22885374
13000,561431,972,199,23058910
13000,333517,391,40,23085253
13000,315240,521,24,23198412
13000,561520,518,74,23223288
13000,337127,706,22,23405599
13000,611699,806,126,23522617
13000,561591,517,82,23689202
13000,812113,987,512,23732643
13000,112310,633,25,23959422
13000,333413,366,20,23987439
13000,485510,653,35,24225485
13000,311513,547,10,24271048
13000,311824,447,9,24288338
13000,522190,395,39,24763144
13000,445210,1135,131,24835707
13000,326212,534,17,24866303
13000,451140,875,114,25074638
13000,321999,521,44,25079035
13000,561492,480,128,25181836
13000,337211,472,14,25380131
13000,333993,359,25,25481622
13000,325311,275,10,25517200
13000,336510,472,7,25590723
13000,333243,436,21,25593124
13000,453110,1192,330,25621649
13000,446191,1155,269,25635682
13000,811118,633,158,25893453
13000,443141,645,118,25920806
13000,332999,648,43,25956792
13000,423410,375,31,26183420
13000,325194,309,5,26262226
13000,562991,627,91,26478362
13000,333514,545,34,26650944
13000,111920,949,176,27617623
13000,811490,785,258,27672049
13000,928120,281,6,27692500
13000,238141,634,192,28058642
13000,238171,581,127,28061538
13000,423460,416,48,28065341
13000,314910,747,40,28298128
13000,448130,1693,191,28359270
13000,321992,734,20,28473440
13000,311941,500,9,28859218
13000,238151,573,73,28885280
13000,332112,471,4,28901621
13000,326112,508,14,28974057
13000,444210,849,131,29233318
13000,424320,880,69,29240595
13000,337212,644,59,29670854
13000,488999,664,34,29941854
13000,623210,1302,96,30034237
13000,314994,686,24,30577525
13000,711110,1282,54,30746943
13000,541350,651,191,31106857
13000,611610,1805,348,32185582
13000,562998,598,50,32201941
13000,531190,704,191,32332395
13000,325199,475,19,32378685
13000,311710,717,7,32667286
13000,541830,322,41,32689369
13000,334510,447,41,33053285
13000,448150,1630,201,33574858
13000,332813,738,42,33705371
13000,813312,837,114,33868100
13000,327110,663,30,34013373
13000,541199,561,130,34018791
13000,327999,537,18,34078078
13000,326150,727,25,34138784
13000,812220,791,101,34324342
13000,561622,633,114,34463931
13000,327992,513,5,34730057
13000,811122,839,136,34805893
13000,532420,439,37,34844493
13000,711410,407,115,34975789
13000,326122,668,15,34979345
13000,532112,385,15,35083706
13000,324122,437,9,35125660
13000,712110,1204,83,35210335
13000,423940,777,179,35362782
13000,541191,658,140,35642766
13000,424460,801,31,35683374
13000,115111,828,54,35820577
13000,325613,443,11,36167480
13000,332911,226,11,36523198
13000,238391,760,117,36606780
13000,112320,715,75,36641807
13000,339930,452,22,36973083
13000,441222,733,79,37185851
13000,561613,974,20,37190492
13000,721199,1398,65,37450169
13000,493130,966,47,37465387
13000,325411,521,14,37477030
13000,424440,984,28,37507573
13000,424310,697,92,37601156
13000,541921,1347,287,37677184
13000,339920,865,43,38074603
13000,424940,747,24,38160204
13000,315220,990,28,38163701
13000,112120,1021,74,38737435
13000,485113,1096,18,38762849
13000,624221,1386,90,38926633
13000,321219,590,7,39076745
13000,332994,762,31,39757229
13000,562920,728,28,39942751
13000,332216,780,25,40141331
13000,311991,1213,28,40297102
13000,332510,813,26,40558779
13000,322122,500,3,40718399
13000,323120,1185,49,40951263
13000,711320,1167,103,41611474
13000,713950,2432,72,41653389
13000,451211,2131,173,42353659
13000,337214,902,10,42412429
13000,311111,522,16,42581304
13000,311119,778,46,42761645
13000,331511,962,9,42859844
13000,444120,973,161,43183526
13000,325992,691,11,43237062
13000,541720,710,73,43331702
13000,333241,615,25,43596573
13000,325130,624,17,43596915
13000,339999,820,66,43768529
13000,238332,827,100,43913287
13000,423390,824,67,44024517
13000,112340,970,27,44404745
13000,712190,1017,40,44678582
13000,327215,908,30,44855611
13000,334512,523,14,45100368
13000,335314,624,14,45237829
13000,813311,1299,117,45472625
13000,561599,836,83,45649732
13000,333618,827,9,45829432
13000,333914,757,27,46116089
13000,314120,1516,77,46425086
13000,711130,648,130,46718886
13000,238352,913,115,47301084
13000,712130,1450,17,47522491
13000,522390,953,160,47780413
13000,561740,1279,218,47801252
13000,311942,741,16,47936880
13000,326220,957,15,48136408
13000,336330,1033,9,48142224
13000,322230,865,16,48753213
13000,326121,1009,17,49312608
13000,311911,932,6,49550514
13000,326191,1257,21,50148275
13000,445230,1634,81,50159418
13000,312112,936,24,50163269
13000,448110,1712,204,50163545
13000,337910,1180,16,50193643
13000,532289,1488,184,50236298
13000,115310,890,164,50279465
13000,325620,868,40,50827627
13000,531320,942,485,50928880
13000,561910,1119,65,51098224
13000,332323,1035,65,51787898
13000,321114,865,21,51805851
13000,541320,901,205,51828215
13000,424930,1379,114,52291826
13000,325991,832,14,52327250
13000,621391,1008,172,52445667
13000,332812,1116,54,52643580
13000,336214,1665,38,53285318
13000,813930,1346,201,53397510
13000,561410,1355,192,53526311
13000,562212,818,68,54208213
13000,311830,1274,9,54260770
13000,541860,942,96,54499366
13000,921110,970,29,54558972
13000,926130,597,14,54859564
13000,561611,1202,166,54928778
13000,327213,817,6,55069791
13000,331110,810,31,55183221
13000,515111,758,53,55714873
13000,424430,1089,46,55810177
13000,525990,287,38,55882982
13000,321991,1859,15,56223278
13000,454210,1504,107,56490036
13000,611512,933,40,56703536
13000,333249,995,67,56756036
13000,532310,999,88,57162458
13000,424920,1478,55,57317996
13000,424950,797,61,57860484
13000,441210,1121,50,57896647
13000,321918,1517,60,58603554
13000,339116,1387,208,58889797
13000,424710,799,73,58947036
13000,332420,1058,27,59004928
13000,813211,1122,125,59219326
13000,311611,1490,32,59269607
13000,713110,3393,29,59286993
13000,424590,1141,51,59380159
13000,333924,1120,16,59495791
13000,492210,1694,185,59590637
13000,238331,1137,265,60682923
13000,515112,1196,88,60702546
13000,813319,1988,269,60826756
13000,221310,1270,97,60827064
13000,332119,1360,29,61189928
13000,333318,899,47,61419359
13000,238142,1258,186,62244014
13000,512131,4076,122,62300471
13000,812331,1812,36,62978260
13000,446199,1221,203,63146556
13000,611691,2833,363,63319181
13000,511130,728,78,63329092
13000,424610,836,92,63481949
13000,323113,1603,176,63506978
13000,321214,1566,40,64357897
13000,523991,540,45,64400038
13000,238321,1604,621,64828424
13000,212324,917,21,64991197
13000,621330,1770,662,65312120
13000,448190,3393,301,65616322
13000,336612,1572,17,65770587
13000,335313,976,29,65951941
13000,561421,1809,83,66086623
13000,115114,1843,77,66104765
13000,611420,700,128,66630561
13000,481211,773,66,67477887
13000,541930,1103,124,67498857
13000,926150,670,58,67770589
13000,488210,1435,32,67828831
13000,322291,1011,4,68673318
13000,611620,3445,550,69122306
13000,812910,3277,498,69249700
13000,812199,3102,537,69666958
13000,325611,900,48,69793734
13000,445120,3158,1280,69930769
13000,447190,2849,225,70023557
13000,926110,1043,104,70056684
13000,423740,1166,31,70106106
13000,322219,1609,20,71225780
13000,423860,927,99,71584303
13000,327420,905,19,71588327
13000,336360,1654,19,71595925
13000,454310,1588,210,71781676
13000,311999,1235,16,72218849
13000,488410,1620,262,72615515
13000,621512,1260,167,72948932
13000,321211,1170,23,73467746
13000,314999,1987,126,73874957
13000,531130,1852,506,74130559
13000,488490,1819,89,74244313
13000,811191,2343,296,74302844
13000,336310,1197,22,74723995
13000,311340,1353,14,74938346
13000,423910,1473,120,75074336
13000,424990,1575,195,75251092
13000,111421,2140,134,75369033
13000,811219,1015,157,75409066
13000,523910,523,160,75437121
13000,339115,1033,20,75495805
13000,485991,1967,106,76223153
13000,237120,1097,71,76630412
13000,238161,1533,434,76767270
13000,532283,1604,120,77505472
13000,621991,1602,53,77903878
13000,519120,2744,154,78183413
13000,327120,1373,22,78748139
13000,812990,2318,478,78835365
13000,332311,1795,56,79085008
13000,424450,1470,75,79366805
13000,562910,1556,155,79622510
13000,624230,1252,76,81343004
13000,451120,4447,318,81618980
13000,524128,786,26,81756962
13000,336320,885,27,81861423
13000,925120,1499,66,82284780
13000,212325,1147,12,82852271
13000,541370,1680,306,83224524
13000,423850,1671,170,83362677
13000,453998,3142,561,83464912
13000,611430,1045,291,83574970
13000,621999,1645,183,83810684
13000,722514,5043,325,84223953
13000,533110,919,133,85196005
13000,326299,1768,29,85322744
13000,325520,1240,45,85687692
13000,332410,1172,10,86455698
13000,238152,1561,127,86616757
13000,441228,2011,189,86701668
13000,325612,1376,40,87405704
13000,812320,4293,756,87428303
13000,812332,1751,47,87558919
13000,326140,1839,26,87935188
13000,453310,4484,500,88048236
13000,336340,2007,7,89113465
13000,813110,2543,244,89344064
13000,454390,1603,302,89833895
13000,493190,1437,144,89890891
13000,453910,3809,194,90250826
13000,325220,1648,16,90549159
13000,238111,1776,227,90663193
13000,813990,1897,161,90672558
13000,325211,1001,38,90879444
13000,922190,1081,38,91378194
13000,424420,1345,47,91470731
13000,541840,1051,141,91476499
13000,336350,1501,18,91585770
13000,922150,2125,104,92076914
13000,424470,1668,55,92378884
13000,423130,1535,73,93002224
13000,423490,1207,89,93669264
13000,327993,1515,17,94824767
13000,332991,1694,10,94927857
13000,445310,4085,927,95629104
13000,335312,1368,22,96248707
13000,423440,1672,148,96484271
13000,238351,2243,541,96753135
13000,313230,1534,25,96851190
13000,322212,1511,32,97052013
13000,423990,1888,235,97239344
13000,236116,932,103,97746648
13000,524127,919,36,97752275
13000,424120,2184,116,98138891
13000,541890,2738,300,98307972
13000,332312,1849,73,98680099
13000,532210,1463,117,98835520
13000,812210,3150,411,99409912
13000,212313,1400,73,99421970
13000,423420,1531,105,99626078
13000,621112,1627,335,99652665
13000,423620,1233,93,99784626
13000,331318,1892,8,99848374
13000,524130,1323,33,100530116
13000,541820,1216,332,100846261
13000,326160,2027,25,101242332
13000,335220,2192,12,101264109
13000,453220,3838,508,101626272
13000,722320,4024,314,102075011
13000,444220,3741,298,102860167
13000,313310,2035,59,102966419
13000,321911,1927,56,103755594
13000,522210,769,22,104215505
13000,484210,3026,245,104268688
13000,813212,1472,89,104402858
13000,326211,1959,12,104912601
13000,446120,5455,641,106806374
13000,339950,2338,240,106920019
13000,337215,2171,45,107103857
13000,423330,1415,86,107376320
13000,334513,1858,41,107771638
13000,813920,1375,174,107973270
13000,424810,2109,44,108303365
13000,424480,2250,109,108429248
13000,327991,2392,155,108910984
13000,311919,1998,13,109178935
13000,814110,3528,3184,109554790
13000,522120,1208,60,109842739
13000,541213,3102,1021,110607813
13000,238311,2047,288,110846498
13000,711510,1261,616,111258348
13000,448210,6347,569,111552295
13000,336212,2396,17,111662794
13000,325510,1967,178,112674185
13000,561790,3212,392,113255487
13000,238322,1886,194,113433304
13000,321920,2749,85,113445124
13000,722410,5697,443,113970710
13000,311821,1750,12,114122369
13000,444130,4015,375,114959401
13000,448310,3383,539,115213845
13000,336413,1894,23,116808324
13000,811212,1853,258,117117148
13000,532490,2041,236,117524446
13000,238991,2568,354,118117546
13000,238911,2694,430,118453172
13000,424720,1829,156,119376952
13000,541410,2039,530,121422626
13000,442299,5718,401,121803815
13000,532412,1690,119,121815746
13000,423210,1917,192,122956043
13000,326113,2175,26,123679688
13000,623220,3410,190,123724984
13000,423320,2101,193,124102624
13000,812930,4917,141,124631980
13000,922130,2108,140,128545947
13000,541714,1321,159,128872859
13000,811192,6189,496,129295804
13000,339112,1386,57,130169993
13000,327390,2332,66,130683681
13000,611710,2771,398,130874392
13000,541910,1856,212,131024798
13000,621310,3808,1139,132071153
13000,621498,2361,327,132525229
13000,624110,3805,240,133077094
13000,238122,2449,156,133790170
13000,926140,2094,185,135733596
13000,238192,2246,161,137549149
13000,922110,1714,117,137936621
13000,237210,1958,200,138881842
13000,322110,1535,22,139874680
13000,425110,2248,199,140494718
13000,337110,3651,282,140844702
13000,623990,4368,204,140948297
13000,488190,2367,168,142404575
13000,925110,2403,143,142569011
13000,511120,1644,228,143156354
13000,515210,1358,21,145026544
13000,924110,1711,24,145995264
13000,813410,8587,377,146104485
13000,624310,5912,286,146149860
13000,532111,4155,372,147842261
13000,312120,2132,66,147974782
13000,541430,2395,603,148011235
13000,713990,6558,602,148298410
13000,238312,2721,215,148914156
13000,611519,2257,194,150552233
13000,561312,1747,237,150603757
13000,561499,1769,192,150958931
13000,334118,1502,23,151439455
13000,322220,2863,35,151574506
13000,541620,1938,290,151895951
13000,448120,9329,960,152886840
13000,446130,3943,320,153815000
13000,327320,2792,166,155364352
13000,561920,2578,250,156339228
13000,424330,3401,135,156962185
13000,325180,1590,34,158603675
13000,311612,3126,37,159105076
13000,621493,2646,170,161658602
13000,312111,2582,32,162203543
13000,621320,3844,537,162203806
13000,551111,1396,81,162752067
13000,424130,2058,135,164586206
13000,238392,2908,158,167744758
13000,423730,2107,177,168068929
13000,336211,3360,33,169006926
13000,531390,1802,339,170827599
13000,236117,1811,198,170931126
13000,424910,2906,318,172134252
13000,339113,2538,66,172921538
13000,623311,6770,141,173948732
13000,488320,4404,19,176366727
13000,423710,2869,194,177067151
13000,333111,2054,47,178558130
13000,336370,3723,17,178938601
13000,451110,7225,577,179307566
13000,332321,2907,53,180444773
13000,423820,3395,207,180455956
13000,541380,2671,226,182620267
13000,453210,4046,212,183815237
13000,561990,5029,352,184545841
13000,325998,2680,48,184862842
13000,113310,4259,487,187164473
13000,238162,3522,181,187939211
13000,333120,3259,33,191261047
13000,484110,4367,563,192235757
13000,322121,2428,16,195290074
13000,923130,2185,64,196012336
13000,332322,4242,154,196693589
13000,423810,2563,144,199670754
13000,524298,2027,243,200990386
13000,524114,2792,65,201273158
13000,221210,1975,57,204435944
13000,336412,3066,12,207387818
13000,336111,3289,18,208188384
13000,313210,5270,36,208918369
13000,561439,3915,343,209221851
13000,923110,3537,63,210834475
13000,335122,2212,29,214130944
13000,238112,3855,223,214434143
13000,517911,2831,223,215866252
13000,335311,2129,43,216591013
13000,711310,4026,61,218000455
13000,493120,4509,64,220543526
13000,334220,1532,41,222653575
13000,522220,2801,240,223621590
13000,713940,13261,1116,224246125
13000,488111,4409,178,224827255
13000,541618,3286,447,225001109
13000,523999,1012,35,225978777
13000,325412,2183,74,226968450
13000,336999,3781,26,231724956
13000,484220,4779,658,233227217
13000,813910,3410,591,234193578
13000,524291,3114,224,234326091
13000,336390,4542,44,234583419
13000,621910,6197,169,234844505
13000,541990,3579,465,235898101
13000,448140,12961,646,239182704
13000,924120,5183,469,240454504
13000,522310,2047,281,243393726
13000,423720,3384,220,243667915
13000,423840,3274,343,245932837
13000,238992,4568,389,247154160
13000,562111,5168,296,247622695
13000,561510,3213,322,249119466
13000,532120,4967,248,249605868
13000,541690,2690,628,251672334
13000,322211,3491,68,252265463
13000,541614,3160,566,253354919
13000,423510,3801,203,255988735
13000,441320,6317,807,259403526
13000,311812,4604,114,263163482
13000,624190,7742,982,264481733
13000,621399,4651,508,265812617
13000,812112,10069,2044,269243892
13000,333415,4648,62,269640694
13000,332710,5265,465,270430130
13000,621420,7426,511,270907518
13000,423930,4434,317,272044629
13000,522291,4331,766,272349561
13000,541850,3453,144,272439064
13000,238211,6119,1064,274861185
13000,561621,4093,277,275884273
13000,442210,4000,273,285164355
13000,561422,10562,193,285891645
13000,423120,5015,335,290143306
13000,623312,12142,491,290551629
13000,561440,4911,189,290846335
13000,484230,5635,414,290917733
13000,811310,5403,756,291695748
13000,522130,5416,272,294089043
13000,522298,4371,763,301712306
13000,237110,5385,412,301789739
13000,236118,6320,1795,302266077
13000,622310,5236,37,303945303
13000,541612,3101,464,305190202
13000,424820,4111,96,305413372
13000,713910,11628,287,308805973
13000,322130,3436,19,318128899
13000,321113,5989,156,320437347
13000,442110,7398,899,320716384
13000,621492,5946,377,321476991
13000,238292,4632,351,329141003
13000,551112,2706,212,330644627
13000,621511,5656,777,336290290
13000,541519,3773,470,340258326
13000,624120,16382,1721,341157549
13000,561210,8356,195,341586118
13000,622210,7392,77,343446978
13000,423220,6491,291,344777867
13000,444190,6321,475,346334578
13000,722515,17827,1240,348133662
13000,423110,4489,180,350777598
13000,517919,2452,82,354447013
13000,423690,3485,300,360233239
13000,424690,4469,335,369893148
13000,561710,7591,633,378121785
13000,524292,5082,225,381318083
13000,511110,4467,211,382754137
13000,424490,6583,269,383803537
13000,454110,9148,686,385980591
13000,237990,3895,195,387508666
13000,722310,14244,561,389570146
13000,238912,7548,522,394985056
13000,811121,7801,944,396769672
13000,236210,5058,222,402597077
13000,441120,7692,906,405735004
13000,611210,11323,87,410881030
13000,326199,8330,160,411159395
13000,541715,3851,274,419307706
13000,423310,5913,253,420566092
13000,621340,9217,918,432143535
13000,519130,4312,518,434566279
13000,811111,10122,2071,434807458
13000,541940,12337,918,437790360
13000,531120,6498,791,437922653
13000,711211,2113,57,438496283
13000,621491,3666,87,441641317
13000,523920,2575,508,458231968
13000,921130,6353,52,473729409
13000,424410,8056,164,475676145
13000,541310,5285,607,475923860
13000,313110,10722,91,477551061
13000,922140,11820,131,483114236
13000,922120,5895,152,488694887
13000,531312,5001,598,497621133
13000,531110,10307,1399,499380046
13000,921190,8780,216,501002357
13000,531311,10336,1180,501729674
13000,561612,22821,372,507271284
13000,541513,6560,255,511017482
13000,323111,10206,629,517723155
13000,441310,15734,1322,520406025
13000,237310,8666,276,520809854
13000,517312,5844,171,526279985
13000,541219,8995,1575,532487932
13000,926120,6340,87,584300882
13000,541214,7331,174,584924464
13000,561311,12146,752,586162432
13000,561450,4109,49,593009560
13000,522292,5567,499,594394025
13000,236115,8626,2281,614831484
13000,541613,9497,1761,615958324
13000,238221,13224,1883,621635146
13000,561720,28831,2046,628029476
13000,447110,26999,4425,645286232
13000,423610,6977,432,650121530
13000,524113,7122,157,654633322
13000,523930,4240,1028,671652092
13000,488510,11764,850,708713564
13000,444110,25069,263,708763657
13000,624410,33652,2267,709881272
13000,452210,32754,444,710188211
13000,424210,5829,303,721729095
13000,541810,7084,534,740089947
13000,523110,2757,197,769731030
13000,237130,11664,357,788849847
13000,523120,4319,842,790201295
13000,446110,19924,2050,817969169
13000,423450,8690,479,829259568
13000,531210,10743,4424,843927037
13000,484122,15274,409,883138733
13000,561730,23384,2947,900926710
13000,621610,26496,1143,906040313
13000,423830,12109,800,908509382
13000,999999,13993,19181,931859517
13000,512110,14623,508,969843624
13000,443142,16844,1209,998935773
13000,492110,22813,304,1023350409
13000,484121,20898,1315,1030440426
13000,522320,10770,288,1044512835
13000,238222,17248,1049,1047213408
13000,491110,17257,676,1051757536
13000,623110,33773,452,1082550667
13000,561330,27389,851,1088814576
13000,515120,9609,96,1099389579
13000,561110,15167,1282,1119331307
13000,311615,32701,69,1129595399
13000,314110,23933,184,1137036915
13000,721110,44107,2012,1178870447
13000,221122,12429,253,1220822443
13000,923120,15563,162,1247039623
13000,423430,10994,441,1383001679
13000,238212,22652,1583,1403145352
13000,524126,19980,501,1404651796
13000,236220,19190,1677,1480650173
13000,621210,27802,3492,1490255571
13000,518210,12664,761,1501431335
13000,541211,17200,1751,1658498052
13000,336411,15694,64,1703265205
13000,493110,44959,592,1825695211
13000,445110,80434,1580,1829067600
13000,441110,33011,522,1961079835
13000,928110,27057,83,1985176796
13000,511210,16931,945,2002186762
13000,722513,167444,8242,2460108346
13000,541611,21691,3330,2536288493
13000,541110,31486,5805,2747277550
13000,541330,31040,2404,2835698931
13000,524210,33777,4478,2847857772
13000,517311,29233,645,2919536490
13000,541511,29065,3393,3048020161
13000,522110,35699,2254,3172255111
13000,541512,31793,4837,3298186428
13000,722511,172597,7237,3412925904
13000,425120,35763,10081,3495331829
13000,561320,125177,2570,4051485848
13000,481111,40304,43,4624799897
13000,921140,122270,674,5107586205
13000,611310,83769,269,5672992426
13000,621111,88936,6800,7248572872
13000,551114,69270,1220,8215432220
13000,622110,177998,371,10419650513
13000,611110,272787,3253,11384809589