,relevant_naics,estab,emp,payann,fips
243447,2382,3,9,171,31083
243448,2389,3,4,70,31083
243449,4245,6,42,682,31083
243450,4249,3,15,702,31083
243451,5221,5,35,1912,31083
243452,5242,5,13,692,31083
243453,5411,3,4,104,31083
243454,5412,3,20,126,31083
243455,6213,3,21,735,31083
243456,7225,10,52,424,31083
243457,8131,4,24,429,31083
243458,1151,5,98,9690,31185
243459,2361,12,39,928,31185
243460,2362,3,14,556,31185
243461,2381,12,129,6769,31185
243462,2382,16,94,4920,31185
243463,2383,3,3,119,31185
243464,2389,3,15,779,31185
243465,3111,3,63,2890,31185
243466,3273,3,40,2617,31185
243467,3331,4,35,1373,31185
243468,4231,6,80,3184,31185
243469,4238,11,118,5923,31185
243470,4245,9,76,3629,31185
243471,4249,7,44,2783,31185
243472,4251,4,6,192,31185
243473,4411,3,37,2212,31185
243474,4413,6,46,1243,31185
243475,4441,6,48,1883,31185
243476,4442,3,33,1090,31185
243477,4461,4,31,1374,31185
243478,4471,11,280,6252,31185
243479,4481,3,13,268,31185
243480,4523,3,213,6099,31185
243481,4532,4,12,241,31185
243482,4531,3,6,83,31185
243483,4841,8,20,1344,31185
243484,4842,15,27,448,31185
243485,5173,7,86,3777,31185
243486,5221,14,292,12516,31185
243487,5239,6,13,1258,31185
243488,5242,19,37,1490,31185
243489,5311,6,19,396,31185
243490,5312,5,3,115,31185
243491,5313,4,4,145,31185
243492,5411,6,22,932,31185
243493,5412,6,58,2225,31185
243494,5415,4,10,603,31185
243495,5511,3,79,6859,31185
243496,5613,5,476,18686,31185
243497,5616,3,78,1271,31185
243498,5617,5,25,859,31185
243499,5621,3,20,760,31185
243500,6211,5,79,6132,31185
243501,6212,4,35,1731,31185
243502,6213,15,77,2345,31185
243503,6244,5,24,411,31185
243504,7139,4,41,801,31185
243505,7211,8,72,1727,31185
243506,7225,27,605,7907,31185
243507,7223,3,47,486,31185
243508,8111,25,183,4911,31185
243509,8113,6,15,736,31185
243510,8121,9,25,427,31185
243511,8131,24,202,3851,31185
243512,8139,3,7,148,31185
243513,8134,3,20,187,31185
243514,2131,4,72,3690,31087
243515,2382,3,3,45,31087
243516,4245,3,17,754,31087
243517,4249,4,26,901,31087
243518,4471,4,25,534,31087
243519,4842,4,19,1253,31087
243520,5221,4,18,813,31087
243521,7225,5,24,114,31087
243522,8131,3,7,75,31087
243523,1151,7,209,8939,31019
243524,2123,4,35,1598,31019
243525,2212,5,41,3153,31019
243526,2361,52,118,3908,31019
243527,2361,7,9,297,31037
243528,2362,13,129,8354,31019
243529,2362,3,26,1224,31037
243530,2382,8,27,950,31037
243531,2389,8,55,2792,31037
243532,4238,3,33,1837,31037
243533,4245,8,44,2308,31037
243534,4249,4,138,8611,31037
243535,4411,4,16,706,31037
243536,4413,4,16,494,31037
243537,4451,4,87,1429,31037
243538,4471,6,67,877,31037
243539,4523,4,22,448,31037
243540,4543,5,61,2540,31037
243541,4841,15,115,5537,31037
243542,4842,22,84,3641,31037
243543,5221,6,61,2875,31037
243544,5242,7,25,935,31037
243545,5311,3,2,69,31037
243546,5416,4,21,865,31037
243547,5419,5,26,779,31037
243548,2371,8,75,4834,31019
243549,2381,38,214,9580,31019
243550,2373,3,55,2280,31019
243551,2382,52,328,15874,31019
243552,2383,27,106,3928,31019
243553,2389,18,71,3072,31019
243554,3116,7,703,36032,31019
243555,3231,8,146,4749,31019
243556,3273,3,51,2354,31019
243557,3323,3,212,12172,31019
243558,3327,6,52,2612,31019
243559,3335,3,40,2097,31019
243560,3363,4,1823,90223,31019
243561,3399,3,14,295,31019
243562,4234,7,30,982,31019
243563,4233,5,41,3429,31019
243564,4236,4,26,1528,31019
243565,6211,4,30,1347,31037
243566,6213,4,17,428,31037
243567,7139,5,21,366,31037
243568,7224,4,24,177,31037
243569,7225,9,70,888,31037
243570,8111,9,21,1002,31037
243571,8113,4,14,642,31037
243572,8121,4,11,113,31037
243573,4237,6,44,2081,31019
243574,8122,3,11,216,31037
243575,8131,16,93,1729,31037
243576,4238,18,140,7967,31019
243577,4239,5,141,4319,31019
243578,4244,5,42,1805,31019
243579,4246,3,24,1066,31019
243580,4245,8,63,3608,31019
243581,4249,15,460,23421,31019
243582,4251,5,52,1074,31019
243583,4411,14,204,8459,31019
243584,4412,7,93,4113,31019
243585,4413,8,80,2877,31019
243586,4421,6,76,2538,31019
243587,4431,10,63,2011,31019
243588,4441,18,428,13547,31019
243589,4442,8,83,2913,31019
243590,4451,9,624,11780,31019
243591,4452,4,27,583,31019
243592,4453,3,13,479,31019
243593,4461,16,132,4031,31019
243594,4471,4,64,1527,31049
243595,4842,4,3,139,31049
243596,5221,3,17,684,31049
243597,5242,3,9,451,31049
243598,7225,5,40,922,31049
243599,8131,7,11,111,31049
243600,4471,34,413,7896,31019
243601,4481,21,176,2097,31019
243602,4482,7,65,1183,31019
243603,4483,5,33,911,31019
243604,4511,11,169,3932,31019
243605,4523,6,579,14740,31019
243606,4531,3,23,351,31019
243607,4532,6,59,1974,31019
243608,4533,9,53,771,31019
243609,4539,15,65,1648,31019
243610,4541,7,243,6580,31019
243611,4543,10,64,1882,31019
243612,4841,24,441,21370,31019
243613,4842,39,171,6801,31019
243614,4881,3,8,332,31019
243615,2381,5,9,533,31011
243616,1151,3,4,165,31011
243617,2361,9,10,315,31011
243618,2382,4,8,173,31011
243619,4238,4,74,3937,31011
243620,4245,7,68,2328,31011
243621,4249,4,41,2638,31011
243622,4251,3,10,205,31011
243623,4441,4,6,139,31011
243624,4413,4,12,269,31011
243625,4451,4,59,1002,31011
243626,4461,3,29,1075,31011
243627,4471,5,40,782,31011
243628,4523,3,59,715,31011
243629,4841,9,52,1617,31011
243630,4842,10,27,846,31011
243631,5221,6,65,3684,31011
243632,5242,7,24,785,31011
243633,5411,3,13,451,31011
243634,5617,3,6,158,31011
243635,6111,3,32,595,31011
243636,6212,3,16,485,31011
243637,6213,4,18,626,31011
243638,6241,3,15,130,31011
243639,7225,8,55,733,31011
243640,8111,6,7,267,31011
243641,8113,3,8,389,31011
243642,8122,3,5,172,31011
243643,8131,4,21,283,31011
243644,8134,3,6,98,31011
243645,4931,3,110,3781,31019
243646,5111,4,90,2376,31019
243647,5221,28,382,19521,31019
243648,5222,4,24,1626,31019
243649,5223,4,10,270,31019
243650,5231,11,32,2435,31019
243651,5239,18,67,6108,31019
243652,5173,23,272,11253,31019
243653,5241,10,19,1089,31019
243654,5242,58,173,6843,31019
243655,5311,23,39,1878,31019
243656,5312,27,43,1829,31019
243657,5313,13,20,509,31019
243658,5321,4,23,567,31019
243659,5322,5,16,641,31019
243660,5324,3,18,1236,31019
243661,4842,3,10,179,31113
243662,5411,27,109,6028,31019
243663,5412,15,108,5504,31019
243664,5413,11,109,5452,31019
243665,5414,5,4,102,31019
243666,5415,10,161,9626,31019
243667,5416,23,98,6193,31019
243668,5418,3,8,461,31019
243669,5511,8,452,31815,31019
243670,5611,5,34,1264,31019
243671,5613,7,333,7961,31019
243672,5614,4,179,4594,31019
243673,5616,3,13,239,31019
243674,5617,35,279,7252,31019
243675,5619,3,7,354,31019
243676,5629,3,16,949,31019
243677,6111,6,70,1278,31019
243678,5419,12,96,2969,31019
243679,6116,6,51,311,31019
243680,2123,4,206,10714,31141
243681,2361,26,94,3328,31141
243682,2362,11,479,28939,31141
243683,2382,38,229,11217,31141
243684,2381,11,61,3347,31141
243685,2383,17,109,3223,31141
243686,2389,6,62,4020,31141
243687,3111,4,73,4401,31141
243688,3116,3,303,15798,31141
243689,3231,5,23,776,31141
243690,3273,5,114,6701,31141
243691,3323,6,681,29131,31141
243692,3327,9,83,3925,31141
243693,3331,5,387,24722,31141
243694,3339,4,230,9107,31141
243695,3353,3,7,234,31141
243696,3399,5,55,2089,31141
243697,6211,53,935,84135,31019
243698,6212,27,188,7993,31019
243699,6214,15,131,6051,31019
243700,6219,4,34,1495,31019
243701,6231,6,476,14362,31019
243702,6213,54,274,15701,31019
243703,6233,5,164,3285,31019
243704,6241,19,242,6641,31019
243705,6242,5,33,897,31019
243706,6243,4,120,2603,31019
243707,6244,17,227,3252,31019
243708,7111,3,10,243,31019
243709,7113,3,138,786,31019
243710,7115,3,41,286,31019
243711,7121,6,44,814,31019
243712,7139,16,201,2502,31019
243713,4238,20,210,14329,31141
243714,4231,3,44,2362,31141
243715,4236,3,65,3721,31141
243716,4239,3,70,2304,31141
243717,4245,9,100,4954,31141
243718,4246,3,24,1426,31141
243719,4249,11,117,6031,31141
243720,4251,4,41,1274,31141
243721,4411,10,186,8121,31141
243722,4412,3,17,657,31141
243723,4413,9,81,2495,31141
243724,4421,3,22,644,31141
243725,4422,4,28,867,31141
243726,4431,5,19,483,31141
243727,4441,16,244,7482,31141
243728,4442,5,27,632,31141
243729,4451,4,436,8415,31141
243730,4461,14,189,6100,31141
243731,4471,23,317,5668,31141
243732,4481,14,103,1782,31141
243733,7211,25,658,12645,31019
243734,7223,11,107,1799,31019
243735,7225,96,1974,31209,31019
243736,7224,17,182,2287,31019
243737,8111,45,253,8123,31019
243738,8113,5,42,2404,31019
243739,8114,3,12,409,31019
243740,8121,25,91,1599,31019
243741,8122,4,16,428,31019
243742,8129,10,34,685,31019
243743,8131,46,403,8608,31019
243744,8132,10,97,2089,31019
243745,8133,4,20,426,31019
243746,4482,4,24,360,31141
243747,4483,4,7,334,31141
243748,4511,8,41,768,31141
243749,4523,6,349,8937,31141
243750,4531,4,13,90,31141
243751,4533,4,33,690,31141
243752,4532,6,41,1687,31141
243753,4539,6,19,359,31141
243754,4543,10,18,759,31141
243755,4842,26,179,8085,31141
243756,4841,22,104,3295,31141
243757,4885,5,38,1404,31141
243758,5111,4,28,1105,31141
243759,5173,10,66,2779,31141
243760,5221,28,329,17306,31141
243761,8134,10,66,874,31019
243762,8139,11,19,794,31019
243763,2382,8,29,1332,31143
243764,2389,3,7,227,31143
243765,5222,5,28,2688,31141
243766,4238,4,58,2758,31143
243767,4245,4,44,1934,31143
243768,4442,3,12,496,31143
243769,4471,3,57,949,31143
243770,4842,5,9,242,31143
243771,5221,5,36,1681,31143
243772,5411,5,7,113,31143
243773,5416,4,6,219,31143
243774,5223,3,6,139,31141
243775,5231,9,34,2273,31141
243776,5239,12,17,2244,31141
243777,5242,29,86,4059,31141
243778,5311,15,73,1562,31141
243779,5312,14,38,2115,31141
243780,5313,6,11,332,31141
243781,5242,6,14,689,31143
243782,5411,14,37,3035,31141
243783,5412,13,120,3103,31141
243784,5413,10,120,8084,31141
243785,5416,7,48,2172,31141
243786,5419,13,95,3295,31141
243787,5511,5,37,3517,31141
243788,5611,3,23,1262,31141
243789,5613,8,199,6571,31141
243790,5614,3,629,6378,31141
243791,5617,20,132,4111,31141
243792,5619,4,28,786,31141
243793,5617,4,4,91,31143
243794,7225,4,42,352,31143
243795,8111,6,16,593,31143
243796,8131,10,31,338,31143
243797,2361,5,6,164,31169
243798,2371,3,20,527,31169
243799,2382,9,30,979,31169
243800,2389,5,19,685,31169
243801,3331,3,512,23781,31169
243802,4238,6,60,3292,31169
243803,5621,3,27,706,31141
243804,5629,3,11,354,31141
243805,6111,9,296,7306,31141
243806,6116,4,22,432,31141
243807,6211,19,257,20995,31141
243808,6212,10,75,4097,31141
243809,6213,24,217,8950,31141
243810,6214,10,44,3347,31141
243811,6219,3,36,1891,31141
243812,6231,3,287,8443,31141
243813,6241,11,177,3438,31141
243814,6244,8,32,573,31141
243815,7139,9,156,1558,31141
243816,7211,8,140,2251,31141
243817,7223,5,27,497,31141
243818,7224,13,64,813,31141
243819,7225,48,905,11878,31141
243820,8111,31,102,3542,31141
243821,8113,8,20,854,31141
243822,8121,10,46,932,31141
243823,8122,3,15,725,31141
243824,8123,6,90,3024,31141
243825,8131,24,226,4787,31141
243826,8132,4,7,335,31141
243827,8133,4,15,291,31141
243828,8134,6,59,1083,31141
243829,8139,3,9,457,31141
243830,4245,7,57,3206,31169
243831,4249,11,115,7563,31169
243832,4413,3,6,235,31169
243833,4441,3,18,345,31169
243834,4451,4,41,655,31169
243835,4471,7,72,1096,31169
243836,4841,3,13,551,31169
243837,4842,10,24,371,31169
243838,5221,5,77,4099,31169
243839,5242,7,19,724,31169
243840,5411,5,14,491,31169
243841,5412,3,9,58,31169
243842,6231,3,180,4435,31169
243843,7225,11,115,692,31169
243844,8111,7,16,389,31169
243845,8113,5,23,947,31169
243846,8122,4,9,123,31169
243847,8131,16,70,699,31169
243848,2361,7,8,325,31013
243849,2371,3,10,470,31013
243850,2381,5,8,208,31013
243851,2382,10,33,1215,31013
243852,2389,6,26,1836,31013
243853,4238,6,61,2942,31013
243854,4244,3,62,1899,31013
243855,4245,5,81,4240,31013
243856,4249,3,34,2140,31013
243857,4413,3,14,432,31013
243858,4441,3,19,520,31013
243859,4451,4,142,3039,31013
243860,4471,7,73,2169,31013
243861,4523,5,95,1797,31013
243862,2361,3,4,146,31017
243863,2371,3,14,439,31017
243864,2381,5,5,137,31017
243865,2382,7,17,882,31017
243866,4413,4,28,855,31017
243867,4441,3,45,306,31017
243868,4442,3,67,2932,31017
243869,4451,3,55,904,31017
243870,4471,6,62,1385,31017
243871,4523,3,44,965,31017
243872,4842,8,17,741,31017
243873,5221,5,32,1569,31017
243874,5242,5,16,404,31017
243875,6213,6,34,1178,31017
243876,7211,3,20,275,31017
243877,7225,7,62,509,31017
243878,8111,5,15,402,31017
243879,8131,6,15,261,31017
243880,4238,3,62,2515,31161
243881,4245,3,63,666,31161
243882,4249,3,12,679,31161
243883,4411,3,9,280,31161
243884,4413,3,4,97,31161
243885,4441,3,10,242,31161
243886,4451,5,75,1151,31161
243887,4471,5,33,977,31161
243888,4523,5,27,957,31161
243889,4842,3,6,127,31161
243890,1151,4,9,521,31109
243891,1152,10,17,371,31109
243892,2211,4,17,2767,31109
243893,2361,236,825,39310,31109
243894,4842,7,2,127,31013
243895,4882,3,42,3303,31013
243896,5111,3,13,355,31013
243897,5173,6,42,1686,31013
243898,5221,11,66,2681,31013
243899,5239,3,14,455,31013
243900,5242,9,31,1379,31013
243901,5311,6,24,257,31013
243902,5411,3,5,189,31013
243903,5412,9,29,842,31013
243904,5419,3,37,1226,31013
243905,5617,9,25,401,31013
243906,6211,3,29,1197,31013
243907,6212,6,32,1443,31013
243908,6213,6,23,938,31013
243909,6241,4,22,777,31013
243910,6244,3,22,436,31013
243911,7139,3,43,269,31013
243912,7211,8,58,901,31013
243913,7224,4,13,248,31013
243914,7225,19,394,5997,31013
243915,8111,12,39,1219,31013
243916,8121,4,5,92,31013
243917,8131,13,111,1588,31013
243918,8134,4,12,95,31013
243919,8139,7,66,493,31013
243920,2362,42,1041,66873,31109
243921,2371,23,416,24337,31109
243922,2372,9,48,1910,31109
243923,2373,16,309,23898,31109
243924,2379,4,548,28887,31109
243925,2381,218,1450,68588,31109
243926,2382,217,2539,133010,31109
243927,1151,4,52,2790,31001
243928,2361,25,53,1608,31001
243929,2362,4,38,2087,31001
243930,2373,4,207,18245,31001
243931,2381,14,115,4273,31001
243932,2383,8,23,719,31001
243933,2382,32,249,13800,31001
243934,2389,9,14,609,31001
243935,3116,3,465,16953,31001
243936,3219,3,53,1891,31001
243937,3261,8,374,13247,31001
243938,3315,3,111,3795,31001
243939,3327,3,15,584,31001
243940,3331,4,198,10150,31001
243941,4231,4,32,1308,31001
243942,4236,3,12,595,31001
243943,4237,3,105,6621,31001
243944,4238,13,132,6664,31001
243945,4239,5,21,671,31001
243946,4245,14,223,9906,31001
243947,4246,3,37,1878,31001
243948,4249,11,98,5899,31001
243949,2383,233,1057,42735,31109
243950,2389,87,773,35040,31109
243951,3111,8,160,8537,31109
243952,3112,4,389,24788,31109
243953,3116,7,1193,54513,31109
243954,3118,10,147,2586,31109
243955,3121,10,68,2442,31109
243956,3219,7,61,2130,31109
243957,3222,3,199,9148,31109
243958,3231,27,339,13441,31109
243959,3251,3,37,2951,31109
243960,3254,3,962,90308,31109
243961,3261,11,1025,48873,31109
243962,4251,3,6,166,31001
243963,4411,15,178,7126,31001
243964,4413,12,83,2236,31001
243965,4421,3,26,549,31001
243966,4431,6,37,984,31001
243967,4441,14,270,7393,31001
243968,4442,4,37,1109,31001
243969,4451,5,272,5440,31001
243970,4452,4,17,582,31001
243971,4453,3,28,338,31001
243972,4461,14,122,5225,31001
243973,4471,21,194,3629,31001
243974,4481,4,26,368,31001
243975,4482,3,16,231,31001
243976,4511,3,20,297,31001
243977,4512,4,8,97,31001
243978,4523,6,308,8836,31001
243979,4533,4,35,545,31001
243980,4539,4,12,180,31001
243981,4541,3,41,1226,31001
243982,4543,5,13,439,31001
243983,3262,3,525,24011,31109
243984,3271,3,97,5448,31109
243985,3273,10,292,14928,31109
243986,3323,10,252,16815,31109
243987,3327,13,278,15168,31109
243988,3328,4,496,31739,31109
243989,3332,5,116,4656,31109
243990,3335,5,130,6119,31109
243991,3339,3,17,765,31109
243992,3342,3,277,11971,31109
243993,3344,3,880,50441,31109
243994,3359,3,473,23411,31109
243995,3345,5,658,49972,31109
243996,3363,6,341,15477,31109
243997,3364,3,196,12988,31109
243998,3365,3,515,24181,31109
243999,3369,3,794,42769,31109
244000,3371,5,37,1680,31109
244001,3372,4,30,1241,31109
244002,3391,10,108,4723,31109
244003,3399,8,167,6753,31109
244004,4231,21,329,17404,31109
244005,4232,11,90,3943,31109
244006,4233,25,285,19031,31109
244007,4234,35,290,17384,31109
244008,4841,15,57,2317,31001
244009,4842,21,40,1469,31001
244010,4931,4,53,1764,31001
244011,5173,7,39,2108,31001
244012,5221,17,191,9342,31001
244013,5231,3,4,710,31001
244014,5239,11,42,5240,31001
244015,5241,6,14,447,31001
244016,5242,31,141,7220,31001
244017,5311,18,46,1067,31001
244018,5312,15,19,768,31001
244019,5313,7,14,446,31001
244020,5411,16,55,2478,31001
244021,5412,14,65,1965,31001
244022,5413,3,4,281,31001
244023,5415,3,11,398,31001
244024,5416,13,31,1031,31001
244025,4235,3,89,4701,31109
244026,4236,32,319,17619,31109
244027,4237,21,164,8901,31109
244028,4238,44,572,33876,31109
244029,4239,10,132,5978,31109
244030,4241,6,27,1609,31109
244031,4242,10,45,2683,31109
244032,4244,20,1012,56521,31109
244033,4245,12,106,4503,31109
244034,4246,11,73,4211,31109
244035,4247,7,79,5654,31109
244036,4248,4,97,3578,31109
244037,4249,28,283,16822,31109
244038,5418,4,20,1268,31001
244039,5419,11,68,2456,31001
244040,5613,4,134,3837,31001
244041,5614,6,23,443,31001
244042,5616,3,24,535,31001
244043,5617,28,193,3193,31001
244044,5619,3,13,484,31001
244045,5621,3,40,2145,31001
244046,5629,3,5,199,31001
244047,6111,4,98,2510,31001
244048,6116,3,17,114,31001
244049,6211,23,253,24968,31001
244050,6212,11,113,7011,31001
244051,6213,17,86,3348,31001
244052,6214,10,89,3271,31001
244053,6219,3,22,1140,31001
244054,6233,6,393,8794,31001
244055,6241,13,154,3347,31001
244056,6243,3,145,2772,31001
244057,6244,9,197,3926,31001
244058,7139,12,164,1738,31001
244059,5221,4,70,3249,31161
244060,5411,3,9,220,31161
244061,5242,9,36,1355,31161
244062,5419,3,10,443,31161
244063,6213,3,8,223,31161
244064,6241,3,15,451,31161
244065,7139,3,8,62,31161
244066,7211,3,5,117,31161
244067,7224,4,10,71,31161
244068,7225,9,62,1172,31161
244069,8111,4,12,300,31161
244070,8113,3,4,97,31161
244071,8131,12,24,259,31161
244072,4251,22,141,4944,31109
244073,4411,57,1306,70759,31109
244074,4412,11,153,7978,31109
244075,4413,61,611,18813,31109
244076,4421,12,119,4775,31109
244077,4422,32,266,7113,31109
244078,4431,21,264,8730,31109
244079,4441,61,1614,46054,31109
244080,7211,8,78,1265,31001
244081,7223,8,109,1521,31001
244082,7224,7,45,319,31001
244083,7225,61,1118,14733,31001
244084,8111,24,83,2560,31001
244085,8113,5,19,777,31001
244086,8121,4,27,564,31001
244087,8122,3,19,472,31001
244088,8129,5,16,180,31001
244089,8131,31,196,3805,31001
244090,8134,5,21,306,31001
244091,8139,3,25,328,31001
244092,2361,3,8,287,31163
244093,2382,3,12,334,31163
244094,4442,5,36,1779,31163
244095,4471,3,31,504,31163
244096,4841,3,4,48,31163
244097,4842,5,17,256,31163
244098,7225,5,30,230,31163
244099,8131,7,24,197,31163
244100,4442,18,235,5286,31109
244101,4451,61,3759,72616,31109
244102,4452,17,117,2261,31109
244103,4453,19,112,1937,31109
244104,4461,94,1226,39876,31109
244105,4471,108,1142,24225,31109
244106,4481,83,1082,16339,31109
244107,2361,4,22,671,31129
244108,2382,9,24,718,31129
244109,4238,3,33,1687,31129
244110,4245,3,20,1209,31129
244111,4249,7,55,2226,31129
244112,4471,6,46,991,31129
244113,4482,24,237,3961,31109
244114,4483,21,150,4725,31109
244115,4511,53,901,17579,31109
244116,4512,11,188,2513,31109
244117,4522,11,908,15685,31109
244118,4523,24,1939,52040,31109
244119,4531,7,30,493,31109
244120,4532,27,190,3223,31109
244121,4533,28,330,5868,31109
244122,4841,3,2,50,31129
244123,4842,8,22,644,31129
244124,5221,6,59,2740,31129
244125,5242,6,10,331,31129
244126,5412,5,25,1365,31129
244127,5617,6,26,676,31129
244128,6213,3,10,337,31129
244129,6241,3,52,1002,31129
244130,7139,4,23,186,31129
244131,7225,8,40,422,31129
244132,8111,9,14,488,31129
244133,8131,6,12,143,31129
244134,4539,46,362,8006,31109
244135,4541,60,982,52072,31109
244136,4543,33,125,4348,31109
244137,4542,5,93,3151,31109
244138,4841,80,1808,79248,31109
244139,4853,6,41,551,31109
244140,4859,5,62,1321,31109
244141,4881,3,1189,82983,31109
244142,4884,10,65,1605,31109
244143,4885,12,29,2258,31109
244144,4921,12,371,14316,31109
244145,4922,4,15,383,31109
244146,4842,60,549,32419,31109
244147,4238,3,33,2041,31149
244148,4842,7,11,247,31149
244149,8131,3,12,85,31149
244150,4931,11,482,20142,31109
244151,5111,20,1289,76492,31109
244152,5112,25,1992,162205,31109
244153,5121,13,166,2177,31109
244154,5151,10,172,7784,31109
244155,5173,41,906,50262,31109
244156,5182,19,285,17072,31109
244157,5191,13,65,4126,31109
244158,5221,173,2476,139779,31109
244159,4451,4,19,246,31063
244160,4471,4,32,881,31063
244161,4842,3,7,287,31063
244162,5221,4,30,2386,31063
244163,7225,4,12,229,31063
244164,8111,4,14,582,31063
244165,8131,5,7,139,31063
244166,5222,31,2377,152937,31109
244167,5223,32,2843,141745,31109
244168,5231,38,204,42239,31109
244169,5239,112,388,40501,31109
244170,5241,48,4587,314857,31109
244171,5242,236,1057,59731,31109
244172,5311,118,616,17841,31109
244173,5312,192,337,17754,31109
244174,1151,3,43,1052,31089
244175,2389,3,45,2389,31065
244176,2361,7,9,161,31089
244177,2362,3,18,911,31089
244178,2381,4,5,103,31065
244179,2382,4,19,677,31065
244180,3116,3,32,718,31065
244181,4245,5,73,5271,31065
244182,4411,3,12,351,31065
244183,4413,3,10,236,31065
244184,4451,4,59,863,31065
244185,4471,5,38,872,31065
244186,4841,7,19,663,31065
244187,5313,75,739,27325,31109
244188,5321,15,115,2738,31109
244189,5322,16,89,3765,31109
244190,5323,3,17,593,31109
244191,5324,11,214,9786,31109
244192,5331,4,146,8134,31109
244193,5411,150,1000,68428,31109
244194,5412,119,1160,48713,31109
244195,5413,111,1365,99164,31109
244196,4842,9,30,1103,31065
244197,5221,7,40,1738,31065
244198,5242,9,19,959,31065
244199,5411,3,7,305,31065
244200,5416,3,5,123,31065
244201,6211,3,34,2234,31065
244202,6213,4,25,1315,31065
244203,6233,4,71,1840,31065
244204,6241,4,41,804,31065
244205,7211,3,11,177,31065
244206,7225,6,53,401,31065
244207,8111,3,8,247,31065
244208,8122,3,6,304,31065
244209,8131,7,17,262,31065
244210,5414,36,129,4851,31109
244211,5415,141,1467,77026,31109
244212,5417,23,805,43911,31109
244213,5418,63,995,47795,31109
244214,5416,170,780,47367,31109
244215,5419,81,1044,58073,31109
244216,1152,9,36,753,31055
244217,1151,5,24,2186,31055
244218,2213,5,81,4288,31055
244219,2361,324,1249,56026,31055
244220,2362,83,1791,125037,31055
244221,5511,59,2634,193095,31109
244222,5613,43,2567,58177,31109
244223,5614,41,704,16366,31109
244224,5615,16,195,9873,31109
244225,5616,25,1090,22013,31109
244226,5617,270,1623,39191,31109
244227,2371,28,190,9853,31055
244228,5611,31,546,32438,31109
244229,2373,18,573,59601,31055
244230,2372,4,6,392,31055
244231,2379,4,9,464,31055
244232,2381,303,2341,116225,31055
244233,2382,364,6439,455775,31055
244234,2383,395,2599,114537,31055
244235,5619,17,80,3832,31109
244236,5621,42,437,17477,31109
244237,5629,8,68,3803,31109
244238,6111,17,688,16387,31109
244239,6113,7,1478,39670,31109
244240,6114,10,10,470,31109
244241,6115,11,66,1958,31109
244242,6116,63,602,6478,31109
244243,6117,17,113,4054,31109
244244,6211,225,3828,392706,31109
244245,2389,120,904,54945,31055
244246,3111,3,228,9010,31055
244247,3116,24,5747,246331,31055
244248,3119,5,175,5879,31055
244249,3118,18,1149,40302,31055
244250,3121,4,69,2884,31055
244251,3141,3,25,377,31055
244252,3149,11,106,2994,31055
244253,3152,4,36,1249,31055
244254,3219,8,147,4024,31055
244255,3222,5,624,35276,31055
244256,3231,68,1498,76769,31055
244257,6212,140,1060,55379,31109
244258,6213,280,1386,55990,31109
244259,6214,70,957,43918,31109
244260,6215,17,358,21555,31109
244261,6216,17,468,12005,31109
244262,6219,11,279,11894,31109
244263,6221,5,5926,299516,31109
244264,6231,13,2222,69059,31109
244265,6232,39,1161,28349,31109
244266,3254,11,509,37632,31055
244267,3261,18,1433,64858,31055
244268,3273,12,265,8272,31055
244269,3279,5,70,3016,31055
244270,3323,17,806,40606,31055
244271,3326,3,17,556,31055
244272,3327,20,236,9526,31055
244273,3328,4,24,1037,31055
244274,3329,4,147,7195,31055
244275,3331,3,2495,161752,31055
244276,3332,5,498,16602,31055
244277,3333,3,18,720,31055
244278,3339,11,536,32986,31055
244279,3345,5,147,10125,31055
244280,3346,5,60,3833,31055
244281,3371,13,158,5852,31055
244282,6233,28,1471,31739,31109
244283,6239,4,44,1280,31109
244284,6241,103,2266,55596,31109
244285,6242,16,304,8336,31109
244286,6243,11,82,2487,31109
244287,6244,110,1685,30080,31109
244288,3372,7,1064,49361,31055
244289,7111,7,148,907,31109
244290,7112,4,176,2484,31109
244291,7113,9,167,2552,31109
244292,7115,21,62,4246,31109
244293,7132,3,51,2326,31109
244294,7139,96,2364,30264,31109
244295,3391,25,845,49182,31055
244296,3399,24,332,14768,31055
244297,4231,50,1039,47537,31055
244298,4232,24,232,13156,31055
244299,4233,43,400,21965,31055
244300,4234,125,1959,156741,31055
244301,7211,65,1517,30039,31109
244302,7213,28,74,1110,31109
244303,7223,39,508,7370,31109
244304,7224,67,750,8439,31109
244305,7225,570,12870,192078,31109
244306,8111,192,1056,38205,31109
244307,4235,10,114,5828,31055
244308,4236,52,809,57919,31055
244309,4237,60,691,49779,31055
244310,4238,116,1416,87567,31055
244311,4239,51,555,32321,31055
244312,4241,21,246,16342,31055
244313,8112,15,53,1942,31109
244314,8113,19,79,4272,31109
244315,8114,24,68,2391,31109
244316,8121,201,842,14926,31109
244317,8122,11,118,5761,31109
244318,8129,32,354,7665,31109
244319,8131,180,2375,47073,31109
244320,8132,40,568,33142,31109
244321,2361,5,14,314,31147
244322,2371,4,11,530,31147
244323,2381,6,17,331,31147
244324,2382,7,17,721,31147
244325,4242,20,518,21798,31055
244326,8123,26,294,7039,31109
244327,2389,5,16,513,31147
244328,4243,4,53,2289,31055
244329,4244,73,2139,169745,31055
244330,4245,7,361,64102,31055
244331,4246,27,348,20345,31055
244332,4248,8,641,38202,31055
244333,4249,52,564,26862,31055
244334,4251,76,542,48021,31055
244335,4411,77,2781,151854,31055
244336,4238,3,34,1485,31147
244337,4245,10,32,1381,31147
244338,4247,8,208,10041,31055
244339,4249,10,46,2074,31147
244340,4251,3,7,113,31147
244341,4413,3,19,910,31147
244342,4441,5,29,1115,31147
244343,4442,3,4,144,31147
244344,4451,3,42,693,31147
244345,4471,4,35,638,31147
244346,4523,3,45,836,31147
244347,4841,9,19,372,31147
244348,4842,11,12,290,31147
244349,5173,3,30,2020,31147
244350,5221,5,44,1564,31147
244351,5242,6,24,792,31147
244352,5411,5,25,636,31147
244353,5412,3,23,583,31147
244354,5617,3,7,132,31147
244355,6212,3,16,708,31147
244356,6241,3,26,768,31147
244357,7139,3,12,208,31147
244358,7224,4,13,73,31147
244359,7225,15,121,1539,31147
244360,8111,10,26,565,31147
244361,8113,3,13,353,31147
244362,8131,14,49,422,31147
244363,4412,19,224,11013,31055
244364,4413,94,957,30235,31055
244365,4422,44,584,15156,31055
244366,4431,52,1089,40640,31055
244367,4441,77,2809,96097,31055
244368,4442,21,312,9258,31055
244369,8133,35,311,11791,31109
244370,8134,43,220,5364,31109
244371,4421,28,1152,48815,31055
244372,8139,125,796,39079,31109
244373,4451,115,7004,148210,31055
244374,4452,39,255,4443,31055
244375,4453,26,124,1967,31055
244376,4461,160,2169,70684,31055
244377,4471,152,1701,39325,31055
244378,4481,189,2813,43587,31055
244379,1151,4,30,1747,31093
244380,2361,7,6,179,31093
244381,2381,4,11,288,31093
244382,2382,10,25,633,31093
244383,2389,4,9,376,31093
244384,4238,4,25,1200,31093
244385,4442,3,15,751,31093
244386,4471,6,67,1305,31093
244387,4841,3,6,122,31093
244388,4842,7,13,463,31093
244389,5221,5,64,2791,31093
244390,5241,17,28,815,31093
244391,5242,7,19,641,31093
244392,4482,36,361,5964,31055
244393,4483,19,353,13520,31055
244394,4511,80,1371,30361,31055
244395,2371,5,81,4083,31089
244396,2382,14,50,1895,31089
244397,5416,3,7,280,31093
244398,4512,16,234,3503,31055
244399,4522,12,1348,23244,31055
244400,4523,49,3790,101993,31055
244401,2389,3,27,1144,31089
244402,4238,6,118,5819,31089
244403,4245,8,100,3628,31089
244404,4247,3,31,516,31089
244405,4249,12,102,5189,31089
244406,4411,3,33,1399,31089
244407,4412,3,7,204,31089
244408,4413,7,43,1434,31089
244409,4441,12,50,1369,31089
244410,4442,4,34,964,31089
244411,4451,6,134,2042,31089
244412,4471,10,115,1787,31089
244413,4523,5,86,1622,31089
244414,4531,3,3,59,31089
244415,4543,4,8,244,31089
244416,4841,17,36,1409,31089
244417,4842,22,154,6890,31089
244418,5151,4,28,608,31089
244419,5419,3,18,968,31093
244420,5617,3,15,214,31093
244421,6213,3,9,316,31093
244422,6244,3,23,246,31093
244423,7224,3,8,138,31093
244424,7225,6,32,293,31093
244425,8111,6,17,460,31093
244426,8122,3,7,281,31093
244427,8131,5,16,167,31093
244428,5173,5,20,938,31089
244429,5221,10,104,5262,31089
244430,5239,5,22,1411,31089
244431,5242,12,51,1977,31089
244432,5311,3,6,152,31089
244433,5313,3,1,49,31089
244434,5411,6,26,2041,31089
244435,5413,3,3,80,31089
244436,5412,5,11,276,31089
244437,5416,4,18,1174,31089
244438,5419,5,22,735,31089
244439,5617,3,7,191,31089
244440,6212,4,23,1242,31089
244441,6213,10,58,1543,31089
244442,6214,6,27,1426,31089
244443,6233,3,111,2857,31089
244444,6241,5,39,1418,31089
244445,7139,4,21,309,31089
244446,7211,5,41,547,31089
244447,7224,6,29,406,31089
244448,8111,13,36,1278,31089
244449,8113,9,33,1088,31089
244450,7225,16,165,2099,31089
244451,8122,3,8,379,31089
244452,8131,15,90,1802,31089
244453,4531,15,119,2106,31055
244454,4532,47,435,7655,31055
244455,4533,49,465,8740,31055
244456,4539,82,764,17209,31055
244457,4541,82,1345,57763,31055
244458,4542,14,110,3906,31055
244459,4543,57,179,5973,31055
244460,4811,6,432,13339,31055
244461,4812,6,190,19631,31055
244462,4841,134,3197,179548,31055
244463,2381,4,4,127,31151
244464,2383,3,5,234,31151
244465,2361,10,9,237,31151
244466,2382,9,89,4659,31151
244467,3327,3,13,587,31151
244468,4238,6,54,1973,31151
244469,4245,7,98,7008,31151
244470,4249,5,16,1157,31151
244471,4411,5,58,2727,31151
244472,4842,83,1230,49210,31055
244473,4853,5,44,872,31055
244474,4854,5,701,14849,31055
244475,4855,4,147,5540,31055
244476,4859,6,19,378,31055
244477,4881,13,291,9869,31055
244478,4882,10,76,4397,31055
244479,4884,16,122,4070,31055
244480,4885,45,245,15875,31055
244481,4921,24,1402,69341,31055
244482,4922,10,118,4043,31055
244483,4931,27,1194,43081,31055
244484,4413,3,16,389,31151
244485,4441,5,43,1400,31151
244486,4451,4,54,704,31151
244487,4461,3,19,718,31151
244488,4889,3,5,181,31055
244489,4471,7,74,1536,31151
244490,4523,5,187,4523,31151
244491,4543,3,30,1127,31151
244492,4841,8,50,2771,31151
244493,4842,6,12,670,31151
244494,5221,13,94,4504,31151
244495,5239,3,10,1032,31151
244496,5242,15,43,1200,31151
244497,5311,4,9,270,31151
244498,5412,5,17,461,31151
244499,5419,3,15,568,31151
244500,5617,6,176,4470,31151
244501,6211,3,25,1621,31151
244502,6212,5,19,582,31151
244503,6213,7,25,818,31151
244504,6244,6,72,1196,31151
244505,7139,3,23,273,31151
244506,7224,4,18,120,31151
244507,5111,26,1038,59711,31055
244508,5112,25,1595,145492,31055
244509,5121,30,483,7592,31055
244510,5122,8,27,993,31055
244511,5151,17,592,48359,31055
244512,5173,112,2185,127738,31055
244513,5179,6,52,4547,31055
244514,5191,19,758,77271,31055
244515,7225,20,212,2074,31151
244516,5182,42,2745,282092,31055
244517,8111,6,16,549,31151
244518,8121,5,6,61,31151
244519,8122,4,17,417,31151
244520,8134,3,12,108,31151
244521,8131,14,62,1051,31151
244522,8139,4,10,403,31151
244523,5221,225,7313,524305,31055
244524,5222,59,1574,148306,31055
244525,5223,100,6626,477361,31055
244526,5231,76,2331,235896,31055
244527,5239,236,1512,158336,31055
244528,1151,3,15,432,31073
244529,2371,3,8,419,31073
244530,4238,3,16,527,31073
244531,5242,4,17,1430,31073
244532,8131,3,11,141,31073
244533,5242,453,2792,213887,31055
244534,5259,3,7,587,31055
244535,5241,178,13590,1135727,31055
244536,5311,233,987,38510,31055
244537,2123,3,33,1119,31153
244538,2212,3,55,6137,31153
244539,2361,133,548,27351,31153
244540,2362,23,256,20040,31153
244541,2371,11,349,19537,31153
244542,2381,131,1839,102998,31153
244543,5312,429,1341,70442,31055
244544,5313,166,2720,131674,31055
244545,5321,36,472,14757,31055
244546,5323,7,55,1986,31055
244547,5322,30,207,7485,31055
244548,5324,33,173,10410,31055
244549,5331,12,245,28196,31055
244550,5411,359,3065,250307,31055
244551,2382,140,2653,160144,31153
244552,2383,146,1160,54112,31153
244553,2389,58,629,36199,31153
244554,3116,3,164,6843,31153
244555,3118,5,582,35767,31153
244556,3121,6,41,975,31153
244557,3231,6,75,3513,31153
244558,3273,10,661,39561,31153
244559,3279,3,37,1872,31153
244560,3323,5,60,2732,31153
244561,5412,268,2493,136420,31055
244562,5413,213,3831,377687,31055
244563,5414,90,259,12609,31055
244564,5415,281,2620,217734,31055
244565,5416,340,2907,202302,31055
244566,3399,4,13,319,31153
244567,4231,21,552,38630,31153
244568,4232,7,42,2776,31153
244569,4233,17,216,13224,31153
244570,4234,17,225,19963,31153
244571,3371,3,27,1502,31153
244572,3391,4,10,465,31153
244573,4235,12,279,15949,31153
244574,4236,12,122,8240,31153
244575,4237,26,433,33428,31153
244576,4238,42,1053,65452,31153
244577,4239,5,15,512,31153
244578,4241,7,67,3680,31153
244579,4242,5,74,1685,31153
244580,4244,18,230,9652,31153
244581,5418,101,965,49545,31055
244582,5419,133,1810,60219,31055
244583,5417,21,612,35828,31055
244584,4249,13,291,13011,31153
244585,4251,15,183,6506,31153
244586,5511,167,13756,1172619,31055
244587,4245,4,12,6776,31153
244588,4246,8,79,4366,31153
244589,4411,24,1053,51230,31153
244590,4412,6,46,2482,31153
244591,4413,22,212,8388,31153
244592,4422,10,157,4005,31153
244593,4431,10,105,3855,31153
244594,4441,21,723,22833,31153
244595,4442,7,86,3177,31153
244596,4451,16,1176,25622,31153
244597,4452,9,44,718,31153
244598,5611,63,373,27077,31055
244599,5613,140,7297,253249,31055
244600,5614,100,5189,183560,31055
244601,5615,33,1202,40442,31055
244602,5616,49,2308,74904,31055
244603,2382,3,4,123,31015
244604,4442,3,20,475,31015
244605,4841,3,3,56,31015
244606,4842,7,44,1720,31015
244607,5221,5,33,1336,31015
244608,8131,4,9,152,31015
244609,2371,3,5,143,31091
244610,7139,3,33,1884,31091
244611,2123,4,5,196,31003
244612,2361,7,13,323,31003
244613,2381,6,5,258,31003
244614,2382,9,36,1997,31003
244615,2383,3,13,297,31003
244616,2362,4,22,1324,31067
244617,2373,3,25,1004,31067
244618,2381,18,61,1902,31067
244619,2382,18,83,3068,31067
244620,2373,3,5,167,31095
244621,3116,4,209,6339,31095
244622,3273,3,17,879,31095
244623,4413,3,9,368,31095
244624,5612,14,294,13458,31055
244625,2361,12,20,462,31067
244626,2381,5,78,5206,31095
244627,2382,11,95,4619,31095
244628,2389,4,7,312,31095
244629,4238,3,18,1081,31095
244630,4245,4,89,3411,31095
244631,4249,6,64,2784,31095
244632,4251,3,18,246,31095
244633,4411,3,21,732,31095
244634,4471,3,19,621,31095
244635,4842,12,37,1103,31095
244636,5173,3,34,1997,31095
244637,4461,42,484,15490,31153
244638,4453,3,9,122,31153
244639,4481,63,784,10868,31153
244640,4471,45,548,12301,31153
244641,4482,13,193,2813,31153
244642,4483,8,62,1280,31153
244643,4511,11,389,6520,31153
244644,4512,4,13,355,31153
244645,4522,3,249,4175,31153
244646,4523,14,1596,44702,31153
244647,4531,6,21,500,31153
244648,4532,8,60,804,31153
244649,4533,12,173,3170,31153
244650,5221,9,59,2973,31095
244651,5242,6,20,719,31095
244652,5313,4,9,156,31095
244653,5419,4,29,958,31095
244654,5617,7,24,535,31095
244655,6213,6,16,554,31095
244656,6241,3,26,582,31095
244657,6244,4,30,418,31095
244658,7139,3,5,63,31095
244659,7225,17,169,3351,31095
244660,8111,6,26,1114,31095
244661,8122,3,24,299,31095
244662,8131,15,41,594,31095
244663,4539,15,116,2512,31153
244664,4541,25,866,41707,31153
244665,4543,22,200,4693,31153
244666,4841,77,1108,52177,31153
244667,4842,30,280,10858,31153
244668,4859,3,8,140,31153
244669,4884,10,55,3575,31153
244670,4885,8,103,6523,31153
244671,4921,7,148,5380,31153
244672,4931,16,681,28228,31153
244673,5111,4,90,2255,31153
244674,5121,3,279,3204,31153
244675,5173,26,230,10297,31153
244676,5617,528,5307,152375,31055
244677,5619,27,493,14363,31055
244678,5621,28,363,13281,31055
244679,5629,11,119,5988,31055
244680,6111,48,1666,52507,31055
244681,6113,11,5858,226371,31055
244682,6114,8,38,2486,31055
244683,6115,18,204,6971,31055
244684,6116,113,1004,12603,31055
244685,5182,8,401,18565,31153
244686,5191,5,980,73478,31153
244687,5221,56,915,56160,31153
244688,5222,8,15,818,31153
244689,5223,14,1915,165887,31153
244690,5239,32,61,5309,31153
244691,5231,12,517,35820,31153
244692,5241,16,58,3902,31153
244693,5242,105,453,25813,31153
244694,5311,50,241,7781,31153
244695,5312,88,118,4542,31153
244696,5313,26,103,4571,31153
244697,6117,9,56,2468,31055
244698,6211,370,5660,708221,31055
244699,6212,269,1773,94377,31055
244700,6213,434,2523,104602,31055
244701,5321,12,178,8564,31153
244702,5322,6,26,352,31153
244703,5323,3,12,390,31153
244704,5324,14,215,13596,31153
244705,6214,125,3863,305665,31055
244706,5411,25,74,4295,31153
244707,5412,50,209,8743,31153
244708,5413,31,345,29547,31153
244709,5414,10,18,375,31153
244710,5415,99,1733,143639,31153
244711,5416,67,221,15382,31153
244712,5417,5,57,6999,31153
244713,5418,14,385,37294,31153
244714,5419,37,218,10771,31153
244715,6215,24,371,18576,31055
244716,6216,68,2213,72386,31055
244717,6219,33,1093,51482,31055
244718,6221,12,16414,1019713,31055
244719,6223,4,1161,54800,31055
244720,6231,32,3046,93983,31055
244721,6232,40,1085,43490,31055
244722,6233,37,2652,68209,31055
244723,5511,31,2001,114332,31153
244724,5612,4,32,1008,31153
244725,5611,9,132,13366,31153
244726,5613,14,112,5726,31153
244727,5614,14,86,3835,31153
244728,5616,11,301,8593,31153
244729,5617,179,1158,38345,31153
244730,5619,8,40,1967,31153
244731,5621,9,179,8481,31153
244732,5629,5,22,1285,31153
244733,6111,3,186,4802,31153
244734,6239,3,2192,93934,31055
244735,6241,176,4205,117143,31055
244736,6243,16,661,8394,31055
244737,6244,257,4169,78044,31055
244738,7111,13,300,8872,31055
244739,7112,5,146,2683,31055
244740,6242,31,442,19965,31055
244741,7113,29,636,15722,31055
244742,7115,36,157,6226,31055
244743,7121,13,1204,32224,31055
244744,6113,3,1149,43420,31153
244745,6114,4,4,116,31153
244746,6116,32,304,3491,31153
244747,6211,59,613,38993,31153
244748,6212,58,430,20986,31153
244749,6213,100,574,23491,31153
244750,6214,17,261,10749,31153
244751,6216,8,159,5300,31153
244752,6219,6,66,1956,31153
244753,6231,6,562,20356,31153
244754,6232,5,277,7709,31153
244755,6233,9,621,11005,31153
244756,6241,16,114,2291,31153
244757,7131,8,232,4413,31055
244758,7132,5,191,3131,31055
244759,7139,185,3572,62718,31055
244760,7212,3,4,136,31055
244761,7223,105,1565,32337,31055
244762,7211,78,2323,56961,31055
244763,7224,176,1428,22863,31055
244764,7225,1060,24322,417222,31055
244765,6242,4,31,926,31153
244766,6244,73,1118,18179,31153
244767,7115,6,7,478,31153
244768,7121,3,26,539,31153
244769,7131,4,46,317,31153
244770,7139,45,683,9089,31153
244771,7211,22,495,11406,31153
244772,7212,4,6,488,31153
244773,7223,13,243,2697,31153
244774,7224,23,200,3112,31153
244775,7225,221,5128,79529,31153
244776,8111,310,2262,95718,31055
244777,8112,22,104,5152,31055
244778,8113,34,260,14207,31055
244779,8114,37,151,5731,31055
244780,8121,333,2003,49108,31055
244781,8111,89,927,45240,31153
244782,8112,4,33,1895,31153
244783,8113,9,32,1153,31153
244784,8114,14,30,735,31153
244785,8121,66,390,8084,31153
244786,8122,7,30,1298,31153
244787,8123,7,43,1659,31153
244788,8129,20,141,2315,31153
244789,8131,69,788,16592,31153
244790,8132,8,37,1016,31153
244791,8133,5,6,266,31153
244792,8134,12,80,526,31153
244793,8139,9,33,794,31153
244794,8122,33,269,9846,31055
244795,8123,53,714,22780,31055
244796,8129,90,817,14708,31055
244797,8131,290,4237,100288,31055
244798,8132,82,732,47232,31055
244799,8133,35,359,13327,31055
244800,8139,103,658,28487,31055
244801,8134,64,370,9184,31055
244802,2361,3,6,279,31173
244803,2362,3,75,3693,31173
244804,3331,4,103,4026,31173
244805,4245,3,14,1373,31173
244806,4442,4,52,3039,31173
244807,4471,6,72,1655,31173
244808,4841,4,12,499,31173
244809,4842,8,20,647,31173
244810,5221,3,66,2867,31173
244811,5242,4,6,183,31173
244812,5415,4,28,492,31173
244813,5416,6,258,18377,31173
244814,5611,3,71,3931,31173
244815,6241,5,54,2017,31173
244816,7225,3,28,169,31173
244817,8131,5,13,123,31173
244818,4842,3,4,107,31171
244819,8131,4,9,59,31171
244820,2361,38,95,3395,31177
244821,2362,5,59,5000,31177
244822,2371,9,162,9504,31177
244823,2381,26,122,4413,31177
244824,2382,17,143,8935,31177
244825,2383,26,57,2132,31177
244826,2389,16,80,3800,31177
244827,3251,4,333,27435,31177
244828,3331,3,220,13834,31177
244829,3371,4,4,218,31177
244830,4234,3,4,208,31177
244831,4238,4,44,1754,31177
244832,4249,8,35,1692,31177
244833,4251,4,6,272,31177
244834,4411,4,520,35601,31177
244835,4412,4,14,288,31177
244836,2361,9,25,691,31031
244837,2373,3,27,2534,31031
244838,2381,4,3,399,31031
244839,2382,8,28,672,31031
244840,2383,4,26,720,31031
244841,4441,4,16,382,31031
244842,4413,3,12,453,31031
244843,4451,3,117,2337,31031
244844,4471,8,59,1769,31031
244845,4523,4,61,1289,31031
244846,4543,6,10,340,31031
244847,4841,6,11,417,31031
244848,4413,7,44,1270,31177
244849,4441,5,38,1344,31177
244850,4461,3,35,1206,31177
244851,4442,4,8,376,31177
244852,4471,11,124,1979,31177
244853,4523,3,171,4599,31177
244854,4533,3,33,488,31177
244855,4543,4,15,810,31177
244856,4841,10,45,1086,31177
244857,4842,14,130,6620,31177
244858,4884,3,4,110,31177
244859,5173,3,302,33745,31177
244860,5191,3,5,152,31177
244861,5221,8,97,4538,31177
244862,5239,6,10,1341,31177
244863,5242,16,63,1713,31177
244864,5311,4,7,175,31177
244865,5312,9,9,242,31177
244866,5313,4,5,108,31177
244867,5411,9,24,866,31177
244868,5412,8,31,1295,31177
244869,5413,11,73,5438,31177
244870,5415,4,7,379,31177
244871,5416,11,28,1747,31177
244872,4842,9,52,2789,31031
244873,5173,3,7,342,31031
244874,5242,6,25,507,31031
244875,5221,9,41,1747,31031
244876,5311,4,3,74,31031
244877,5322,6,3,272,31031
244878,5411,6,14,370,31031
244879,5412,6,26,670,31031
244880,5419,7,42,1137,31031
244881,5617,3,6,37,31031
244882,6212,4,22,1135,31031
244883,6213,3,11,307,31031
244884,7211,10,110,3368,31031
244885,7212,3,3,131,31031
244886,7225,12,205,2542,31031
244887,8111,4,7,149,31031
244888,8131,8,21,206,31031
244889,5419,8,86,2755,31177
244890,5511,3,57,2943,31177
244891,5614,3,2,41,31177
244892,5617,29,253,12311,31177
244893,5629,3,7,369,31177
244894,6212,5,29,1153,31177
244895,6213,10,68,2760,31177
244896,6214,3,6,190,31177
244897,6241,4,6,98,31177
244898,6244,7,79,1076,31177
244899,7115,3,3,33,31177
244900,7139,4,83,1002,31177
244901,7211,3,26,370,31177
244902,7224,6,34,278,31177
244903,7225,24,328,4018,31177
244904,8111,17,147,4529,31177
244905,8121,13,40,698,31177
244906,8129,3,4,141,31177
244907,8131,14,84,1526,31177
244908,2123,3,13,710,31053
244909,2362,13,95,5613,31053
244910,2361,14,46,1807,31053
244911,2371,4,35,1745,31053
244912,2381,13,37,1588,31053
244913,2382,33,265,13437,31053
244914,2383,13,51,2891,31053
244915,2389,14,78,4128,31053
244916,3111,6,237,16710,31053
244917,3116,5,1823,85260,31053
244918,3219,3,41,1386,31053
244919,8139,3,3,103,31177
244920,1151,5,86,3672,31059
244921,2361,4,2,105,31059
244922,2371,3,121,8751,31059
244923,2381,6,10,364,31059
244924,2382,7,22,920,31059
244925,2389,3,5,354,31059
244926,3329,3,18,613,31059
244927,4238,8,93,3607,31059
244928,4245,9,41,1956,31059
244929,4249,5,38,2327,31059
244930,4413,4,30,984,31059
244931,4451,3,28,467,31059
244932,4471,9,88,2162,31059
244933,4523,3,21,324,31059
244934,4841,5,11,395,31059
244935,4842,15,38,1746,31059
244936,5221,9,93,4517,31059
244937,5242,8,37,2460,31059
244938,5311,4,4,69,31059
244939,5411,3,11,394,31059
244940,5416,3,6,386,31059
244941,5419,3,4,94,31059
244942,6213,5,7,142,31059
244943,6241,3,9,112,31059
244944,7225,9,54,567,31059
244945,8111,8,27,1195,31059
244946,8131,11,62,777,31059
244947,4441,3,9,193,31069
244948,4471,3,25,348,31069
244949,5221,3,18,996,31069
244950,7225,4,18,172,31069
244951,8131,7,33,421,31069
244952,3231,7,26,602,31053
244953,3273,4,61,2113,31053
244954,3323,3,160,5986,31053
244955,4231,6,48,2126,31053
244956,4238,11,150,10160,31053
244957,4236,4,43,1887,31053
244958,4239,3,29,767,31053
244959,4245,14,200,10914,31053
244960,4249,10,89,6483,31053
244961,4251,5,86,7279,31053
244962,4411,10,281,14959,31053
244963,4412,5,26,877,31053
244964,4413,6,56,1709,31053
244965,4431,3,16,389,31053
244966,4441,15,220,5949,31053
244967,4442,3,14,375,31053
244968,4451,8,452,8651,31053
244969,4461,13,150,3699,31053
244970,4471,26,278,5570,31053
244971,2382,4,9,170,31123
244972,4245,4,24,1482,31123
244973,4249,3,26,1884,31123
244974,4451,3,84,1955,31123
244975,2361,5,9,431,31123
244976,4471,7,44,1023,31123
244977,4523,3,27,451,31123
244978,4842,7,6,106,31123
244979,5221,5,35,1852,31123
244980,5242,4,22,1257,31123
244981,7225,8,55,754,31123
244982,8113,3,9,310,31123
244983,8131,7,15,171,31123
244984,4481,9,76,921,31053
244985,4482,3,22,299,31053
244986,4511,7,101,3252,31053
244987,4523,8,380,10324,31053
244988,4533,4,39,596,31053
244989,4539,7,43,1482,31053
244990,4543,3,4,48,31053
244991,4841,16,390,22087,31053
244992,4842,21,73,2989,31053
244993,5111,5,22,613,31053
244994,5173,8,44,2206,31053
244995,5221,24,300,14365,31053
244996,5223,4,9,158,31053
244997,5231,4,16,1147,31053
244998,5239,13,23,2031,31053
244999,5241,3,31,1048,31053
245000,5242,26,102,4221,31053
245001,2361,3,6,164,31127
245002,2381,3,5,445,31127
245003,2382,6,15,501,31127
245004,2389,4,2,262,31127
245005,4245,4,9,663,31127
245006,4249,3,11,426,31127
245007,4411,3,23,1008,31127
245008,4413,3,25,703,31127
245009,4451,3,45,814,31127
245010,4841,3,2,35,31127
245011,4471,5,62,1034,31127
245012,5221,6,64,2585,31127
245013,5242,13,36,1204,31127
245014,5412,4,4,64,31127
245015,5415,4,17,616,31127
245016,5617,3,6,56,31127
245017,6213,4,49,2014,31127
245018,6241,3,10,232,31127
245019,6244,7,28,390,31127
245020,7139,3,12,156,31127
245021,7211,3,23,222,31127
245022,7224,3,12,58,31127
245023,7225,14,148,1943,31127
245024,8111,6,18,462,31127
245025,8121,3,8,144,31127
245026,8131,9,37,482,31127
245027,5311,17,102,2811,31053
245028,5312,10,29,670,31053
245029,5313,6,13,417,31053
245030,5322,3,18,400,31053
245031,5324,5,32,1288,31053
245032,5411,12,34,1918,31053
245033,5412,10,80,3911,31053
245034,5413,4,5,141,31053
245035,5416,6,25,1493,31053
245036,5419,7,38,1255,31053
245037,5511,6,161,11395,31053
245038,5611,4,23,1968,31053
245039,5613,5,1001,33513,31053
245040,5614,4,39,1040,31053
245041,5616,3,30,288,31053
245042,5617,30,171,4504,31053
245043,5619,5,40,2381,31053
245044,6211,17,227,13583,31053
245045,6212,20,124,7042,31053
245046,1151,8,26,1723,31159
245047,2361,18,68,1789,31159
245048,2371,4,9,452,31159
245049,2381,19,159,7203,31159
245050,2382,19,72,2717,31159
245051,2383,8,68,2757,31159
245052,2389,7,35,1598,31159
245053,4234,3,1,119,31159
245054,4238,8,106,5929,31159
245055,4245,9,81,3780,31159
245056,4411,4,58,2149,31159
245057,4441,4,17,570,31159
245058,4451,5,84,1156,31159
245059,6213,23,145,5059,31053
245060,6214,6,35,1535,31053
245061,6219,3,37,1282,31053
245062,6231,6,461,12723,31053
245063,6233,5,116,2468,31053
245064,6241,12,322,4602,31053
245065,6242,5,47,1660,31053
245066,6244,12,125,2053,31053
245067,7139,12,407,3746,31053
245068,7211,7,116,1552,31053
245069,7223,3,34,767,31053
245070,7224,11,81,486,31053
245071,7225,64,1135,15356,31053
245072,8111,31,167,4902,31053
245073,8113,8,30,1366,31053
245074,8121,22,77,1783,31053
245075,8122,5,30,1175,31053
245076,8129,4,5,64,31053
245077,8131,34,258,5052,31053
245078,8134,5,7,112,31053
245079,8139,3,22,1017,31053
245080,2362,4,76,4869,31043
245081,3327,4,22,926,31159
245082,4249,11,91,5315,31159
245083,4461,3,15,506,31159
245084,2361,4,10,351,31043
245085,2371,5,25,1258,31043
245086,2373,5,35,3325,31043
245087,2381,13,139,11496,31043
245088,2382,15,180,10006,31043
245089,4471,7,90,1511,31159
245090,4841,11,232,7537,31159
245091,4842,8,21,624,31159
245092,5111,4,27,835,31159
245093,5173,4,20,844,31159
245094,5221,12,146,8368,31159
245095,5239,3,12,1230,31159
245096,5241,3,7,324,31159
245097,5242,16,55,2978,31159
245098,5311,5,9,160,31159
245099,5312,7,6,338,31159
245100,5411,7,8,389,31159
245101,5412,6,48,1320,31159
245102,5416,10,17,802,31159
245103,5419,4,9,270,31159
245104,5617,12,37,1070,31159
245105,6111,3,101,1641,31159
245106,6211,3,73,5183,31159
245107,6212,4,41,2882,31159
245108,6213,15,54,1820,31159
245109,6231,4,330,7790,31159
245110,6241,5,22,308,31159
245111,6244,6,31,483,31159
245112,7139,4,39,517,31159
245113,7223,3,153,2723,31159
245114,7225,23,310,4261,31159
245115,8111,17,49,1682,31159
245116,8113,4,20,1183,31159
245117,8114,3,6,66,31159
245118,8121,8,23,372,31159
245119,8122,3,17,204,31159
245120,8131,28,165,2899,31159
245121,8139,4,12,551,31159
245122,2383,5,15,606,31043
245123,2389,11,32,1844,31043
245124,3219,4,68,1910,31043
245125,3231,3,54,1929,31043
245126,4231,3,41,1666,31043
245127,4244,3,182,12775,31043
245128,4249,4,40,2375,31043
245129,4411,15,38,1176,31043
245130,4413,5,31,726,31043
245131,4441,3,20,419,31043
245132,4451,8,226,4109,31043
245133,4471,8,119,2461,31043
245134,4523,4,323,8584,31043
245135,4539,3,20,434,31043
245136,4543,4,23,1149,31043
245137,4841,16,1603,67629,31043
245138,4842,8,188,11503,31043
245139,4884,3,31,1133,31043
245140,5173,3,38,2288,31043
245141,5221,10,136,7303,31043
245142,5241,3,556,36878,31043
245143,5242,7,24,1294,31043
245144,4238,3,12,576,31181
245145,4245,5,27,1360,31181
245146,4249,5,69,2850,31181
245147,4451,3,26,313,31181
245148,4471,5,53,953,31181
245149,5111,3,7,107,31181
245150,5221,4,17,622,31181
245151,5242,3,9,377,31181
245152,7225,3,18,155,31181
245153,8111,4,4,150,31181
245154,8131,5,4,67,31181
245155,4238,7,87,4130,31003
245156,4245,7,148,8206,31003
245157,4249,8,120,7276,31003
245158,4411,3,22,668,31003
245159,4413,3,16,537,31003
245160,4451,6,59,877,31003
245161,4471,9,85,1395,31003
245162,4841,6,10,406,31003
245163,4842,4,5,151,31003
245164,5221,6,50,2417,31003
245165,5231,3,8,506,31003
245166,5242,10,27,1027,31003
245167,5311,3,9,85,31003
245168,5411,4,13,460,31003
245169,5412,3,8,357,31003
245170,5416,3,1,79,31003
245171,6211,3,32,1561,31003
245172,6213,3,8,256,31003
245173,7139,5,10,297,31003
245174,7224,3,7,28,31003
245175,7225,8,44,459,31003
245176,8111,9,17,570,31003
245177,8131,14,79,1443,31003
245178,1151,3,13,671,31029
245179,2361,3,8,171,31029
245180,2389,4,7,254,31029
245181,4238,7,81,3845,31029
245182,4245,9,115,4574,31029
245183,4249,6,30,1444,31029
245184,4411,3,61,2680,31029
245185,4413,4,27,946,31029
245186,4451,3,79,987,31029
245187,4471,6,41,899,31029
245188,4842,5,6,189,31029
245189,5221,5,36,2187,31029
245190,5242,10,28,1430,31029
245191,5412,4,9,462,31029
245192,5419,4,14,317,31029
245193,6244,3,9,98,31029
245194,7225,6,61,640,31029
245195,8111,6,18,645,31029
245196,8131,7,41,411,31029
245197,5311,9,37,1435,31043
245198,5411,7,16,480,31043
245199,5412,7,45,2138,31043
245200,5413,4,17,1189,31043
245201,5419,3,18,559,31043
245202,5617,14,322,8483,31043
245203,5621,3,100,4930,31043
245204,6212,6,45,3084,31043
245205,6213,10,31,1235,31043
245206,6214,3,67,2860,31043
245207,6231,3,192,5464,31043
245208,6241,5,63,1704,31043
245209,6244,4,38,549,31043
245210,7139,7,134,1416,31043
245211,7211,4,143,3764,31043
245212,7223,4,129,2136,31043
245213,7224,4,13,132,31043
245214,7225,33,394,6045,31043
245215,8111,13,44,1372,31043
245216,8113,6,117,12810,31043
245217,8121,4,23,279,31043
245218,2361,8,18,660,31023
245219,2381,3,13,460,31023
245220,2382,10,44,1877,31023
245221,2389,5,14,702,31023
245222,4238,5,44,2505,31023
245223,4245,8,91,6283,31023
245224,4441,5,22,511,31023
245225,4451,3,57,849,31023
245226,4471,5,74,1308,31023
245227,4841,3,14,589,31023
245228,4842,13,39,1584,31023
245229,5221,9,67,2818,31023
245230,5239,3,12,521,31023
245231,8123,3,7,77,31043
245232,8131,11,27,578,31043
245233,1151,3,3,289,31035
245234,2362,3,19,623,31035
245235,2361,4,8,302,31035
245236,2373,3,110,6278,31035
245237,2382,5,19,652,31035
245238,5242,7,50,2487,31023
245239,5416,3,5,43,31023
245240,5617,10,19,403,31023
245241,6212,3,4,198,31023
245242,6213,3,7,313,31023
245243,6244,3,13,129,31023
245244,7139,4,6,124,31023
245245,7224,3,14,88,31023
245246,7225,7,26,360,31023
245247,8111,7,19,756,31023
245248,8113,3,8,239,31023
245249,8131,11,45,310,31023
245250,2389,3,15,355,31035
245251,4238,3,38,1768,31035
245252,4249,5,54,2785,31035
245253,4245,7,29,1464,31035
245254,4451,4,51,707,31035
245255,4471,5,32,541,31035
245256,4841,9,92,4331,31035
245257,4842,15,46,1728,31035
245258,5221,9,56,2432,31035
245259,5242,6,19,784,31035
245260,5411,3,4,457,31035
245261,5416,3,2,213,31035
245262,5419,3,9,308,31035
245263,6211,3,15,580,31035
245264,6244,4,20,294,31035
245265,7139,4,15,236,31035
245266,7225,8,53,505,31035
245267,8111,5,15,487,31035
245268,8121,3,4,54,31035
245269,8131,10,30,378,31035
245270,2361,11,26,914,31041
245271,2371,13,101,4423,31041
245272,2381,3,9,113,31041
245273,2382,16,58,2062,31041
245274,2389,3,11,338,31041
245275,4238,4,33,1707,31041
245276,4249,7,42,2139,31041
245277,4411,7,38,1326,31041
245278,4431,4,6,150,31041
245279,4245,3,28,1091,31061
245280,4451,3,42,777,31061
245281,4471,3,31,558,31061
245282,5221,4,21,1085,31061
245283,5242,4,10,468,31061
245284,7225,3,15,143,31061
245285,8111,5,6,147,31061
245286,8131,5,9,179,31061
245287,2383,11,30,875,31067
245288,2389,16,42,2294,31067
245289,3251,4,183,11836,31067
245290,3327,3,31,1070,31067
245291,3331,3,527,34452,31067
245292,4238,10,122,8965,31067
245293,4245,12,140,4358,31067
245294,4249,4,44,1889,31067
245295,4411,6,163,5383,31067
245296,4413,7,62,1380,31067
245297,4422,4,14,467,31067
245298,6213,3,6,245,31035
245299,6241,3,10,128,31061
245300,4441,8,79,2866,31067
245301,4442,7,43,937,31067
245302,4451,6,101,1659,31067
245303,4452,3,7,136,31067
245304,4461,11,60,2128,31067
245305,4471,12,153,2465,31067
245306,4481,4,35,359,31067
245307,4482,3,17,214,31067
245308,4441,8,28,853,31041
245309,4442,9,88,3539,31041
245310,4451,7,102,2398,31041
245311,4461,3,37,1021,31041
245312,4471,12,148,3322,31041
245313,4523,3,48,1184,31041
245314,4841,4,8,171,31041
245315,4842,12,27,879,31041
245316,5173,4,10,299,31041
245317,5221,9,102,6103,31041
245318,5241,3,8,297,31041
245319,5242,13,48,2007,31041
245320,5311,3,6,37,31041
245321,5411,6,26,1258,31041
245322,5412,8,24,388,31041
245323,5416,4,3,261,31041
245324,5419,5,35,1242,31041
245325,5617,7,16,423,31041
245326,5619,4,6,417,31041
245327,6212,4,19,648,31041
245328,6213,9,63,2155,31041
245329,6231,3,183,5650,31041
245330,6241,9,124,3110,31041
245331,6244,6,20,258,31041
245332,7139,4,6,207,31041
245333,7211,8,62,902,31041
245334,7223,3,21,178,31041
245335,7224,3,7,123,31041
245336,7225,19,259,3137,31041
245337,8111,14,32,1004,31041
245338,8113,5,6,93,31041
245339,8131,13,32,576,31041
245340,4483,3,17,328,31067
245341,4511,4,13,196,31067
245342,4523,6,262,6720,31067
245343,4532,4,18,222,31067
245344,4533,3,11,190,31067
245345,4539,3,6,145,31067
245346,4841,11,35,2169,31067
245347,4842,23,59,2446,31067
245348,4862,4,32,3242,31067
245349,5173,4,27,1311,31067
245350,5221,20,130,5996,31067
245351,5231,4,15,2112,31067
245352,5239,4,11,1346,31067
245353,5242,19,46,1907,31067
245354,5311,4,8,237,31067
245355,5313,3,4,60,31067
245356,5312,6,13,407,31067
245357,5411,9,39,1876,31067
245358,5412,10,56,1909,31067
245359,5415,4,9,299,31067
245360,5416,6,10,493,31067
245361,2361,14,27,1224,31081
245362,4842,3,2,55,31115
245363,2361,9,23,911,31179
245364,2362,3,10,341,31179
245365,2382,6,25,1071,31179
245366,2383,4,14,199,31179
245367,2389,6,25,866,31179
245368,4238,4,50,3226,31179
245369,4245,4,42,2552,31179
245370,4249,3,26,1127,31179
245371,4413,3,22,494,31179
245372,4441,4,32,1084,31179
245373,4471,3,47,585,31179
245374,4481,3,6,139,31179
245375,4523,3,85,1279,31179
245376,4531,3,7,66,31179
245377,4841,6,46,1472,31179
245378,4842,9,38,1599,31179
245379,5173,4,12,362,31179
245380,5221,8,220,8615,31179
245381,5239,3,5,381,31179
245382,5242,6,25,1756,31179
245383,5311,3,4,128,31179
245384,5411,4,7,209,31179
245385,5412,5,18,380,31179
245386,5419,3,17,513,31179
245387,5617,5,17,813,31179
245388,6212,5,23,712,31179
245389,6213,5,26,998,31179
245390,6241,4,16,414,31179
245391,6244,3,40,478,31179
245392,7139,3,7,220,31179
245393,7224,3,6,108,31179
245394,7225,19,179,1942,31179
245395,8111,8,39,1049,31179
245396,8121,3,8,112,31179
245397,8131,10,59,954,31179
245398,1151,5,18,869,31111
245399,2361,16,35,933,31111
245400,2362,6,74,2771,31111
245401,2371,4,41,2704,31111
245402,2381,14,101,6982,31111
245403,2382,31,292,14846,31111
245404,2383,11,43,1141,31111
245405,2389,8,25,1072,31111
245406,3231,3,4,147,31111
245407,3273,3,35,1112,31111
245408,2123,5,245,18018,31025
245409,2361,28,40,1264,31025
245410,2381,18,49,1794,31025
245411,2382,20,88,3305,31025
245412,2383,19,56,2154,31025
245413,2361,4,10,334,31021
245414,2381,3,9,287,31021
245415,2382,10,34,1436,31021
245416,2383,6,15,281,31021
245417,2389,3,7,320,31021
245418,4238,7,65,2645,31021
245419,4245,3,98,5240,31021
245420,4249,4,37,1964,31021
245421,4441,3,6,158,31021
245422,4471,5,54,898,31021
245423,4523,3,28,471,31021
245424,4841,4,9,395,31021
245425,4842,8,10,336,31021
245426,5221,5,42,2096,31021
245427,5242,9,18,657,31021
245428,5311,3,2,31,31021
245429,5411,3,9,694,31021
245430,5419,3,40,2158,31021
245431,5617,3,16,299,31021
245432,6211,3,16,1421,31021
245433,6241,4,10,139,31021
245434,7139,4,37,879,31021
245435,7225,8,48,559,31021
245436,8111,3,4,149,31021
245437,8131,12,34,302,31021
245438,5419,4,15,284,31067
245439,5611,3,1,71,31067
245440,5613,3,38,907,31067
245441,5617,12,23,830,31067
245442,6211,4,14,375,31067
245443,6212,7,40,1550,31067
245444,6213,11,77,2194,31067
245445,6214,5,27,1293,31067
245446,6233,5,250,5669,31067
245447,6231,3,221,5906,31067
245448,6241,6,43,755,31067
245449,6244,4,33,411,31067
245450,7139,7,103,1004,31067
245451,7211,7,95,1096,31067
245452,7225,29,524,6065,31067
245453,8111,20,58,1753,31067
245454,8113,7,25,1043,31067
245455,8114,3,3,166,31067
245456,8121,7,31,553,31067
245457,8122,8,29,641,31067
245458,7224,6,17,146,31067
245459,8123,3,7,40,31067
245460,8131,21,120,1873,31067
245461,8133,3,7,128,31067
245462,8134,5,65,249,31067
245463,8139,4,9,174,31067
245464,2381,4,13,667,31081
245465,2382,10,27,1153,31081
245466,2383,4,5,203,31081
245467,2389,4,23,1116,31081
245468,4238,3,34,2056,31081
245469,4245,9,66,2934,31081
245470,4249,11,273,19511,31081
245471,4413,6,35,855,31081
245472,4471,5,85,1687,31081
245473,4481,3,10,49,31081
245474,4541,3,39,1212,31081
245475,4543,3,4,200,31081
245476,4841,12,86,4926,31081
245477,5221,8,87,4152,31081
245478,5239,3,7,426,31081
245479,5241,3,3,143,31081
245480,5242,7,35,2594,31081
245481,4842,18,41,1730,31081
245482,5313,4,16,365,31081
245483,5411,5,12,504,31081
245484,5416,5,31,1792,31081
245485,5412,3,21,815,31081
245486,5419,3,9,367,31081
245487,5511,4,107,6594,31081
245488,5612,3,11,264,31081
245489,5617,7,11,417,31081
245490,6212,3,18,762,31081
245491,6213,5,13,420,31081
245492,6241,3,10,257,31081
245493,6244,4,26,435,31081
245494,7139,3,5,181,31081
245495,7212,4,9,423,31081
245496,7223,3,3,64,31081
245497,7225,11,160,2133,31081
245498,8111,10,46,1615,31081
245499,8113,3,10,377,31081
245500,8131,19,67,1468,31081
245501,8132,3,2,21,31081
245502,2361,4,38,1272,31099
245503,2381,3,22,433,31099
245504,2382,9,45,1629,31099
245505,2383,4,12,376,31099
245506,4245,5,44,2059,31099
245507,4249,6,42,2853,31099
245508,4841,3,7,294,31099
245509,4842,9,23,973,31099
245510,5221,4,49,2669,31099
245511,5242,6,21,1060,31099
245512,5411,3,15,463,31099
245513,5416,5,11,678,31099
245514,7225,8,100,1154,31099
245515,8111,5,11,354,31099
245516,8131,12,37,324,31099
245517,8139,3,8,24,31099
245518,2361,7,21,436,31101
245519,2382,6,19,612,31101
245520,2383,4,11,314,31101
245521,2389,4,10,460,31101
245522,4238,5,62,3894,31101
245523,4245,3,17,612,31101
245524,4413,8,37,1221,31101
245525,4441,3,33,942,31101
245526,2381,9,33,920,31101
245527,4471,15,190,4056,31101
245528,4511,3,6,82,31101
245529,4523,4,197,5243,31101
245530,4532,3,15,256,31101
245531,4841,6,7,252,31101
245532,4842,6,11,487,31101
245533,2361,24,45,1676,31119
245534,2362,15,132,8204,31119
245535,2371,10,182,10326,31119
245536,2373,5,37,1991,31119
245537,2381,18,88,4582,31119
245538,2382,41,339,14829,31119
245539,2383,8,46,1806,31119
245540,2389,11,43,3029,31119
245541,3231,5,84,2516,31119
245542,3273,5,91,2044,31119
245543,3323,4,500,34972,31119
245544,3327,7,32,1567,31119
245545,3391,3,383,19815,31119
245546,4231,7,167,8890,31119
245547,4236,4,39,2274,31119
245548,4237,3,14,1775,31119
245549,4238,12,143,8512,31119
245550,5151,3,10,511,31101
245551,5173,6,31,1279,31101
245552,5221,7,119,7114,31101
245553,5231,3,5,136,31101
245554,5239,5,9,655,31101
245555,5242,14,25,748,31101
245556,5311,6,17,215,31101
245557,5312,4,8,87,31101
245558,5412,6,32,1183,31101
245559,5411,12,38,1455,31101
245560,5413,4,10,515,31101
245561,5416,5,7,233,31101
245562,5511,3,34,2749,31101
245563,5419,4,33,1162,31101
245564,5617,6,6,127,31101
245565,5619,3,16,538,31101
245566,6212,5,19,968,31101
245567,6213,6,44,1521,31101
245568,6241,3,9,216,31101
245569,7139,3,8,256,31101
245570,7211,12,105,1941,31101
245571,7212,3,6,251,31101
245572,7225,22,440,7270,31101
245573,7224,5,18,173,31101
245574,8111,11,42,1599,31101
245575,8131,11,47,941,31101
245576,8134,3,5,67,31101
245577,4245,11,126,6801,31119
245578,4244,8,601,30420,31119
245579,4249,7,51,2967,31119
245580,4411,14,214,9532,31119
245581,4412,8,61,1996,31119
245582,4413,10,92,2797,31119
245583,4421,5,70,1983,31119
245584,4422,4,23,845,31119
245585,4431,5,53,1440,31119
245586,4441,23,295,10072,31119
245587,4442,7,41,832,31119
245588,4452,4,19,464,31119
245589,4451,10,560,10210,31119
245590,4453,3,21,383,31119
245591,4461,19,157,4566,31119
245592,4471,23,250,4820,31119
245593,4481,17,121,2048,31119
245594,1151,3,32,1589,31135
245595,2361,5,6,178,31135
245596,2362,3,22,1005,31135
245597,2381,3,8,363,31135
245598,2382,6,18,569,31135
245599,2383,3,8,137,31135
245600,2389,3,7,254,31135
245601,3331,3,4,168,31135
245602,4238,4,45,1891,31135
245603,4245,6,43,3105,31135
245604,4249,3,20,1646,31135
245605,4413,4,15,338,31135
245606,5221,5,24,1321,31135
245607,5242,4,7,426,31135
245608,5416,3,8,448,31135
245609,7139,3,12,72,31135
245610,8111,7,18,679,31135
245611,8131,8,24,416,31135
245612,4482,6,28,493,31119
245613,4483,4,26,854,31119
245614,4511,6,38,983,31119
245615,4523,9,500,13187,31119
245616,4533,3,21,292,31119
245617,4532,4,23,322,31119
245618,4539,12,33,690,31119
245619,4543,4,16,720,31119
245620,4841,27,176,9311,31119
245621,4842,19,57,3853,31119
245622,4884,3,9,243,31119
245623,4921,4,98,3837,31119
245624,5173,12,71,3755,31119
245625,5221,30,326,17502,31119
245626,5223,5,11,269,31119
245627,5222,4,35,2532,31119
245628,5231,6,15,753,31119
245629,5239,13,86,6334,31119
245630,5241,4,29,1723,31119
245631,5242,48,149,5619,31119
245632,1151,5,46,2849,31137
245633,2361,9,17,562,31137
245634,2371,3,27,1205,31137
245635,2381,4,14,402,31137
245636,2382,11,462,42511,31137
245637,2389,5,36,949,31137
245638,4238,8,160,8537,31137
245639,4245,8,147,8092,31137
245640,5311,26,70,1118,31119
245641,5312,12,18,613,31119
245642,5313,13,29,892,31119
245643,5321,5,4,72,31119
245644,5322,4,34,1142,31119
245645,5324,4,76,3238,31119
245646,5411,22,102,6714,31119
245647,5412,18,208,11024,31119
245648,5413,7,21,1192,31119
245649,5415,5,42,2545,31119
245650,5416,8,24,933,31119
245651,5419,14,165,3590,31119
245652,5511,5,22,4201,31119
245653,5611,7,16,723,31119
245654,5613,6,309,8971,31119
245655,5614,4,22,365,31119
245656,5615,3,32,565,31119
245657,5617,26,279,6476,31119
245658,4249,9,47,3063,31137
245659,4411,5,84,3186,31137
245660,4413,6,58,1729,31137
245661,4441,4,13,758,31137
245662,4451,3,76,1691,31137
245663,4461,3,29,1201,31137
245664,4471,5,73,1456,31137
245665,4481,4,15,216,31137
245666,4523,3,46,793,31137
245667,4539,3,8,266,31137
245668,4841,5,15,166,31137
245669,4842,18,58,2610,31137
245670,4862,3,16,1915,31137
245671,5173,4,10,563,31137
245672,5221,9,87,4587,31137
245673,5231,5,28,2691,31137
245674,5242,13,46,2190,31137
245675,5312,4,11,513,31137
245676,5411,8,18,1139,31137
245677,5412,5,18,925,31137
245678,5413,3,11,560,31137
245679,5416,5,9,275,31137
245680,5617,8,14,617,31137
245681,5619,3,23,482,31137
245682,6212,4,23,941,31137
245683,6213,7,38,1576,31137
245684,6244,5,11,305,31137
245685,7139,4,152,1186,31137
245686,7211,3,20,213,31137
245687,7225,16,208,2661,31137
245688,8111,11,41,1271,31137
245689,8113,3,24,776,31137
245690,8121,3,1,45,31137
245691,8131,18,97,1895,31137
245692,5621,5,39,1367,31119
245693,5629,3,21,632,31119
245694,6111,4,50,1000,31119
245695,6116,3,31,143,31119
245696,6212,18,128,6919,31119
245697,6213,30,201,7770,31119
245698,6214,7,95,3177,31119
245699,6231,5,338,8561,31119
245700,6232,7,216,6402,31119
245701,6233,4,200,4567,31119
245702,6239,3,53,1816,31119
245703,6241,17,232,4680,31119
245704,6242,6,44,1351,31119
245705,6244,15,188,2484,31119
245706,7139,14,227,2812,31119
245707,7211,10,154,2495,31119
245708,7223,5,125,1598,31119
245709,7224,9,28,460,31119
245710,7225,65,1256,18850,31119
245711,8111,48,208,7116,31119
245712,6211,50,642,60726,31119
245713,8113,5,6,228,31119
245714,8121,19,89,1736,31119
245715,8122,5,24,683,31119
245716,8123,4,93,3086,31119
245717,8131,40,455,9443,31119
245718,8134,7,26,363,31119
245719,8139,5,13,417,31119
245720,2361,23,51,1903,31155
245721,2362,5,19,853,31155
245722,2371,3,17,601,31155
245723,2381,21,127,5068,31155
245724,2382,22,111,5321,31155
245725,2383,14,51,2568,31155
245726,2389,11,39,1989,31155
245727,3327,5,22,894,31155
245728,4238,4,51,2756,31155
245729,4245,10,54,2954,31155
245730,4249,5,34,1587,31155
245731,4251,3,17,242,31155
245732,4411,5,101,4250,31155
245733,4413,4,18,416,31155
245734,4441,3,11,307,31155
245735,4451,9,152,2927,31155
245736,4461,3,34,1555,31155
245737,2361,14,32,1068,31157
245738,2211,3,13,1512,31157
245739,2362,9,61,3148,31157
245740,4471,17,174,3212,31155
245741,4523,9,52,1074,31155
245742,4543,5,13,254,31155
245743,4841,21,76,3619,31155
245744,4842,14,39,1485,31155
245745,5221,16,152,8027,31155
245746,5241,4,14,788,31155
245747,5239,3,3,364,31155
245748,5242,19,46,2537,31155
245749,5311,7,7,175,31155
245750,5312,10,13,304,31155
245751,5411,13,31,1045,31155
245752,5412,9,25,499,31155
245753,5413,6,55,3923,31155
245754,5415,3,2,80,31155
245755,5416,11,16,909,31155
245756,5419,7,16,470,31155
245757,5617,25,54,1783,31155
245758,6116,3,8,23,31155
245759,6212,5,30,1270,31155
245760,6213,7,38,1028,31155
245761,6244,10,93,978,31155
245762,7139,7,49,1029,31155
245763,7224,7,46,499,31155
245764,7225,30,296,3677,31155
245765,8111,12,38,1534,31155
245766,8113,3,3,75,31155
245767,8129,4,9,271,31155
245768,8131,28,150,2729,31155
245769,8139,3,4,170,31155
245770,2371,10,40,1558,31157
245771,2373,3,120,6748,31157
245772,2381,24,184,8688,31157
245773,2382,28,223,8518,31157
245774,2383,9,46,1427,31157
245775,2389,7,29,1191,31157
245776,3111,3,27,1514,31157
245777,3116,3,68,1973,31157
245778,3231,4,12,239,31157
245779,3327,4,99,4758,31157
245780,3331,3,25,988,31157
245781,4236,5,28,1331,31157
245782,4231,10,128,6094,31157
245783,4237,4,13,664,31157
245784,4238,11,124,6458,31157
245785,4244,5,83,3532,31157
245786,4245,10,148,8178,31157
245787,4247,4,42,2168,31157
245788,4248,3,50,2441,31157
245789,4249,7,136,4534,31157
245790,8113,3,10,131,31103
245791,2111,5,16,1386,31105
245792,2131,12,43,3192,31105
245793,4413,3,16,620,31105
245794,4471,4,30,644,31105
245795,4841,6,6,201,31105
245796,4842,8,24,1518,31105
245797,5221,3,44,2141,31105
245798,5419,3,6,90,31105
245799,6213,4,10,208,31105
245800,7211,5,11,274,31105
245801,7225,6,38,391,31105
245802,8111,4,8,208,31105
245803,8131,4,19,218,31105
245804,2361,12,21,632,31107
245805,2371,3,19,1412,31107
245806,2381,7,23,492,31107
245807,2382,8,14,281,31107
245808,2389,6,17,542,31107
245809,4249,9,98,5163,31107
245810,4411,4,44,1663,31107
245811,4441,7,33,922,31107
245812,4451,7,91,1221,31107
245813,4471,11,75,1347,31107
245814,4523,3,30,508,31107
245815,4841,7,16,520,31107
245816,4842,12,30,1101,31107
245817,5221,10,123,5246,31107
245818,5242,9,36,1502,31107
245819,5311,3,19,372,31107
245820,5312,3,4,172,31107
245821,5313,3,19,416,31107
245822,5411,8,41,1131,31107
245823,5419,4,16,806,31107
245824,5617,3,8,230,31107
245825,6211,4,36,1562,31107
245826,6212,3,14,650,31107
245827,6213,3,9,586,31107
245828,6241,3,3,107,31107
245829,7139,4,24,441,31107
245830,7211,3,109,2730,31107
245831,7224,7,17,240,31107
245832,7225,7,62,381,31107
245833,8111,11,18,529,31107
245834,8131,14,39,518,31107
245835,4231,5,62,2710,31111
245836,4238,9,97,5419,31111
245837,4239,3,9,623,31111
245838,4244,6,62,2627,31111
245839,4245,4,52,1518,31111
245840,4247,3,29,1137,31111
245841,4249,5,30,1904,31111
245842,4251,3,19,477,31111
245843,4411,14,168,7154,31111
245844,4412,3,22,890,31111
245845,4413,9,80,2808,31111
245846,4421,4,26,661,31111
245847,4431,8,29,934,31111
245848,4441,16,248,7963,31111
245849,4442,5,50,1756,31111
245850,4451,7,159,3680,31111
245851,4453,10,34,492,31111
245852,4461,13,144,5447,31111
245853,4471,30,293,6076,31111
245854,2123,4,11,504,31121
245855,2361,6,8,326,31121
245856,2362,3,12,612,31121
245857,2381,5,11,352,31121
245858,2389,16,56,1916,31025
245859,3273,5,202,13769,31025
245860,3391,3,3,255,31025
245861,4238,4,31,1413,31025
245862,4239,4,4,209,31025
245863,4245,5,46,3314,31025
245864,4251,6,26,1086,31025
245865,4411,8,186,8079,31025
245866,4413,6,39,1076,31025
245867,4441,4,23,529,31025
245868,4451,4,346,6211,31025
245869,4453,3,16,137,31025
245870,4471,14,178,2882,31025
245871,4523,5,71,1343,31025
245872,4543,3,6,124,31025
245873,4841,11,97,4510,31025
245874,4842,26,257,13997,31025
245875,4411,14,237,8391,31157
245876,4412,3,11,416,31157
245877,4413,12,123,3870,31157
245878,4422,4,12,259,31157
245879,4421,4,24,772,31157
245880,4431,5,56,1884,31157
245881,4441,15,317,8440,31157
245882,4442,5,48,1033,31157
245883,4451,5,193,3856,31157
245884,4453,3,9,68,31157
245885,4461,10,100,3261,31157
245886,4471,19,163,3711,31157
245887,4481,8,61,536,31157
245888,4482,4,22,260,31157
245889,4483,4,16,270,31157
245890,4511,6,69,1245,31157
245891,4523,10,539,13617,31157
245892,4532,5,27,554,31157
245893,4541,3,13,243,31157
245894,4543,5,69,1425,31157
245895,4841,23,174,7687,31157
245896,5221,13,132,5875,31025
245897,5239,5,16,1308,31025
245898,5242,15,67,2826,31025
245899,5311,8,8,162,31025
245900,5312,12,12,570,31025
245901,5313,6,11,217,31025
245902,5411,8,26,882,31025
245903,5412,4,11,293,31025
245904,5413,6,25,1392,31025
245905,5415,7,20,1603,31025
245906,5416,12,37,2308,31025
245907,5419,6,28,916,31025
245908,5617,26,56,2158,31025
245909,6116,3,13,167,31025
245910,6211,4,20,1292,31025
245911,6212,6,20,726,31025
245912,6213,7,24,1080,31025
245913,6214,3,19,810,31025
245914,6244,5,63,615,31025
245915,4481,15,92,1128,31111
245916,4482,5,26,343,31111
245917,4511,8,45,893,31111
245918,4523,6,363,10116,31111
245919,4532,3,24,497,31111
245920,4533,7,34,529,31111
245921,4539,10,20,424,31111
245922,4543,3,5,192,31111
245923,4841,12,119,6633,31111
245924,4842,12,39,1613,31111
245925,4884,4,8,349,31111
245926,4921,4,95,4315,31111
245927,4931,4,537,26346,31111
245928,5111,4,69,1593,31111
245929,5151,4,50,1602,31111
245930,5173,13,116,5474,31111
245931,5221,24,327,18623,31111
245932,5222,5,38,1926,31111
245933,5223,5,11,282,31111
245934,4842,23,116,5448,31157
245935,4854,3,47,1245,31157
245936,4884,3,5,214,31157
245937,4921,3,58,2182,31157
245938,4931,3,14,723,31157
245939,5173,9,150,6600,31157
245940,5221,21,313,15596,31157
245941,5222,5,29,1742,31157
245942,5223,4,8,234,31157
245943,5231,4,9,691,31157
245944,5239,11,21,2391,31157
245945,5241,3,9,663,31157
245946,5242,30,268,17922,31157
245947,5311,14,17,603,31157
245948,5312,13,35,660,31157
245949,5313,8,14,614,31157
245950,5322,7,34,1267,31157
245951,5411,24,114,6256,31157
245952,5239,9,25,2476,31111
245953,5241,11,40,2109,31111
245954,5242,25,86,3109,31111
245955,5311,10,91,3051,31111
245956,5312,14,36,1569,31111
245957,5313,6,12,304,31111
245958,5321,4,8,329,31111
245959,5322,4,9,274,31111
245960,5324,4,78,3371,31111
245961,5411,25,106,4961,31111
245962,5412,14,118,4589,31111
245963,5413,7,27,1210,31111
245964,5415,4,6,395,31111
245965,5416,11,12,598,31111
245966,5419,12,79,2493,31111
245967,5611,3,28,1627,31111
245968,5614,3,85,1599,31111
245969,5616,3,39,2038,31111
245970,5617,27,82,1464,31111
245971,5619,5,40,2515,31111
245972,7121,4,59,1275,31025
245973,7139,12,57,1139,31025
245974,7223,3,34,515,31025
245975,7224,6,39,376,31025
245976,7225,28,281,3913,31025
245977,8111,15,27,858,31025
245978,8113,4,13,573,31025
245979,8121,5,14,384,31025
245980,8122,5,13,293,31025
245981,8131,22,179,3724,31025
245982,8134,3,16,136,31025
245983,8139,4,22,883,31025
245984,2382,12,58,3235,31121
245985,2383,3,7,339,31121
245986,2389,4,12,457,31121
245987,3219,3,31,938,31121
245988,4238,6,104,7045,31121
245989,4245,4,29,1526,31121
245990,4249,8,39,1846,31121
245991,4251,3,3,78,31121
245992,4413,3,15,417,31121
245993,4441,3,12,284,31121
245994,4471,9,76,1785,31121
245995,4841,4,5,172,31121
245996,4842,8,33,1575,31121
245997,5173,3,9,383,31121
245998,5221,7,60,2752,31121
245999,5241,4,7,175,31121
246000,5242,10,28,1007,31121
246001,5313,3,15,989,31121
246002,5412,3,10,172,31121
246003,5617,6,16,540,31121
246004,6213,5,11,230,31121
246005,6244,3,33,365,31121
246006,7139,3,26,388,31121
246007,7224,3,9,101,31121
246008,7225,9,99,1317,31121
246009,8111,5,4,225,31121
246010,8113,3,28,1207,31121
246011,8131,12,25,591,31121
246012,8134,3,7,59,31121
246013,2362,5,19,922,31139
246014,2361,9,20,565,31139
246015,2381,7,77,3867,31139
246016,2382,10,11,310,31139
246017,2383,4,12,253,31139
246018,4238,4,39,2072,31139
246019,4245,7,30,1264,31139
246020,4249,4,52,1632,31139
246021,5412,20,107,2725,31157
246022,5413,5,62,2913,31157
246023,5415,4,21,1260,31157
246024,5416,4,12,595,31157
246025,5419,8,49,1947,31157
246026,5511,10,480,24335,31157
246027,5613,3,106,3660,31157
246028,5614,5,143,7351,31157
246029,5617,22,83,2236,31157
246030,6211,19,281,28394,31157
246031,6212,22,129,6823,31157
246032,6213,30,139,6396,31157
246033,6214,6,61,2293,31157
246034,6219,5,73,2693,31157
246035,6233,6,269,7096,31157
246036,6241,19,151,4791,31157
246037,6116,4,25,206,31111
246038,6211,24,349,33891,31111
246039,6212,17,137,7251,31111
246040,6213,33,151,5548,31111
246041,6214,9,120,6231,31111
246042,6231,4,355,9602,31111
246043,6232,4,34,610,31111
246044,6233,3,116,2955,31111
246045,6241,19,228,5491,31111
246046,6242,6,21,490,31111
246047,6243,4,246,964,31111
246048,6244,12,76,1285,31111
246049,7121,3,11,186,31111
246050,7139,14,70,999,31111
246051,7211,21,456,7044,31111
246052,7223,3,79,924,31111
246053,7224,9,47,598,31111
246054,7225,64,1232,18893,31111
246055,8111,32,211,7316,31111
246056,8112,4,20,703,31111
246057,8113,6,39,1436,31111
246058,8121,12,43,995,31111
246059,8122,3,22,324,31111
246060,8129,4,2,35,31111
246061,8131,34,201,3584,31111
246062,8132,3,6,242,31111
246063,8133,4,11,282,31111
246064,8134,7,24,283,31111
246065,8139,11,118,905,31111
246066,2361,9,24,865,31039
246067,2362,4,32,1533,31039
246068,2371,3,16,543,31039
246069,2381,8,19,518,31039
246070,2382,9,53,2750,31039
246071,2389,3,32,1488,31039
246072,3111,4,114,2197,31039
246073,3331,4,53,3122,31039
246074,4238,7,32,2328,31039
246075,4245,6,52,2247,31039
246076,4249,10,88,4328,31039
246077,2361,6,6,141,31051
246078,2381,4,50,1440,31051
246079,2382,6,166,11988,31051
246080,2389,3,10,379,31051
246081,4471,5,52,781,31051
246082,4841,3,12,332,31051
246083,4842,5,14,617,31051
246084,5221,5,37,1403,31051
246085,5617,6,29,739,31051
246086,7224,4,3,53,31051
246087,7225,3,3,69,31051
246088,8111,5,18,411,31051
246089,8131,12,36,455,31051
246090,4441,3,5,147,31057
246091,5242,3,6,192,31057
246092,7225,4,25,219,31057
246093,2383,3,4,71,31077
246094,2389,3,8,321,31077
246095,4441,3,7,149,31077
246096,4238,4,36,1287,31077
246097,4442,4,33,1207,31077
246098,4451,3,22,258,31077
246099,5221,5,28,1767,31077
246100,8131,4,14,113,31077
246101,4413,3,12,380,31139
246102,4441,4,17,1066,31139
246103,4451,4,44,381,31139
246104,4471,6,75,1149,31139
246105,4841,12,68,2492,31139
246106,4842,16,50,1658,31139
246107,4885,3,26,889,31139
246108,5111,5,26,388,31139
246109,5221,5,68,4209,31139
246110,5242,9,32,1528,31139
246111,5311,5,5,128,31139
246112,5411,4,3,128,31139
246113,5419,3,33,824,31139
246114,6211,3,17,1375,31139
246115,6212,3,15,455,31139
246116,6213,3,10,289,31139
246117,6244,3,6,62,31139
246118,7224,3,2,40,31139
246119,7225,9,59,557,31139
246120,8111,7,10,697,31139
246121,8113,3,7,295,31139
246122,8131,11,56,668,31139
246123,6244,14,137,1939,31157
246124,7113,4,24,523,31157
246125,7139,16,164,2881,31157
246126,7211,14,168,2571,31157
246127,7223,5,72,1401,31157
246128,7224,6,48,510,31157
246129,7225,78,1443,23282,31157
246130,8111,33,119,4118,31157
246131,8113,5,18,683,31157
246132,8121,9,50,676,31157
246133,8122,3,33,613,31157
246134,8131,37,207,3583,31157
246135,8132,5,27,838,31157
246136,8133,8,26,780,31157
246137,8134,7,15,323,31157
246138,8139,5,14,265,31157
246139,4251,3,34,783,31039
246140,4411,4,23,750,31039
246141,4413,4,20,467,31039
246142,4431,3,5,281,31039
246143,4441,4,23,519,31039
246144,4442,3,11,540,31039
246145,4451,4,84,1762,31039
246146,4471,9,139,2542,31039
246147,4523,4,64,1331,31039
246148,4841,12,21,659,31039
246149,4842,39,111,3605,31039
246150,5221,13,162,8854,31039
246151,5231,3,7,407,31039
246152,5242,8,46,2578,31039
246153,5411,4,21,723,31039
246154,5412,4,10,575,31039
246155,5416,5,33,1780,31039
246156,5419,4,33,2008,31039
246157,5617,6,4,166,31039
246158,6213,4,15,527,31039
246159,6241,5,13,167,31039
246160,6244,4,23,263,31039
246161,7224,5,12,82,31039
246162,7225,17,205,2157,31039
246163,8111,14,61,1714,31039
246164,8113,8,47,2263,31039
246165,8121,3,8,171,31039
246166,8131,13,68,787,31039
246167,1151,5,90,7086,31079
246168,2212,3,22,1665,31079
246169,2361,14,33,1462,31131
246170,2371,3,30,1592,31131
246171,2381,8,42,2595,31131
246172,2382,16,59,2370,31131
246173,2383,8,18,438,31131
246174,2389,14,39,1787,31131
246175,1151,3,18,1324,31145
246176,2131,5,7,352,31145
246177,2361,8,24,708,31145
246178,2371,3,13,544,31145
246179,2381,3,26,1127,31145
246180,2382,13,53,2078,31145
246181,2389,4,16,854,31145
246182,3391,3,8,219,31145
246183,4238,8,114,5906,31145
246184,4245,4,84,2423,31145
246185,4249,6,33,1970,31145
246186,4411,7,96,3486,31145
246187,4413,6,29,739,31145
246188,4431,4,20,722,31145
246189,4441,7,68,1447,31145
246190,4442,4,50,1284,31145
246191,2361,16,42,1779,31027
246192,2362,4,18,1148,31027
246193,2381,7,13,395,31027
246194,2382,11,35,1241,31027
246195,2383,5,14,399,31027
246196,2361,5,7,108,31045
246197,2371,3,10,506,31045
246198,2381,5,14,444,31045
246199,2382,10,45,1466,31045
246200,4411,6,85,3562,31045
246201,4413,5,23,726,31045
246202,4441,4,32,839,31045
246203,4471,6,70,1699,31045
246204,4481,3,16,226,31045
246205,4523,4,210,5293,31045
246206,4543,3,16,394,31045
246207,4841,5,19,886,31045
246208,5173,3,7,374,31045
246209,5221,7,67,2945,31045
246210,5242,7,16,901,31045
246211,5415,3,7,117,31045
246212,5411,3,12,671,31045
246213,5412,3,32,1256,31045
246214,5419,4,18,138,31045
246215,5617,5,14,308,31045
246216,6116,3,9,113,31045
246217,6211,6,35,2437,31045
246218,2361,48,129,4436,31079
246219,2371,11,94,4599,31079
246220,2362,18,290,14607,31079
246221,2373,4,49,2919,31079
246222,2381,37,195,10315,31079
246223,2382,60,503,27712,31079
246224,2389,22,203,9326,31079
246225,2383,32,195,7834,31079
246226,3231,3,32,997,31079
246227,3261,3,165,8410,31079
246228,3273,3,36,1256,31079
246229,3323,5,722,34171,31079
246230,3327,4,41,1647,31079
246231,3329,5,1048,63007,31079
246232,3331,5,735,42915,31079
246233,6213,5,18,720,31045
246234,6212,5,29,1337,31045
246235,6241,5,68,2441,31045
246236,6242,3,7,199,31045
246237,6243,3,4,223,31045
246238,7139,3,13,179,31045
246239,7211,8,51,695,31045
246240,7224,4,15,148,31045
246241,7225,23,351,5313,31045
246242,8111,10,16,298,31045
246243,8122,3,5,204,31045
246244,8131,11,31,425,31045
246245,8139,3,4,70,31045
246246,3335,3,66,3683,31079
246247,3339,3,87,4488,31079
246248,3399,5,90,2731,31079
246249,4231,8,146,8615,31079
246250,4233,8,39,1290,31079
246251,4235,3,33,1277,31079
246252,4236,9,54,3228,31079
246253,4237,9,105,5426,31079
246254,4238,26,364,20672,31079
246255,4239,3,14,662,31079
246256,4247,4,119,7440,31079
246257,4244,11,357,16094,31079
246258,4249,16,134,7844,31079
246259,4251,3,2,157,31079
246260,4412,6,91,3962,31079
246261,4411,27,343,16414,31079
246262,4413,21,241,7726,31079
246263,4422,13,62,1617,31079
246264,4421,7,54,1329,31079
246265,3111,3,29,1297,31131
246266,3273,3,28,1503,31131
246267,4245,9,57,3251,31131
246268,4249,5,22,973,31131
246269,4238,8,77,4305,31131
246270,4411,4,59,2185,31131
246271,4413,5,43,1084,31131
246272,4441,6,28,893,31131
246273,4442,6,36,1180,31131
246274,4451,3,62,1150,31131
246275,4461,3,48,1963,31131
246276,4471,13,179,2665,31131
246277,4481,3,50,720,31131
246278,4523,3,166,4667,31131
246279,4531,3,8,73,31131
246280,4533,3,8,95,31131
246281,4841,13,51,1361,31131
246282,4842,9,21,634,31131
246283,5173,5,40,1621,31131
246284,5221,13,92,3881,31131
246285,4431,9,141,3970,31079
246286,4441,17,421,13186,31079
246287,4451,11,672,13839,31079
246288,4442,8,92,1730,31079
246289,4452,4,22,276,31079
246290,4461,25,223,7635,31079
246291,4471,38,488,12130,31079
246292,4481,32,387,5654,31079
246293,4482,10,69,1147,31079
246294,4483,5,36,1132,31079
246295,4511,15,142,2516,31079
246296,4522,6,349,6175,31079
246297,4523,6,739,20587,31079
246298,5239,4,4,392,31131
246299,5242,17,52,2140,31131
246300,5311,5,13,198,31131
246301,5312,6,16,549,31131
246302,5313,6,22,668,31131
246303,5411,3,5,206,31131
246304,5412,6,32,757,31131
246305,5413,4,6,419,31131
246306,5416,4,4,250,31131
246307,5419,5,20,578,31131
246308,5617,11,21,416,31131
246309,6116,4,8,95,31131
246310,6211,3,50,3978,31131
246311,6212,8,35,1256,31131
246312,6213,13,97,2796,31131
246313,6214,3,10,501,31131
246314,6241,5,49,709,31131
246315,6244,4,35,496,31131
246316,7121,8,244,3615,31131
246317,7139,6,61,1416,31131
246318,7211,5,33,399,31131
246319,7223,3,31,325,31131
246320,7224,8,43,324,31131
246321,7225,23,306,3817,31131
246322,8111,9,17,680,31131
246323,8113,4,18,1201,31131
246324,8121,7,20,370,31131
246325,8122,3,8,243,31131
246326,8131,24,93,1176,31131
246327,4453,3,18,239,31145
246328,4461,6,46,1711,31145
246329,4471,6,58,1277,31145
246330,4481,5,25,410,31145
246331,4511,5,23,236,31145
246332,4539,4,13,241,31145
246333,4841,4,38,2001,31145
246334,4842,9,28,947,31145
246335,5173,5,19,574,31145
246336,5221,11,131,6798,31145
246337,5239,4,8,1271,31145
246338,5242,13,42,1929,31145
246339,5311,5,23,244,31145
246340,5313,3,7,436,31145
246341,5411,6,18,682,31145
246342,5412,7,37,1262,31145
246343,5413,5,43,2338,31145
246344,5416,4,3,125,31145
246345,5419,4,24,491,31145
246346,5511,4,29,3310,31145
246347,5617,13,41,677,31145
246348,6116,3,4,38,31145
246349,6211,4,85,5683,31145
246350,6212,6,47,1733,31145
246351,6213,7,44,1423,31145
246352,6214,3,13,463,31145
246353,6232,5,25,536,31145
246354,6241,8,49,1309,31145
246355,6244,3,12,91,31145
246356,7139,4,76,685,31145
246357,7211,7,85,1062,31145
246358,7223,4,23,302,31145
246359,7225,23,378,5917,31145
246360,8111,10,29,806,31145
246361,8113,4,25,778,31145
246362,8121,3,10,195,31145
246363,8131,9,45,884,31145
246364,8134,6,5,31,31145
246365,2389,6,28,1391,31027
246366,4238,4,69,3218,31027
246367,4245,11,71,3716,31027
246368,4249,7,44,1724,31027
246369,4411,3,22,462,31027
246370,4441,6,50,1191,31027
246371,4442,4,54,2352,31027
246372,4451,4,38,563,31027
246373,4461,3,30,674,31027
246374,4471,8,73,1323,31027
246375,4523,4,23,498,31027
246376,4841,9,47,1698,31027
246377,4842,17,48,1971,31027
246378,5111,5,23,422,31027
246379,5221,13,103,5733,31027
246380,5242,13,25,791,31027
246381,5312,3,5,177,31027
246382,5419,4,50,1362,31027
246383,6111,3,63,1311,31027
246384,6244,4,28,271,31027
246385,7139,4,14,265,31027
246386,7225,12,127,1020,31027
246387,4532,7,56,1029,31079
246388,5617,5,10,527,31027
246389,8111,12,59,2445,31027
246390,8113,4,20,553,31027
246391,8131,13,53,980,31027
246392,4533,4,47,845,31079
246393,4539,16,82,1886,31079
246394,4541,3,19,731,31079
246395,4543,7,115,4855,31079
246396,4842,25,127,5600,31079
246397,4885,5,87,5469,31079
246398,4921,6,161,5640,31079
246399,4931,5,144,5669,31079
246400,5111,4,101,3384,31079
246401,5151,3,51,2327,31079
246402,5173,20,135,6707,31079
246403,4841,31,856,38424,31079
246404,5221,40,475,24929,31079
246405,5222,7,83,4440,31079
246406,5223,8,14,513,31079
246407,5231,4,8,843,31079
246408,2381,5,9,211,31097
246409,2382,4,59,3114,31097
246410,4245,5,53,1285,31097
246411,4471,4,54,787,31097
246412,4543,3,11,409,31097
246413,4842,4,6,233,31097
246414,5221,6,45,2109,31097
246415,5242,5,11,466,31097
246416,7225,6,46,395,31097
246417,8131,7,22,391,31097
246418,2131,5,12,606,31033
246419,1151,4,14,565,31047
246420,2361,13,32,734,31047
246421,2362,3,22,822,31047
246422,2371,9,71,3018,31047
246423,2382,22,84,4259,31047
246424,2381,11,56,2142,31047
246425,5239,12,37,7596,31079
246426,5241,34,485,23437,31079
246427,5242,57,179,8433,31079
246428,5311,24,131,2874,31079
246429,5312,21,29,962,31079
246430,5313,11,33,627,31079
246431,5321,3,15,568,31079
246432,5322,8,38,1487,31079
246433,5324,8,73,4995,31079
246434,5411,26,91,3524,31079
246435,5412,26,191,10783,31079
246436,5413,12,82,5947,31079
246437,5415,12,54,3099,31079
246438,5416,13,22,1749,31079
246439,5418,8,45,2185,31079
246440,5419,12,110,4354,31079
246441,2383,6,11,148,31047
246442,2389,4,20,942,31047
246443,3116,3,2902,113801,31047
246444,3111,6,87,3838,31047
246445,4238,13,151,7825,31047
246446,4245,10,205,10648,31047
246447,4247,3,6,226,31047
246448,4249,8,51,2577,31047
246449,4251,3,15,773,31047
246450,4411,7,105,4700,31047
246451,4413,10,73,2431,31047
246452,4422,3,16,688,31047
246453,4441,10,54,1938,31047
246454,4442,8,75,2690,31047
246455,4451,4,100,2155,31047
246456,4461,6,81,2876,31047
246457,4471,23,204,4291,31047
246458,4481,5,11,92,31047
246459,4523,7,303,8122,31047
246460,5511,6,262,9691,31079
246461,5611,5,49,2755,31079
246462,5613,9,603,18341,31079
246463,5614,6,271,7417,31079
246464,5617,57,395,12195,31079
246465,5619,3,16,910,31079
246466,5621,6,97,4617,31079
246467,6111,8,157,3361,31079
246468,6116,8,54,616,31079
246469,6211,48,661,64894,31079
246470,6212,26,173,9568,31079
246471,6213,44,492,23010,31079
246472,6214,11,158,6328,31079
246473,2371,3,16,812,31033
246474,2382,8,33,1435,31033
246475,4238,5,50,2896,31033
246476,4249,4,13,441,31033
246477,4411,5,56,2065,31033
246478,4413,4,28,879,31033
246479,4451,4,130,2736,31033
246480,4471,8,97,1403,31033
246481,4511,3,168,6191,31033
246482,4523,3,171,4428,31033
246483,4541,5,93,3725,31033
246484,4841,8,38,1935,31033
246485,4842,11,28,1852,31033
246486,4931,6,713,40278,31033
246487,5173,5,11,464,31033
246488,5221,9,84,3720,31033
246489,5242,10,32,1662,31033
246490,5312,3,4,70,31033
246491,5313,3,16,395,31033
246492,5411,4,15,566,31033
246493,5412,6,35,2163,31033
246494,5419,4,13,440,31033
246495,5617,3,4,51,31033
246496,6212,3,20,879,31033
246497,6213,9,22,640,31033
246498,7211,10,94,1952,31033
246499,7224,4,16,86,31033
246500,7225,26,416,7168,31033
246501,8111,6,24,1056,31033
246502,8113,4,7,251,31033
246503,8121,5,7,69,31033
246504,8131,10,32,636,31033
246505,4533,4,20,428,31047
246506,4543,3,11,438,31047
246507,4841,12,63,2452,31047
246508,4842,24,54,2106,31047
246509,5173,7,29,2208,31047
246510,5221,15,171,9409,31047
246511,5239,3,8,1625,31047
246512,5242,20,63,2468,31047
246513,5311,4,11,78,31047
246514,5312,4,4,120,31047
246515,5411,16,44,2166,31047
246516,5412,8,36,1377,31047
246517,5413,3,2,74,31047
246518,5416,12,20,1005,31047
246519,5419,14,69,2298,31047
246520,5511,6,108,6581,31047
246521,5617,16,313,8153,31047
246522,6216,4,82,2288,31079
246523,6231,5,426,12169,31079
246524,6233,10,414,9489,31079
246525,6241,22,208,5361,31079
246526,6242,5,56,1989,31079
246527,6243,6,239,4419,31079
246528,6244,12,155,2668,31079
246529,7139,22,240,3547,31079
246530,7211,28,432,8321,31079
246531,7223,6,56,1004,31079
246532,7224,20,98,1090,31079
246533,7225,103,2261,37348,31079
246534,8111,45,342,12069,31079
246535,8112,4,16,508,31079
246536,8113,14,102,5742,31079
246537,8114,5,13,228,31079
246538,8121,27,120,2200,31079
246539,8122,4,40,890,31079
246540,8123,7,52,1207,31079
246541,8129,5,17,153,31079
246542,8131,45,377,6650,31079
246543,8132,8,24,1075,31079
246544,8133,6,66,1780,31079
246545,8134,17,259,3196,31079
246546,8139,12,40,701,31079
246547,2361,3,8,269,31071
246548,2382,5,6,247,31071
246549,4441,3,7,324,31071
246550,4471,6,42,970,31071
246551,4842,3,17,366,31071
246552,5221,3,18,832,31071
246553,6213,3,7,252,31071
246554,7225,5,58,361,31071
246555,8111,7,11,464,31071
246556,8131,7,18,267,31071
246557,2382,3,9,285,31125
246558,4245,5,56,1735,31125
246559,4471,4,44,747,31125
246560,4842,4,13,397,31125
246561,5242,5,14,550,31125
246562,7139,3,3,142,31125
246563,7225,6,13,189,31125
246564,8111,6,8,209,31125
246565,8131,3,5,93,31125
246566,2361,6,19,674,31133
246567,2389,3,6,137,31133
246568,4413,3,11,340,31133
246569,4841,3,12,323,31133
246570,5221,7,28,1380,31133
246571,5411,3,11,251,31133
246572,2361,3,3,115,31167
246573,2381,4,11,195,31167
246574,2382,3,6,121,31167
246575,2389,5,21,1100,31167
246576,4413,3,14,430,31167
246577,4471,3,29,469,31167
246578,4841,8,15,309,31167
246579,4842,9,16,835,31167
246580,5221,3,22,1141,31167
246581,5621,3,21,882,31167
246582,6211,4,11,551,31167
246583,6213,3,6,148,31167
246584,7225,3,22,306,31167
246585,8131,6,19,250,31167
246586,1151,3,14,693,31175
246587,2361,5,23,828,31175
246588,2362,3,18,862,31175
246589,2371,4,4,166,31175
246590,2381,4,8,223,31175
246591,2382,8,22,692,31175
246592,2389,4,11,491,31175
246593,4238,3,35,1628,31175
246594,4245,3,38,2115,31175
246595,4441,5,32,893,31175
246596,4442,4,56,2827,31175
246597,4451,3,73,1001,31175
246598,4471,3,66,1173,31175
246599,4841,3,6,171,31175
246600,4842,7,12,708,31175
246601,5221,7,49,2299,31175
246602,5242,8,20,706,31175
246603,5411,5,21,1220,31175
246604,5412,4,29,1042,31175
246605,5416,3,4,188,31175
246606,6213,5,23,659,31175
246607,6241,5,40,878,31175
246608,6244,3,14,105,31175
246609,7225,6,52,620,31175
246610,8111,8,27,778,31175
246611,8113,3,7,222,31175
246612,8121,3,3,46,31175
246613,8131,8,21,244,31175
246614,6111,5,20,307,31047
246615,6211,4,40,2977,31047
246616,6212,11,59,3182,31047
246617,6213,18,41,1570,31047
246618,6221,3,587,28723,31047
246619,6231,4,226,5841,31047
246620,6232,6,57,815,31047
246621,6233,3,85,1912,31047
246622,6241,11,82,1231,31047
246623,6244,4,44,621,31047
246624,7139,8,90,1203,31047
246625,7211,11,122,1718,31047
246626,7223,5,55,741,31047
246627,7224,4,19,260,31047
246628,7225,43,518,6758,31047
246629,8111,15,55,2326,31047
246630,8113,9,46,1766,31047
246631,8121,8,16,277,31047
246632,8131,33,101,1678,31047
246633,8132,3,3,141,31047
246634,8134,4,29,174,31047
246635,8139,8,6,219,31047
