Naics,Establishments,Employees,Payroll,fips
424510,5,15,552,31083
424910,3,15,702,31083
522110,5,35,1912,31083
524210,5,13,692,31083
541110,3,4,104,31083
722511,8,42,333,31083
813110,4,24,429,31083
236115,4,6,361,31185
236118,8,33,567,31185
236220,3,14,556,31185
238110,4,99,4585,31185
238220,11,62,2978,31185
238210,4,11,494,31185
333111,4,35,1373,31185
423110,4,68,2725,31185
423820,8,116,5893,31185
424510,9,76,3629,31185
424910,7,44,2783,31185
425120,4,6,192,31185
441310,6,46,1243,31185
444130,3,19,454,31185
444190,3,29,1429,31185
444220,3,33,1090,31185
446110,4,31,1374,31185
447110,6,69,1496,31185
447190,5,211,4756,31185
453110,3,6,83,31185
484121,7,20,1337,31185
484220,11,22,295,31185
484230,4,5,153,31185
517311,5,74,3465,31185
522110,14,292,12516,31185
523930,3,4,82,31185
523920,3,9,1176,31185
524210,19,37,1490,31185
531110,3,3,64,31185
531120,3,16,332,31185
531210,5,3,115,31185
541110,5,18,743,31185
541211,4,40,1952,31185
541512,3,5,426,31185
561320,4,471,18574,31185
561730,4,22,839,31185
562111,3,20,760,31185
621210,4,35,1731,31185
621111,5,79,6132,31185
621310,5,18,504,31185
621320,5,23,689,31185
621330,4,9,275,31185
624410,5,24,411,31185
721110,8,72,1727,31185
722511,13,308,3873,31185
722513,10,256,3487,31185
722515,3,35,458,31185
811121,5,18,787,31185
811111,15,72,2437,31185
811192,4,91,1593,31185
811310,6,15,736,31185
812112,7,20,386,31185
813110,24,202,3851,31185
813410,3,20,187,31185
813910,3,7,148,31185
213112,4,72,3690,31087
424510,3,17,754,31087
424910,3,22,882,31087
447110,3,22,403,31087
484220,3,16,1071,31087
522110,3,16,726,31087
722511,4,24,112,31087
813110,3,7,75,31087
115112,5,19,778,31019
212321,3,35,1579,31019
221210,5,41,3153,31019
236118,25,49,1532,31019
236115,19,30,951,31019
236117,7,17,521,31019
236220,12,128,8270,31019
236118,5,6,265,31037
236220,3,26,1224,31037
238210,4,7,261,31037
238220,4,20,689,31037
238910,6,40,2024,31037
424510,8,44,2308,31037
424910,4,138,8611,31037
441110,3,11,406,31037
445110,4,87,1429,31037
447110,4,61,789,31037
452319,4,22,448,31037
454390,3,17,582,31037
484110,9,21,1107,31037
484121,4,88,4219,31037
484220,17,75,3312,31037
484230,5,9,329,31037
522110,6,61,2875,31037
524210,7,25,935,31037
531110,3,2,69,31037
541690,3,20,861,31037
541940,5,26,779,31037
237110,7,70,4658,31019
237310,3,55,2280,31019
238110,6,39,2534,31019
238130,7,29,1025,31019
238160,10,43,1994,31019
238140,9,64,2035,31019
238170,3,3,370,31019
238210,17,89,3593,31019
238220,33,225,11016,31019
238310,8,23,936,31019
238320,5,52,2175,31019
238330,5,5,161,31019
238350,7,23,617,31019
238910,9,27,1281,31019
238990,9,44,1791,31019
311611,5,655,33775,31019
323111,4,128,4451,31019
323113,4,18,298,31019
332710,5,41,2121,31019
339950,3,14,295,31019
423390,4,35,1274,31019
423420,4,22,297,31019
621111,4,30,1347,31037
621310,4,17,428,31037
722410,4,24,177,31037
722511,4,31,378,31037
722513,3,23,281,31037
811111,5,15,797,31037
811121,3,4,182,31037
811310,4,14,642,31037
812112,4,11,113,31037
813110,16,93,1729,31037
423720,3,29,1271,31019
423820,11,102,6352,31019
423830,4,24,981,31019
423930,3,50,2275,31019
424490,3,33,1608,31019
424510,8,63,3608,31019
424690,3,24,1066,31019
424910,13,97,7683,31019
425120,5,52,1074,31019
441110,4,163,6971,31019
441120,10,41,1488,31019
441222,3,51,2573,31019
441310,7,62,1774,31019
442110,6,76,2538,31019
443141,3,15,554,31019
443142,7,48,1457,31019
444130,6,38,1139,31019
444190,9,194,7900,31019
444220,8,83,2913,31019
445110,7,619,11725,31019
445310,3,13,479,31019
446110,4,74,2806,31019
522110,3,17,684,31049
524210,3,9,451,31049
722511,5,40,922,31049
813110,7,11,111,31049
446191,5,15,176,31019
446199,4,17,672,31019
447110,29,291,5102,31019
447190,5,122,2794,31019
448120,8,54,624,31019
448140,6,89,1077,31019
448190,4,22,210,31019
448310,5,33,911,31019
448210,7,65,1183,31019
451110,4,100,1899,31019
451120,3,42,1044,31019
451140,3,25,971,31019
452319,4,26,492,31019
453110,3,23,351,31019
453210,3,37,1768,31019
453220,3,22,206,31019
453310,9,53,771,31019
453991,3,14,345,31019
453998,8,28,924,31019
454110,7,243,6580,31019
454390,8,57,1646,31019
484121,15,67,2601,31019
484110,6,148,7946,31019
484122,3,226,10823,31019
484220,23,107,4826,31019
484230,15,53,1758,31019
488190,3,8,332,31019
236115,5,5,118,31011
236118,4,5,197,31011
238110,3,9,456,31011
238220,3,2,69,31011
423820,3,65,3618,31011
424510,6,41,2115,31011
424910,4,41,2638,31011
425120,3,10,205,31011
444130,3,5,82,31011
445110,4,59,1002,31011
446110,3,29,1075,31011
447110,4,39,778,31011
452319,3,59,715,31011
484121,8,41,1478,31011
484220,6,23,798,31011
484230,4,4,48,31011
522110,6,65,3684,31011
524210,7,24,785,31011
541110,3,13,451,31011
611110,3,32,595,31011
621210,3,16,485,31011
722511,7,41,611,31011
811121,3,4,168,31011
811310,3,8,389,31011
813110,4,21,283,31011
813410,3,6,98,31011
511110,4,90,2376,31019
517311,16,221,9140,31019
517312,7,51,2113,31019
522110,27,328,16945,31019
522390,3,10,263,31019
523120,8,26,2103,31019
523140,3,6,332,31019
523920,9,23,5281,31019
523930,9,44,827,31019
524113,4,6,183,31019
524126,5,13,890,31019
524210,56,171,6758,31019
531110,9,15,364,31019
531120,8,15,1031,31019
531190,4,6,434,31019
531210,27,43,1829,31019
531311,8,15,354,31019
531320,4,4,143,31019
532111,3,22,558,31019
532210,3,13,468,31019
484220,3,10,179,31113
541110,25,103,5912,31019
541330,5,85,4316,31019
541211,10,68,4161,31019
541380,3,6,198,31019
541410,4,4,96,31019
541511,4,94,4947,31019
541512,4,21,2143,31019
541611,5,9,616,31019
541613,3,54,3114,31019
541620,3,19,1568,31019
541690,9,14,826,31019
541940,9,88,2654,31019
551114,7,434,29786,31019
561110,5,34,1264,31019
561320,4,204,4736,31019
561720,15,192,3393,31019
561730,14,71,3278,31019
561990,3,7,354,31019
611110,6,70,1278,31019
611610,4,44,237,31019
541850,3,8,461,31019
212321,3,21,732,31141
236118,15,49,2023,31141
236115,10,42,1201,31141
236220,9,259,14921,31141
238110,3,25,1445,31141
238160,3,2,356,31141
238210,18,107,5068,31141
238220,19,94,4022,31141
238310,5,33,1215,31141
238320,4,26,814,31141
238350,8,50,1194,31141
238910,6,62,4020,31141
311119,4,73,4401,31141
323111,4,19,640,31141
327320,3,77,3672,31141
332710,7,47,2429,31141
333111,4,387,24694,31141
339920,3,45,1899,31141
621111,52,919,82710,31019
621310,20,66,2475,31019
621320,6,21,631,31019
621330,13,47,1659,31019
621340,7,105,5437,31019
621399,7,33,5455,31019
621420,4,28,1530,31019
621493,3,70,2803,31019
621498,6,12,603,31019
621210,27,188,7993,31019
621910,3,15,655,31019
623110,6,476,14362,31019
623312,4,143,2904,31019
624110,7,59,1854,31019
624120,4,38,924,31019
624190,8,145,3863,31019
624210,3,10,439,31019
624310,4,120,2603,31019
624410,17,227,3252,31019
711110,3,10,243,31019
711510,3,41,286,31019
712110,5,37,585,31019
713940,5,159,1506,31019
713910,4,28,742,31019
713990,6,11,249,31019
423610,3,65,3721,31141
423820,14,179,12817,31141
423830,4,7,448,31141
424510,9,100,4954,31141
424690,3,24,1426,31141
424910,9,111,5793,31141
425120,4,41,1274,31141
441110,6,172,7680,31141
441120,4,14,441,31141
441320,4,36,1552,31141
441310,5,45,943,31141
442110,3,22,644,31141
442210,3,19,612,31141
443142,4,16,374,31141
444110,3,163,4222,31141
444130,3,23,959,31141
444190,8,47,2016,31141
444220,3,20,378,31141
445110,4,436,8415,31141
446199,3,26,452,31141
446110,7,149,5435,31141
447110,19,201,3092,31141
447190,4,116,2576,31141
721110,25,658,12645,31019
722310,8,105,1773,31019
722410,17,182,2287,31019
722511,41,865,15774,31019
722513,46,1006,13777,31019
722515,8,98,1630,31019
811111,20,93,4351,31019
811113,4,10,407,31019
811121,11,47,1621,31019
811192,4,31,401,31019
811310,5,42,2404,31019
812112,20,72,1287,31019
812210,3,14,382,31019
812910,7,28,521,31019
812990,3,6,164,31019
813212,3,5,274,31019
813110,46,403,8608,31019
813211,5,89,1719,31019
448120,7,33,456,31141
448140,4,55,1045,31141
448210,4,24,360,31141
448310,4,7,334,31141
451110,4,12,141,31141
451120,3,25,571,31141
452319,5,58,893,31141
453110,4,13,90,31141
453220,4,9,81,31141
453310,4,33,690,31141
453998,4,12,255,31141
454310,3,7,418,31141
454390,7,11,341,31141
484110,7,23,540,31141
484121,15,81,2755,31141
484220,22,168,7642,31141
484230,4,11,443,31141
488510,5,38,1404,31141
517312,4,28,1142,31141
517311,6,38,1637,31141
522110,23,273,14889,31141
522130,5,56,2417,31141
813410,10,66,874,31019
813910,8,18,764,31019
238220,5,14,510,31143
423820,4,58,2758,31143
424510,4,44,1934,31143
447110,3,57,949,31143
484230,3,4,167,31143
524210,6,14,689,31143
541110,5,7,113,31143
522298,3,26,2539,31141
522390,3,6,139,31141
523120,7,23,1067,31141
523920,8,12,2042,31141
523930,3,4,188,31141
531110,11,70,1487,31141
531120,4,3,75,31141
531210,14,38,2115,31141
531320,3,5,154,31141
541110,11,26,2345,31141
522110,5,36,1681,31143
524210,28,85,3947,31141
541191,3,11,690,31141
541211,5,71,2501,31141
541213,3,20,232,31141
541219,5,29,370,31141
541330,6,91,7273,31141
541380,3,25,770,31141
541940,8,64,2362,31141
541990,3,26,824,31141
551114,3,34,2761,31141
561110,3,23,1262,31141
561320,5,132,4353,31141
561710,3,6,153,31141
561720,7,109,3043,31141
561730,10,17,915,31141
561730,3,3,65,31143
811111,4,7,365,31143
813110,10,31,338,31143
236115,3,4,121,31169
237110,3,20,527,31169
238210,5,19,652,31169
238220,4,11,327,31169
238910,3,11,472,31169
423820,6,60,3292,31169
561990,4,28,786,31141
562111,3,27,706,31141
611110,9,296,7306,31141
621111,19,257,20995,31141
621210,10,75,4097,31141
621340,11,113,4970,31141
611610,3,19,397,31141
621310,7,23,513,31141
621320,3,57,2474,31141
621498,6,24,2465,31141
621910,3,36,1891,31141
623110,3,287,8443,31141
624110,5,50,338,31141
624190,4,76,1783,31141
624410,8,32,573,31141
713940,4,100,817,31141
713950,3,50,595,31141
721110,8,140,2251,31141
722310,4,24,479,31141
722410,13,64,813,31141
722511,18,291,3809,31141
722513,26,576,7479,31141
811111,16,50,2051,31141
811121,8,21,720,31141
811122,3,6,279,31141
811310,8,20,854,31141
812112,5,37,749,31141
812199,4,9,176,31141
812320,3,5,70,31141
813110,24,226,4787,31141
813410,6,59,1083,31141
424510,7,57,3206,31169
424910,10,114,7557,31169
445110,4,41,655,31169
447110,4,62,834,31169
447190,3,10,262,31169
484220,6,7,213,31169
484230,4,17,158,31169
522110,5,77,4099,31169
524210,7,19,724,31169
541110,4,11,472,31169
623110,3,180,4435,31169
722511,8,92,510,31169
811111,5,12,330,31169
811310,5,23,947,31169
812210,4,9,123,31169
813110,16,70,699,31169
236118,4,3,206,31013
237110,3,10,470,31013
238210,5,19,780,31013
238910,3,11,449,31013
238220,5,14,435,31013
238990,3,15,1387,31013
423820,6,61,2942,31013
424490,3,62,1899,31013
424510,5,81,4240,31013
424910,3,34,2140,31013
441310,3,14,432,31013
445110,4,142,3039,31013
447110,7,73,2169,31013
238210,3,4,179,31017
238220,3,6,164,31017
441310,4,28,855,31017
444190,3,45,306,31017
444220,3,67,2932,31017
445110,3,55,904,31017
447110,5,57,1278,31017
452319,3,44,965,31017
484220,5,5,277,31017
484230,3,12,464,31017
522110,5,32,1569,31017
524210,4,11,314,31017
621340,3,26,923,31017
722511,6,53,439,31017
811121,3,7,128,31017
813110,6,15,261,31017
423820,3,62,2515,31161
424910,3,12,679,31161
441310,3,4,97,31161
445110,5,75,1151,31161
447110,4,28,779,31161
452319,5,27,957,31161
115112,3,6,176,31109
115210,10,17,371,31109
221112,3,16,2657,31109
452319,4,51,1051,31013
484220,5,2,87,31013
488210,3,42,3303,31013
511110,3,13,355,31013
517311,4,34,1344,31013
522110,8,48,2158,31013
522130,3,18,523,31013
524210,8,23,1257,31013
531110,3,6,117,31013
541110,3,5,189,31013
541211,7,27,804,31013
561720,3,20,254,31013
561730,6,5,147,31013
621111,3,29,1197,31013
621210,6,32,1443,31013
624410,3,22,436,31013
721110,8,58,901,31013
722410,4,13,248,31013
722511,12,141,2122,31013
722513,6,250,3838,31013
811111,6,21,477,31013
811121,3,8,553,31013
812112,4,5,92,31013
813110,13,111,1588,31013
813410,4,12,95,31013
813930,5,52,187,31013
621310,3,8,299,31013
236115,68,181,8168,31109
236116,4,124,11448,31109
236117,23,118,5763,31109
236118,141,402,13931,31109
236210,3,159,9446,31109
236220,39,882,57427,31109
237130,11,203,11165,31109
237110,12,213,13172,31109
237310,16,309,23898,31109
237210,9,48,1910,31109
237990,4,548,28887,31109
238120,3,54,3138,31109
238110,59,404,20822,31109
238130,47,132,4572,31109
238140,24,127,4979,31109
238150,4,71,3711,31109
238160,42,471,23753,31109
238170,34,141,5689,31109
238190,5,50,1924,31109
236115,5,13,442,31001
238210,86,1192,62578,31109
238220,119,1249,64001,31109
236117,3,8,266,31001
236118,17,32,900,31001
236220,4,38,2087,31001
237310,4,207,18245,31001
238110,7,49,2135,31001
238210,14,87,5298,31001
238220,16,155,7929,31001
238320,4,6,111,31001
238910,4,7,362,31001
238990,5,7,247,31001
326122,3,182,7371,31001
326199,4,152,4850,31001
333111,4,198,10150,31001
423120,3,23,912,31001
423610,3,12,595,31001
423830,3,39,1753,31001
423820,7,77,4237,31001
423930,3,17,637,31001
424510,12,178,8767,31001
238290,12,98,6431,31109
238310,47,341,13439,31109
238320,63,244,9510,31109
238330,29,124,7872,31109
238340,17,65,1845,31109
238390,10,42,1584,31109
238350,67,241,8485,31109
238910,46,587,27384,31109
311111,5,128,6594,31109
238990,41,186,7656,31109
311119,3,32,1943,31109
311612,5,774,29859,31109
311811,9,131,1848,31109
312120,8,55,2110,31109
321999,3,11,424,31109
323117,3,43,2027,31109
323111,13,217,9262,31109
323113,11,79,2152,31109
424910,10,94,5811,31001
425120,3,6,166,31001
441110,6,156,6321,31001
441120,9,22,805,31001
441310,10,73,1837,31001
442110,3,26,549,31001
443142,5,27,662,31001
444130,3,37,571,31001
444190,9,79,3336,31001
444220,4,37,1109,31001
445110,5,272,5440,31001
445291,4,17,582,31001
445310,3,28,338,31001
446110,7,89,3989,31001
447110,17,166,2644,31001
447190,4,28,985,31001
448120,3,20,222,31001
448210,3,16,231,31001
451211,4,8,97,31001
452319,5,32,530,31001
453310,4,35,545,31001
453998,3,8,167,31001
454110,3,41,1226,31001
454390,5,13,439,31001
326199,9,903,44964,31109
327320,5,102,5765,31109
327390,4,162,7779,31109
332311,3,79,6337,31109
332312,4,152,9584,31109
332710,11,257,13934,31109
332812,3,6,188,31109
333249,5,116,4656,31109
334516,4,655,49785,31109
336390,4,143,7640,31109
336510,3,515,24181,31109
337110,3,12,544,31109
339116,8,87,3777,31109
339950,3,29,1074,31109
423110,6,159,8710,31109
423120,12,114,5061,31109
423130,3,56,3633,31109
423220,7,24,821,31109
423210,4,66,3122,31109
423310,7,109,8032,31109
423320,3,45,1972,31109
423330,8,85,6147,31109
423390,7,46,2880,31109
484110,8,10,196,31001
484121,7,47,2121,31001
484220,15,34,1189,31001
484230,6,6,280,31001
517311,4,25,1611,31001
517312,3,14,497,31001
522110,14,171,8685,31001
523120,3,4,710,31001
523920,9,39,4974,31001
524113,3,3,83,31001
524210,30,140,7157,31001
531110,9,29,720,31001
531120,7,15,319,31001
531210,15,19,768,31001
531311,3,7,190,31001
531320,3,4,124,31001
541110,13,44,2130,31001
541219,6,32,888,31001
541211,5,16,852,31001
541213,3,17,225,31001
541512,3,11,398,31001
541611,5,8,358,31001
541690,6,16,365,31001
423450,7,44,3447,31109
423420,16,112,6764,31109
423430,4,86,4653,31109
423490,5,15,863,31109
423510,3,89,4701,31109
423610,18,171,9554,31109
423710,5,35,1610,31109
423690,14,148,8065,31109
423720,9,77,4648,31109
423730,7,52,2643,31109
423810,6,85,5583,31109
423820,7,89,5258,31109
423840,5,38,2280,31109
423850,5,24,652,31109
423930,6,64,3262,31109
424120,4,17,1023,31109
423830,19,316,19413,31109
424210,10,45,2683,31109
424410,4,546,38238,31109
424420,5,71,4557,31109
424490,7,342,11759,31109
424510,12,106,4503,31109
424690,9,70,4076,31109
424710,3,59,3011,31109
424810,3,91,3325,31109
424720,4,20,2643,31109
424910,10,101,11118,31109
424930,5,35,519,31109
424950,4,22,1018,31109
541810,3,16,1186,31001
541921,3,3,34,31001
541940,3,51,1639,31001
541990,4,14,781,31001
561320,3,75,2506,31001
561710,3,12,645,31001
561720,10,154,1653,31001
561730,14,25,873,31001
561990,3,13,484,31001
562111,3,40,2145,31001
611110,4,98,2510,31001
621111,23,253,24968,31001
621210,11,113,7011,31001
621310,7,24,704,31001
621320,4,12,459,31001
621330,4,18,415,31001
621420,5,46,1666,31001
621493,3,29,1027,31001
623312,5,189,3690,31001
624120,4,83,1733,31001
624190,7,53,1147,31001
624310,3,145,2772,31001
624410,9,197,3926,31001
713940,6,127,1098,31001
713990,3,4,33,31001
484220,3,6,127,31161
522110,4,70,3249,31161
524210,9,36,1355,31161
541940,3,10,443,31161
624190,3,15,451,31161
721110,3,5,117,31161
722410,4,10,71,31161
722511,3,15,352,31161
722513,5,46,805,31161
811310,3,4,97,31161
813110,12,24,259,31161
424990,7,23,600,31109
425120,21,140,4933,31109
441110,17,1073,60265,31109
441120,40,233,10494,31109
441228,8,93,3616,31109
441310,33,308,7329,31109
441320,28,303,11484,31109
442110,12,119,4775,31109
442210,10,68,3221,31109
443141,6,92,4866,31109
443142,15,172,3864,31109
442299,20,187,3247,31109
444110,5,904,19162,31109
444120,6,45,1270,31109
444130,20,264,4810,31109
721110,8,78,1265,31001
722310,5,108,1461,31001
722410,7,45,319,31001
722511,26,452,6636,31001
722513,29,597,7087,31001
722515,5,58,793,31001
811111,11,48,1372,31001
811121,5,20,766,31001
811192,4,6,108,31001
811310,5,19,777,31001
812112,4,27,564,31001
812910,3,14,160,31001
813110,31,196,3805,31001
813410,5,21,306,31001
236118,3,8,287,31163
444220,5,36,1779,31163
484220,3,11,115,31163
722511,4,29,216,31163
813110,7,24,197,31163
444190,30,401,20812,31109
444210,3,13,474,31109
444220,15,222,4812,31109
445110,52,3716,71920,31109
445120,9,43,696,31109
445292,4,14,162,31109
445291,4,43,1507,31109
445299,6,46,403,31109
445310,19,112,1937,31109
446110,34,718,27007,31109
446120,12,126,2227,31109
446130,17,132,3980,31109
446191,17,109,869,31109
446199,14,141,5793,31109
447190,9,96,2809,31109
448110,6,37,1179,31109
447110,99,1046,21416,31109
238210,6,16,526,31129
238220,3,8,192,31129
423820,3,33,1687,31129
424510,3,20,1209,31129
424910,7,55,2226,31129
448120,32,309,3897,31109
448140,20,493,8195,31109
448150,7,46,491,31109
448190,12,150,1999,31109
448210,24,237,3961,31109
448310,21,150,4725,31109
451110,27,555,12332,31109
451140,8,60,1464,31109
448130,6,47,578,31109
451120,13,235,3264,31109
451130,5,51,519,31109
451211,10,186,2402,31109
452210,11,908,15685,31109
452311,9,1777,49556,31109
452319,15,162,2484,31109
453110,7,30,493,31109
453210,4,64,1235,31109
453220,23,126,1988,31109
447110,4,27,567,31129
484220,3,8,320,31129
484230,5,14,324,31129
522110,5,56,2672,31129
453310,28,330,5868,31109
524210,6,10,331,31129
541219,3,19,1204,31129
561730,5,24,629,31129
722511,6,32,337,31129
811111,5,8,170,31129
811121,3,4,224,31129
813110,6,12,143,31129
453910,11,135,2586,31109
453920,3,20,564,31109
453991,7,31,820,31109
453998,24,171,3762,31109
454110,60,982,52072,31109
454210,5,93,3151,31109
454310,3,30,1156,31109
454390,30,95,3192,31109
484110,14,96,3460,31109
484210,7,102,2330,31109
484220,32,83,3857,31109
484230,21,364,26232,31109
485320,5,35,380,31109
485991,3,54,1154,31109
488190,3,1189,82983,31109
488410,6,34,1437,31109
488490,4,31,168,31109
488510,12,29,2258,31109
492110,12,371,14316,31109
492210,4,15,383,31109
484121,56,1619,70908,31109
484122,10,93,4880,31109
484220,5,6,195,31149
813110,3,12,85,31149
493110,3,251,10326,31109
493120,4,218,9363,31109
493190,3,12,382,31109
511110,5,193,8616,31109
511120,8,965,60137,31109
511130,3,107,6344,31109
511140,4,24,1395,31109
511210,25,1992,162205,31109
512110,7,22,687,31109
512131,4,142,1458,31109
515111,3,5,384,31109
515112,4,66,2866,31109
515120,3,101,4534,31109
517311,27,736,41896,31109
517312,14,170,8366,31109
518210,19,285,17072,31109
519130,11,63,4031,31109
522110,145,2151,122397,31109
445110,4,19,246,31063
447190,3,23,654,31063
484220,3,7,287,31063
522110,4,30,2386,31063
722511,3,6,155,31063
811111,3,5,137,31063
813110,5,7,139,31063
522120,8,99,6185,31109
522130,20,226,11197,31109
522291,9,1403,107812,31109
522292,15,34,2263,31109
522298,4,93,3989,31109
522320,10,848,62804,31109
522390,21,1993,78814,31109
523120,31,196,41531,31109
523140,4,5,397,31109
523920,58,231,28506,31109
523910,10,58,3388,31109
523930,40,79,5612,31109
523991,3,17,2855,31109
524113,23,2677,173615,31109
524114,9,27,2154,31109
524126,14,1876,138642,31109
524210,223,854,51276,31109
524291,6,7,262,31109
524292,4,185,6900,31109
524298,3,11,1293,31109
531110,52,442,11594,31109
531120,38,124,4552,31109
531130,15,24,636,31109
531190,13,26,1059,31109
236118,6,8,152,31089
236220,3,18,911,31089
424510,5,73,5271,31065
441110,3,12,351,31065
441310,3,10,236,31065
445110,4,59,863,31065
447110,3,34,734,31065
484110,4,12,364,31065
531210,192,337,17754,31109
531311,34,644,22739,31109
531312,14,39,1947,31109
531320,24,56,2585,31109
531390,3,0,54,31109
532111,13,104,2095,31109
532210,5,8,239,31109
532281,3,16,281,31109
532283,3,27,1142,31109
532289,5,38,2103,31109
532310,3,17,593,31109
532412,5,131,5728,31109
532490,5,83,4003,31109
533110,4,146,8134,31109
541110,145,959,66351,31109
541191,3,38,2018,31109
541211,54,479,27490,31109
541213,15,146,1551,31109
541310,25,314,22507,31109
541219,48,285,9098,31109
541320,3,15,737,31109
541330,63,912,69400,31109
484220,6,14,442,31065
484230,3,16,661,31065
522110,7,40,1738,31065
524210,9,19,959,31065
621111,3,34,2234,31065
541110,3,7,305,31065
541690,3,5,123,31065
621340,4,25,1315,31065
623312,3,17,522,31065
624120,4,41,804,31065
721110,3,11,177,31065
722511,3,21,139,31065
722513,3,32,262,31065
812210,3,6,304,31065
813110,7,17,262,31065
541340,6,8,345,31109
541370,5,17,835,31109
541380,6,93,5146,31109
541410,22,101,4003,31109
541430,12,23,729,31109
541511,89,451,27455,31109
541512,41,940,46102,31109
541513,4,31,1467,31109
541519,7,45,2002,31109
541611,64,164,6509,31109
541612,12,162,11783,31109
541613,48,307,21195,31109
541614,7,44,1982,31109
541620,9,37,1293,31109
541690,28,64,4500,31109
541714,6,182,8046,31109
541715,12,556,31069,31109
541720,3,12,1623,31109
541810,21,563,31211,31109
541820,16,54,3628,31109
541840,4,12,345,31109
541850,4,21,1094,31109
541890,14,110,2238,31109
541910,8,489,41433,31109
541921,23,35,745,31109
541922,5,34,901,31109
541930,5,13,319,31109
541940,31,431,13399,31109
541990,9,42,1276,31109
115112,3,12,1082,31055
115210,9,36,753,31055
236115,69,217,9082,31055
236117,25,174,13822,31055
236210,6,76,5552,31055
236118,229,843,32646,31055
551112,12,139,8657,31109
551114,47,2495,184438,31109
561110,31,546,32438,31109
561410,10,13,380,31109
561422,5,454,8110,31109
561439,4,81,2507,31109
561440,5,49,1845,31109
561492,8,21,552,31109
561510,9,168,8505,31109
561599,5,26,1353,31109
561611,4,8,55,31109
561612,9,988,17989,31109
561621,4,53,2391,31109
561622,7,20,815,31109
561720,97,867,13361,31109
236220,77,1715,119485,31055
561311,6,151,2171,31109
561320,35,2411,55890,31109
561499,7,55,2282,31109
561710,16,88,3428,31109
561730,138,602,20463,31109
237110,13,102,5282,31055
237130,14,87,4551,31055
237210,4,6,392,31055
237310,18,573,59601,31055
237990,4,9,464,31055
238110,64,703,39935,31055
238120,4,66,4444,31055
238130,46,245,9983,31055
238140,37,254,11440,31055
238170,37,122,4944,31055
238150,10,271,13699,31055
238160,97,658,30796,31055
238190,8,22,984,31055
238210,155,3392,247061,31055
238220,193,2681,178530,31055
238290,16,366,30184,31055
561740,12,41,1108,31109
561790,7,25,831,31109
561920,3,1,96,31109
561990,12,77,3716,31109
562111,41,435,17342,31109
562910,5,57,3170,31109
611310,7,1478,39670,31109
611110,17,688,16387,31109
611430,9,10,465,31109
611511,4,49,1349,31109
611519,6,13,507,31109
611610,24,221,1815,31109
611699,3,6,140,31109
611620,28,225,2530,31109
611691,5,82,1010,31109
611710,17,113,4054,31109
238340,31,142,6884,31055
621111,199,3691,382023,31109
238310,61,695,32052,31055
238320,126,874,39440,31055
238330,60,232,9359,31055
238910,39,510,29709,31055
238350,98,534,21125,31055
238390,19,122,5677,31055
238990,81,394,25236,31055
311611,12,3880,165656,31055
311612,7,1764,76158,31055
311613,5,103,4517,31055
311811,10,146,2589,31055
311812,5,98,1659,31055
314120,3,25,377,31055
314910,4,69,2032,31055
314999,7,37,962,31055
321999,3,12,324,31055
322211,3,320,20395,31055
621112,26,137,10683,31109
621210,140,1060,55379,31109
621310,84,241,8499,31109
621320,21,168,8119,31109
621330,82,217,6958,31109
621340,50,519,19172,31109
621410,3,23,1006,31109
621391,7,43,2394,31109
621399,36,198,10848,31109
621420,30,296,9204,31109
621492,6,99,6873,31109
621493,11,128,6995,31109
621498,20,411,19840,31109
621512,4,122,5007,31109
621511,13,236,16548,31109
621610,17,468,12005,31109
621991,5,154,6672,31109
621999,4,29,1772,31109
622110,5,5926,299516,31109
623110,13,2222,69059,31109
325412,5,181,12573,31055
623210,27,897,20055,31109
323111,53,1344,71003,31055
323113,13,152,5721,31055
325414,5,328,23554,31055
326199,11,1327,61308,31055
327320,7,149,2584,31055
327390,5,116,5688,31055
327991,3,49,1776,31055
332312,6,308,18793,31055
332322,4,367,16030,31055
332323,5,97,4824,31055
332710,17,152,6098,31055
332721,3,84,3428,31055
332812,3,5,149,31055
333249,5,498,16602,31055
333922,4,323,19796,31055
333318,3,18,720,31055
333993,3,52,3587,31055
334614,5,60,3833,31055
337110,10,134,5238,31055
337212,4,147,6233,31055
337215,3,917,43128,31055
623220,12,264,8294,31109
623311,5,547,11745,31109
623312,23,924,19994,31109
623990,4,44,1280,31109
624110,29,318,9245,31109
624120,24,910,18581,31109
624190,50,1038,27770,31109
624210,6,68,2462,31109
624221,5,210,4793,31109
624229,4,21,889,31109
624310,11,82,2487,31109
624410,110,1685,30080,31109
711130,4,140,655,31109
711310,5,132,1823,31109
711320,4,35,729,31109
711510,21,62,4246,31109
713290,3,51,2326,31109
713940,55,1694,14020,31109
713910,11,390,11022,31109
339115,5,173,6258,31055
339116,19,118,5304,31055
339910,4,8,269,31055
423110,9,270,15161,31055
423120,31,397,17011,31055
339950,11,171,7440,31055
423130,5,137,5816,31055
423140,5,235,9549,31055
423210,9,120,6895,31055
423220,15,112,6261,31055
423310,13,160,9232,31055
423330,14,115,7138,31055
423320,9,98,4204,31055
423390,7,27,1391,31055
423410,4,100,6089,31055
423420,37,265,13547,31055
423430,32,795,85353,31055
423440,10,120,7216,31055
423450,29,428,24230,31055
423460,4,11,357,31055
713950,4,108,2109,31109
713990,26,172,3113,31109
722320,14,183,2576,31109
721110,64,1516,30019,31109
721310,28,74,1110,31109
722310,22,316,4687,31109
722330,3,9,107,31109
722410,67,750,8439,31109
722511,211,5741,92707,31109
722513,287,6014,85121,31109
722514,5,242,3121,31109
722515,67,873,11129,31109
811111,94,383,15733,31109
811113,6,23,1140,31109
811118,3,7,450,31109
811121,48,279,13262,31109
811122,8,45,1554,31109
423490,9,240,19949,31055
423510,10,114,5828,31055
423610,38,613,36932,31055
423710,11,62,2774,31055
423720,20,202,12509,31055
423730,24,291,23255,31055
423740,5,136,11241,31055
423810,5,124,7416,31055
423820,13,200,14301,31055
423830,70,749,47543,31055
423690,12,194,20870,31055
423840,13,197,11214,31055
423850,15,146,7093,31055
423910,9,50,2073,31055
423920,6,97,6752,31055
423930,19,232,14602,31055
423940,3,47,1307,31055
423990,14,129,7587,31055
424110,3,77,3063,31055
424120,5,10,645,31055
811191,12,92,1980,31109
811192,17,219,3820,31109
811212,6,9,307,31109
811213,3,12,283,31109
811219,4,13,935,31109
811310,19,79,4272,31109
811411,4,9,232,31109
811412,4,28,1250,31109
811420,5,11,397,31109
811490,10,14,412,31109
812111,10,12,222,31109
812112,133,575,10521,31109
812113,9,15,463,31109
812191,6,41,685,31109
812199,43,199,3035,31109
812210,9,95,4930,31109
812320,13,92,1824,31109
812331,3,116,3352,31109
812910,19,177,3420,31109
812930,4,144,3400,31109
812990,9,33,845,31109
813110,180,2375,47073,31109
236118,5,14,314,31147
238130,3,14,179,31147
424130,13,159,12634,31055
812310,9,52,794,31109
813211,26,461,26502,31109
238210,3,6,335,31147
238220,4,11,386,31147
238910,3,14,427,31147
424210,20,518,21798,31055
424410,5,550,33136,31055
424420,7,170,19476,31055
424450,6,17,679,31055
424470,7,73,5989,31055
424490,43,1261,107301,31055
424510,6,351,62817,31055
424610,5,49,3121,31055
424690,22,299,17224,31055
424710,5,96,5079,31055
424720,3,112,4962,31055
424820,7,633,37967,31055
424910,17,138,9192,31055
424930,7,111,3445,31055
424950,6,26,2317,31055
424990,19,142,5035,31055
425120,75,542,47994,31055
441110,29,2453,137819,31055
423820,3,34,1485,31147
424510,6,24,756,31147
424520,4,8,625,31147
425120,3,7,113,31147
424940,3,147,6873,31055
424910,10,46,2074,31147
444220,3,4,144,31147
447110,3,34,613,31147
452319,3,45,836,31147
484110,5,12,237,31147
484220,7,8,201,31147
484121,3,5,127,31147
484230,4,4,89,31147
522110,5,44,1564,31147
524210,6,24,792,31147
541110,4,23,590,31147
621210,3,16,708,31147
722410,4,13,73,31147
722511,9,54,684,31147
722513,5,64,830,31147
811111,5,16,408,31147
811310,3,13,353,31147
813110,14,49,422,31147
441120,48,328,14035,31055
441222,3,12,551,31055
441228,14,158,7462,31055
441310,58,627,16541,31055
441320,36,330,13694,31055
442210,14,187,8363,31055
442291,4,9,504,31055
442299,26,388,6289,31055
443141,8,27,632,31055
443142,44,1062,40008,31055
444110,9,1513,37232,31055
444120,14,118,5719,31055
444130,15,230,5096,31055
444190,39,948,48050,31055
444210,5,46,1852,31055
444220,16,266,7406,31055
813212,10,40,2414,31109
813219,4,67,4226,31109
813311,7,18,1017,31109
813312,10,161,6323,31109
813319,18,132,4451,31109
813410,43,220,5364,31109
442110,28,1152,48815,31055
813910,55,407,23116,31109
813920,28,113,6000,31109
813930,24,197,6282,31109
813940,8,31,1627,31109
813990,10,48,2054,31109
445110,98,6954,146934,31055
445120,17,50,1276,31055
445210,11,66,1708,31055
445230,5,28,440,31055
445291,5,18,275,31055
445292,6,29,442,31055
445310,26,124,1967,31055
445299,12,114,1578,31055
446110,58,1363,51092,31055
446130,27,163,4641,31055
446120,31,402,6224,31055
446191,26,129,2909,31055
446199,18,112,5818,31055
447190,14,50,866,31055
447110,138,1651,38459,31055
236118,6,4,170,31093
238220,4,14,419,31093
238210,6,11,214,31093
238910,3,8,367,31093
423820,4,25,1200,31093
444220,3,15,751,31093
447110,5,44,948,31093
484220,6,12,415,31093
522110,4,60,2629,31093
524113,14,21,598,31093
524210,7,19,641,31093
448110,12,102,3370,31055
448120,67,713,9436,31055
448130,17,145,2316,31055
448140,55,1429,21688,31055
448150,16,116,1834,31055
448190,22,308,4943,31055
448210,36,361,5964,31055
448310,18,345,13418,31055
451110,40,819,20027,31055
451120,25,419,7438,31055
451130,7,57,790,31055
452210,12,1348,23244,31055
237110,5,81,4083,31089
238210,8,40,1666,31089
451140,8,76,2106,31055
451211,15,228,3485,31055
238220,6,10,229,31089
423820,6,118,5819,31089
424510,6,60,3368,31089
424910,11,94,4976,31089
441310,5,38,1202,31089
444220,4,34,964,31089
444130,5,25,503,31089
444190,7,25,866,31089
445110,6,134,2042,31089
447110,8,100,1542,31089
452319,5,86,1622,31089
453110,3,3,59,31089
454390,3,4,114,31089
484110,6,16,862,31089
484220,15,135,6500,31089
484121,11,20,547,31089
484230,7,19,390,31089
515112,3,26,476,31089
541690,3,7,280,31093
624410,3,23,246,31093
722410,3,8,138,31093
722511,5,32,283,31093
811111,3,10,257,31093
813110,5,16,167,31093
517312,3,10,395,31089
522110,10,104,5262,31089
523920,3,17,1174,31089
524210,12,51,1977,31089
541110,5,24,1866,31089
541211,3,8,240,31089
541940,4,20,717,31089
561730,3,7,191,31089
621210,4,23,1242,31089
621310,4,9,267,31089
621498,3,18,1137,31089
621320,5,27,840,31089
721110,5,41,547,31089
722511,10,76,867,31089
722513,5,84,1217,31089
811111,5,11,367,31089
811121,7,19,704,31089
811310,9,33,1088,31089
812210,3,8,379,31089
722410,6,29,406,31089
813110,15,90,1802,31089
452311,15,3445,96766,31055
452319,34,345,5227,31055
453210,7,65,1299,31055
453110,15,119,2106,31055
453220,40,370,6356,31055
453310,49,465,8740,31055
453910,24,340,6887,31055
453991,16,73,1237,31055
453920,6,34,1026,31055
453998,34,305,7587,31055
454210,14,110,3906,31055
454110,82,1345,57763,31055
454390,55,166,5546,31055
481111,4,401,11679,31055
481211,5,189,19605,31055
236118,6,5,96,31151
236115,3,4,138,31151
238220,8,89,4595,31151
332710,3,13,587,31151
423820,5,49,1896,31151
424510,7,98,7008,31151
424910,5,16,1157,31151
484110,42,411,16110,31055
484210,26,767,22718,31055
484230,19,272,14036,31055
484121,74,2245,127977,31055
484122,18,541,35461,31055
484220,38,191,12456,31055
485320,3,38,696,31055
485410,5,701,14849,31055
485510,4,147,5540,31055
485991,4,16,348,31055
488190,5,83,4715,31055
488119,8,208,5154,31055
488210,10,76,4397,31055
488410,9,65,2439,31055
488490,7,57,1631,31055
488991,3,5,181,31055
492110,24,1402,69341,31055
492210,10,118,4043,31055
441120,3,7,183,31151
444190,4,30,1101,31151
445110,4,54,704,31151
488510,45,245,15875,31055
446110,3,19,718,31151
447110,6,68,1285,31151
452319,4,44,901,31151
484121,7,40,2194,31151
484220,3,1,183,31151
484230,3,11,487,31151
522110,13,94,4504,31151
524210,15,43,1200,31151
541213,3,9,55,31151
541940,3,15,568,31151
561730,4,6,191,31151
621111,3,25,1621,31151
621210,5,19,582,31151
621310,3,9,216,31151
624410,6,72,1196,31151
722410,4,18,120,31151
493110,19,1024,34273,31055
493120,4,110,4799,31055
493190,4,60,4009,31055
511110,6,557,24081,31055
511120,5,217,21966,31055
511130,6,45,2053,31055
511140,9,219,11611,31055
511210,25,1595,145492,31055
512110,20,39,2407,31055
512131,10,444,5185,31055
512240,5,7,191,31055
515112,10,208,10145,31055
515120,5,364,37145,31055
517311,66,1698,105732,31055
517312,46,487,22006,31055
517911,3,40,3156,31055
517919,3,12,1391,31055
518210,42,2745,282092,31055
722511,12,117,996,31151
722513,5,68,847,31151
811121,4,12,466,31151
812112,3,3,52,31151
812210,3,15,408,31151
813110,14,62,1051,31151
813410,3,12,108,31151
522130,56,1017,55791,31055
519130,17,734,76292,31055
522110,160,6099,445538,31055
522120,9,197,22976,31055
522220,8,271,13310,31055
522291,7,73,3828,31055
522292,27,278,25822,31055
522298,17,952,105346,31055
522310,11,45,2386,31055
522320,44,6149,459298,31055
522390,45,432,15677,31055
523110,4,10,2238,31055
523120,64,2293,229708,31055
523130,3,5,1393,31055
523140,5,23,2557,31055
523910,13,59,3382,31055
237110,3,8,419,31073
423820,3,16,527,31073
524210,4,17,1430,31073
813110,3,11,141,31073
523920,134,959,115762,31055
523930,81,472,37477,31055
523991,6,17,1480,31055
524113,51,3162,232871,31055
524126,43,3769,346623,31055
524127,3,197,13791,31055
524291,12,42,3053,31055
524292,25,315,21719,31055
524298,14,79,7015,31055
525990,3,7,587,31055
524114,79,6440,541707,31055
524210,402,2356,182100,31055
531110,138,624,20920,31055
531120,58,219,10844,31055
221210,3,55,6137,31153
236115,23,60,4305,31153
236117,21,206,12909,31153
236118,89,282,10137,31153
236220,23,256,20040,31153
237110,5,110,7330,31153
531130,27,124,4528,31055
237130,6,239,12207,31153
238110,27,556,29209,31153
238120,4,615,44800,31153
238130,32,175,5937,31153
531190,10,20,2218,31055
531210,429,1341,70442,31055
238140,21,206,9950,31153
531311,66,1736,76340,31055
531312,44,819,44749,31055
531320,30,83,4789,31055
531390,26,82,5796,31055
532111,18,298,8027,31055
532210,7,22,688,31055
532281,5,19,425,31055
532283,6,47,2103,31055
532289,9,93,3809,31055
532120,16,173,6582,31055
532310,7,55,1986,31055
532411,3,4,375,31055
532412,3,27,2918,31055
532420,4,7,286,31055
532490,23,135,6831,31055
533110,12,245,28196,31055
541110,337,2605,228394,31055
238150,9,61,2661,31153
238160,22,119,5437,31153
238170,13,57,3048,31153
238190,3,50,1956,31153
238210,48,816,44790,31153
238220,87,1746,108310,31153
238290,5,91,7044,31153
238310,25,575,31182,31153
238320,32,161,5971,31153
238340,13,29,1052,31153
238350,44,212,8235,31153
238390,10,110,4642,31153
238910,24,281,17620,31153
238990,34,348,18579,31153
238330,22,73,3030,31153
311812,3,578,35719,31153
312120,3,22,668,31153
323111,5,72,3419,31153
327320,6,262,18678,31153
327390,3,351,18143,31153
541191,21,459,21897,31055
541211,108,1313,99335,31055
541213,54,422,5140,31055
541214,17,360,16257,31055
541219,89,398,15688,31055
541330,118,2535,270118,31055
541340,8,34,1612,31055
541370,9,67,3454,31055
541310,55,917,85725,31055
541320,8,17,1235,31055
541350,10,46,1698,31055
541380,5,215,13845,31055
541410,44,117,5961,31055
541430,41,124,6145,31055
541490,4,18,458,31055
541511,161,1127,91371,31055
541512,99,864,74191,31055
541513,10,58,2802,31055
541519,11,571,49370,31055
339116,3,10,412,31153
339920,3,12,297,31153
423110,9,336,25389,31153
423120,12,216,13241,31153
423220,5,39,2121,31153
423310,6,71,3719,31153
423320,6,57,3207,31153
423330,3,64,3960,31153
337110,3,27,1502,31153
423450,11,141,13360,31153
423510,12,279,15949,31153
423610,4,45,4136,31153
423690,6,61,3508,31153
423720,8,73,5231,31153
423710,6,121,6782,31153
423730,11,132,11593,31153
423810,7,90,6026,31153
423820,8,236,19166,31153
423830,20,483,27771,31153
423850,3,193,8404,31153
423910,3,13,496,31153
424120,7,67,3680,31153
424210,5,74,1685,31153
541611,161,711,46022,31055
541612,28,219,23620,31055
541613,81,1709,109926,31055
541614,21,47,2362,31055
541618,5,12,1151,31055
541620,8,86,4889,31055
541690,36,123,14332,31055
541713,6,487,29011,31055
541715,11,101,5472,31055
541810,47,636,32357,31055
541820,8,13,693,31055
541840,6,58,6489,31055
541860,8,31,906,31055
541870,4,11,376,31055
541890,24,178,6438,31055
541910,10,954,22947,31055
541921,27,60,1599,31055
541922,15,23,748,31055
541930,4,5,154,31055
541940,53,688,29199,31055
541990,24,80,5572,31055
551111,10,122,16453,31055
551112,22,353,91539,31055
551114,135,13281,1064627,31055
424410,4,54,2177,31153
424610,5,49,2901,31153
424690,3,30,1465,31153
424910,4,19,2046,31153
424990,6,226,9687,31153
425120,15,183,6506,31153
424490,10,151,6669,31153
441110,14,992,48201,31153
441120,10,61,3029,31153
441228,3,11,582,31153
441310,13,93,2286,31153
441320,9,119,6102,31153
442210,3,52,2520,31153
442299,7,105,1485,31153
443141,3,12,533,31153
443142,7,93,3322,31153
444110,3,519,11720,31153
444120,3,13,720,31153
444130,5,45,1002,31153
444190,10,146,9391,31153
444210,3,51,2126,31153
444220,4,35,1051,31153
445110,16,1176,25622,31153
445291,4,24,507,31153
445299,3,14,115,31153
561110,63,373,27077,31055
561311,14,812,24326,31055
561312,20,60,4620,31055
561330,6,619,18869,31055
561410,11,25,1173,31055
561422,28,3168,88022,31055
561431,11,26,453,31055
561439,13,70,6621,31055
561440,12,1463,54304,31055
561450,3,38,4515,31055
561492,7,12,618,31055
561499,12,378,27473,31055
561510,22,129,6067,31055
561599,9,1065,34296,31055
561611,6,49,2102,31055
561612,20,1714,46382,31055
444220,3,20,475,31015
484220,5,33,1323,31015
522110,5,33,1336,31015
813110,4,9,152,31015
237110,3,5,143,31091
713910,3,33,1884,31091
212321,4,5,196,31003
236118,6,11,319,31003
238110,3,1,110,31003
238210,5,25,1527,31003
238220,4,11,470,31003
236220,4,22,1324,31067
237310,3,25,1004,31067
238110,5,31,867,31067
238140,5,14,351,31067
238160,3,5,333,31067
238910,4,7,312,31095
327320,3,17,879,31095
424910,6,64,2784,31095
561210,14,294,13458,31055
561320,100,5806,205434,31055
236118,7,10,273,31067
238210,7,18,532,31067
237310,3,5,167,31095
238210,3,31,1715,31095
238220,6,35,1170,31095
423820,3,18,1081,31095
424510,4,89,3411,31095
425120,3,18,246,31095
447110,3,19,621,31095
484220,10,33,907,31095
445310,3,9,122,31153
446110,15,228,9311,31153
446120,10,123,1977,31153
446130,7,54,1328,31153
446191,7,20,521,31153
446199,3,59,2353,31153
447110,43,454,9627,31153
448110,4,22,563,31153
448120,23,228,3366,31153
448130,7,76,1013,31153
448140,17,353,4337,31153
448150,6,65,870,31153
448190,6,40,719,31153
448210,13,193,2813,31153
448310,8,62,1280,31153
451110,3,260,4441,31153
451120,5,79,1567,31153
451211,4,13,355,31153
452210,3,249,4175,31153
452311,7,1511,43616,31153
452319,7,85,1086,31153
453110,6,21,500,31153
453210,3,17,336,31153
453220,5,43,468,31153
524210,6,20,719,31095
522110,9,59,2973,31095
531311,4,9,156,31095
541940,3,28,949,31095
561720,4,24,514,31095
561730,3,0,21,31095
621310,3,6,140,31095
624410,4,30,418,31095
722511,11,79,2340,31095
722513,5,87,971,31095
811111,4,18,753,31095
813110,15,41,594,31095
453310,12,173,3170,31153
453910,7,82,1979,31153
453991,3,12,114,31153
453998,5,22,419,31153
454110,25,866,41707,31153
454390,22,200,4693,31153
484110,25,59,2027,31153
484121,46,562,29585,31153
484122,6,487,20565,31153
484210,7,105,3573,31153
484220,11,127,5300,31153
484230,12,48,1985,31153
485991,3,8,140,31153
488410,6,32,1378,31153
488490,4,23,2197,31153
488510,8,103,6523,31153
492110,7,148,5380,31153
493110,11,635,26705,31153
561613,4,125,4442,31055
561621,13,379,20165,31055
561720,183,3138,58242,31055
561730,283,1884,82196,31055
561740,22,81,2601,31055
561622,6,41,1813,31055
561710,20,119,5344,31055
561790,20,85,3992,31055
561920,7,44,1717,31055
561990,19,447,12581,31055
562111,25,339,12086,31055
562119,3,24,1195,31055
562991,3,23,889,31055
611110,48,1666,52507,31055
611310,11,5858,226371,31055
611420,3,12,852,31055
611430,5,26,1634,31055
611511,3,52,2410,31055
611513,4,40,1215,31055
611519,10,87,2827,31055
517311,12,114,6511,31153
517312,14,116,3786,31153
518210,8,401,18565,31153
519130,5,980,73478,31153
522110,38,479,25928,31153
522130,16,429,28320,31153
522220,3,7,292,31153
522292,3,3,345,31153
522320,4,1895,165288,31153
522390,8,19,509,31153
562910,7,82,4422,31055
523120,7,503,35081,31153
523140,4,12,695,31153
523920,27,55,5165,31153
523930,5,6,144,31153
524113,9,11,691,31153
524114,5,5,228,31153
524291,6,47,4907,31153
524210,93,343,16971,31153
524292,5,61,3839,31153
531110,28,148,5268,31153
531190,4,18,477,31153
531210,88,118,4542,31153
611610,39,333,4731,31055
611620,44,460,5667,31055
611691,12,72,836,31055
531120,12,58,1261,31153
531130,6,17,775,31153
611692,3,8,400,31055
611699,14,117,944,31055
611710,9,56,2468,31055
621111,345,5593,703562,31055
621112,25,67,4659,31055
621210,269,1773,94377,31055
621310,124,376,11589,31055
621330,109,310,10586,31055
621320,47,238,9204,31055
621340,96,1338,60386,31055
621391,12,63,3239,31055
621410,4,83,2638,31055
531311,9,49,1940,31153
531312,8,33,1592,31153
531320,7,20,713,31153
532111,6,18,461,31153
532120,6,160,8103,31153
532310,3,12,390,31153
532412,8,147,9940,31153
532490,4,54,3174,31153
621399,46,198,9598,31055
541110,23,71,4172,31153
541211,13,76,4614,31153
541213,9,51,650,31153
541219,26,44,1215,31153
541330,22,331,29139,31153
541380,3,6,97,31153
541410,3,5,124,31153
541430,6,12,181,31153
541511,37,432,23515,31153
541512,54,1191,104578,31153
541513,7,110,15544,31153
541611,41,163,12412,31153
541614,5,7,434,31153
541690,5,7,353,31153
541715,4,55,6898,31153
541810,5,267,34107,31153
541850,4,18,579,31153
621420,38,349,11429,31055
621498,37,2728,260574,31055
621511,14,302,14415,31055
621512,10,69,4161,31055
621610,68,2213,72386,31055
621910,5,198,6819,31055
621991,7,619,26709,31055
621999,21,276,17954,31055
541613,14,13,443,31153
621492,16,207,10702,31055
621493,30,496,20322,31055
622110,12,16414,1019713,31055
622310,4,1161,54800,31055
623210,24,724,31294,31055
623110,32,3046,93983,31055
623220,16,361,12196,31055
623312,30,1758,43045,31055
623311,7,894,25164,31055
541921,13,40,972,31153
541922,4,9,403,31153
541940,14,138,6025,31153
541990,5,21,1791,31153
551112,4,89,8051,31153
551114,27,1912,106281,31153
561110,9,132,13366,31153
561210,4,32,1008,31153
561312,5,4,245,31153
561320,8,94,5044,31153
561499,6,17,811,31153
561612,3,226,6140,31153
561621,7,74,2422,31153
561710,12,56,2776,31153
561720,52,421,8349,31153
561730,102,638,25571,31153
561740,9,30,1056,31153
561790,4,13,593,31153
561920,3,18,727,31153
561990,5,22,1240,31153
562111,8,178,8445,31153
562991,3,13,636,31153
623990,3,2192,93934,31055
624110,50,1486,51382,31055
624210,10,111,4723,31055
624221,6,91,2606,31055
624229,13,206,11196,31055
624310,16,661,8394,31055
624410,257,4169,78044,31055
711110,5,149,4595,31055
711130,7,123,3751,31055
711212,3,127,2315,31055
711310,13,581,11954,31055
624120,46,1693,31208,31055
624190,80,1026,34553,31055
711320,16,55,3768,31055
711510,36,157,6226,31055
712110,9,231,7680,31055
611110,3,186,4802,31153
611310,3,1149,43420,31153
611430,3,4,71,31153
611610,7,55,526,31153
611620,20,148,2028,31153
611691,3,67,600,31153
621112,3,2,81,31153
621111,56,611,38912,31153
621210,58,430,20986,31153
621320,13,48,1609,31153
621310,25,106,4072,31153
621330,14,32,958,31153
621340,30,313,13476,31153
621391,7,41,1584,31153
621399,11,34,1792,31153
621493,4,46,1632,31153
621420,4,66,1697,31153
621498,7,124,6224,31153
621610,8,159,5300,31153
621910,3,60,1718,31153
621999,3,6,238,31153
623110,6,562,20356,31153
623210,4,253,6787,31153
623312,7,298,6804,31153
713290,5,191,3131,31055
713120,7,228,3769,31055
713910,15,657,23821,31055
713940,116,2308,29062,31055
713950,8,258,4433,31055
713990,46,349,5402,31055
721110,77,2298,56518,31055
722310,67,1065,23932,31055
722320,28,478,8048,31055
722330,10,22,357,31055
722410,176,1428,22863,31055
722511,467,12544,235841,31055
624120,7,80,1257,31153
624190,7,25,750,31153
624410,73,1118,18179,31153
711510,6,7,478,31153
713120,4,46,317,31153
713910,4,69,2039,31153
713940,27,509,4973,31153
713990,11,70,1627,31153
713950,3,35,450,31153
721110,22,495,11406,31153
722310,9,221,2475,31153
722320,4,22,222,31153
722410,23,200,3112,31153
722511,78,2194,36912,31153
722513,117,2548,37055,31153
722513,451,9680,153075,31055
722514,11,289,4273,31055
722515,131,1809,24033,31055
811111,130,648,26402,31055
811121,84,674,35131,31055
722514,3,94,1709,31153
722515,23,292,3853,31153
811112,3,6,158,31055
811113,14,370,18503,31055
811118,8,49,2299,31055
811122,15,132,5037,31055
811191,15,98,2303,31055
811192,41,285,5885,31055
811212,9,36,1494,31055
811213,3,14,209,31055
811219,8,40,3038,31055
811310,34,260,14207,31055
811411,4,11,298,31055
811412,10,74,3619,31055
811490,16,48,1106,31055
811420,6,16,672,31055
812111,13,74,2231,31055
812112,231,1312,35482,31055
812199,63,476,8659,31055
812113,16,77,1675,31055
812191,10,64,1061,31055
811111,45,598,30862,31153
811113,3,9,463,31153
811121,24,188,10804,31153
811192,12,95,2005,31153
811310,9,32,1153,31153
811420,3,14,344,31153
811490,8,13,341,31153
812113,4,13,212,31153
812199,10,119,2156,31153
812210,6,26,1178,31153
812320,5,18,379,31153
812910,14,132,2225,31153
813110,69,788,16592,31153
813211,6,35,968,31153
812111,3,11,354,31153
812112,47,227,5006,31153
812990,6,9,90,31153
813410,12,80,526,31153
813910,3,13,475,31153
813930,4,14,56,31153
812210,19,180,6358,31055
812220,14,89,3488,31055
812310,10,58,1619,31055
812320,38,398,8881,31055
812331,3,110,4509,31055
812910,32,196,3592,31055
812930,19,383,5970,31055
812990,38,237,5104,31055
813110,290,4237,100288,31055
813219,6,184,7825,31055
813211,49,394,31072,31055
813212,27,154,8335,31055
813311,9,22,1125,31055
813312,8,209,7042,31055
813319,18,128,5160,31055
813410,64,370,9184,31055
813910,30,278,15015,31055
813920,11,56,2987,31055
813930,43,294,8933,31055
813990,11,26,697,31055
813940,8,4,855,31055
333111,3,100,3907,31173
444220,3,47,2947,31173
447110,5,62,1228,31173
484121,3,10,475,31173
484220,6,11,404,31173
522110,3,66,2867,31173
524210,4,6,183,31173
561110,3,71,3931,31173
624190,4,50,1987,31173
722513,3,28,169,31173
813110,5,13,123,31173
813110,4,9,59,31171
236118,25,61,1883,31177
236115,11,31,1346,31177
236220,4,59,4996,31177
237110,5,105,5648,31177
237130,3,44,2911,31177
238130,11,50,1535,31177
238110,4,11,535,31177
238140,3,41,1621,31177
238160,5,6,273,31177
238210,6,34,1236,31177
238220,10,107,7569,31177
238310,6,9,399,31177
238330,5,6,192,31177
238320,3,13,615,31177
238350,11,23,617,31177
238910,8,31,2011,31177
238990,8,49,1789,31177
325199,3,192,18314,31177
337110,3,4,168,31177
424910,7,33,1670,31177
425120,4,6,272,31177
236118,6,12,314,31031
236115,3,13,377,31031
237310,3,27,2534,31031
238210,4,14,351,31031
238220,4,14,321,31031
238350,3,24,696,31031
445110,3,117,2337,31031
447110,6,54,1602,31031
452319,4,61,1289,31031
454390,5,6,178,31031
484110,3,8,244,31031
441228,3,13,243,31177
441310,5,34,931,31177
444190,3,21,956,31177
484121,3,3,173,31031
444220,3,7,315,31177
447110,9,110,1673,31177
453310,3,33,488,31177
454390,3,7,310,31177
484121,8,43,1010,31177
484220,8,13,545,31177
484230,5,116,6043,31177
522110,5,83,4137,31177
523920,5,10,1302,31177
524210,15,62,1698,31177
531210,9,9,242,31177
531311,3,4,78,31177
541110,7,17,640,31177
541211,3,22,740,31177
541330,8,60,4673,31177
541219,5,9,555,31177
484220,6,19,1470,31031
484230,3,33,1319,31031
522110,9,41,1747,31031
524210,6,25,507,31031
532284,5,0,131,31031
541211,5,25,634,31031
541110,5,13,310,31031
541940,6,41,1022,31031
621210,4,22,1135,31031
721110,9,109,3363,31031
722513,6,89,1179,31031
722511,6,116,1363,31031
813110,8,21,206,31031
541611,7,12,1194,31177
541940,5,77,2693,31177
551114,3,57,2943,31177
561720,4,139,7769,31177
561730,24,109,4370,31177
621210,5,29,1153,31177
621310,4,14,353,31177
624410,7,79,1076,31177
711510,3,3,33,31177
721110,3,26,370,31177
722410,6,34,278,31177
722511,15,129,1505,31177
722513,8,187,2396,31177
811111,11,24,926,31177
811192,4,121,3588,31177
812112,8,34,661,31177
812199,4,5,26,31177
212321,3,13,710,31053
236115,5,31,1467,31053
236118,8,15,281,31053
236220,12,84,5280,31053
237110,4,35,1745,31053
238110,3,12,599,31053
238210,19,90,4453,31053
238130,4,7,256,31053
238220,14,175,8984,31053
238320,5,12,326,31053
238350,4,11,381,31053
238910,6,39,1961,31053
238990,8,39,2167,31053
311119,4,174,12276,31053
311611,3,1385,69609,31053
813110,14,84,1526,31177
115114,3,49,1838,31059
236118,4,2,105,31059
237110,3,121,8751,31059
238110,3,9,292,31059
238220,6,14,409,31059
332999,3,18,613,31059
423820,7,84,3263,31059
424510,9,41,1956,31059
424910,5,38,2327,31059
441310,3,19,640,31059
445110,3,28,467,31059
447110,7,70,1224,31059
452319,3,21,324,31059
484110,3,8,301,31059
484220,12,33,1576,31059
484230,3,5,170,31059
522110,9,93,4517,31059
524210,8,37,2460,31059
541110,3,11,394,31059
624190,3,9,112,31059
722511,5,46,446,31059
811111,6,22,1093,31059
813110,11,62,777,31059
522110,3,18,996,31069
813110,7,33,421,31069
323111,5,18,413,31053
327320,4,61,2113,31053
423120,3,27,1273,31053
423610,3,26,1360,31053
423820,8,125,8824,31053
424510,13,181,9626,31053
425120,5,86,7279,31053
424910,9,86,6171,31053
441110,6,276,14752,31053
441120,4,5,207,31053
441228,4,19,609,31053
441310,4,41,939,31053
444130,7,32,1302,31053
444190,5,26,952,31053
444220,3,14,375,31053
445110,8,452,8651,31053
446199,5,73,1391,31053
446110,4,54,2050,31053
446191,3,15,124,31053
236115,3,7,327,31123
424510,4,24,1482,31123
424910,3,26,1884,31123
445110,3,84,1955,31123
447110,4,30,502,31123
447190,3,14,521,31123
452319,3,27,451,31123
484220,4,3,78,31123
484230,3,3,28,31123
522110,5,35,1852,31123
524210,4,22,1257,31123
722511,4,38,580,31123
722513,3,16,131,31123
811310,3,9,310,31123
813110,7,15,171,31123
447110,22,243,4141,31053
447190,4,35,1429,31053
448120,4,47,441,31053
448140,3,22,401,31053
448210,3,22,299,31053
451110,5,68,2432,31053
452319,7,66,1047,31053
453310,4,39,596,31053
453998,5,38,1388,31053
454390,3,4,48,31053
484110,5,25,922,31053
484121,11,365,21165,31053
484220,12,40,1350,31053
484230,9,33,1639,31053
511110,4,20,575,31053
517311,6,26,1275,31053
522110,20,283,13877,31053
522130,3,14,373,31053
522390,4,9,158,31053
523120,4,16,1147,31053
523920,6,10,1519,31053
523930,6,11,460,31053
236118,3,6,164,31127
238210,3,8,185,31127
238220,3,7,316,31127
238910,4,2,262,31127
424510,4,9,663,31127
424910,3,11,426,31127
445110,3,45,814,31127
447110,4,55,878,31127
522110,6,64,2585,31127
524210,13,36,1204,31127
561730,3,6,56,31127
624410,7,28,390,31127
721110,3,23,222,31127
722410,3,12,58,31127
722511,6,61,1008,31127
722513,6,86,888,31127
812112,3,8,144,31127
813110,9,37,482,31127
524210,26,102,4221,31053
531110,7,74,2228,31053
531120,6,21,406,31053
531190,3,5,163,31053
531210,10,29,670,31053
531311,3,8,236,31053
532490,3,24,905,31053
541110,11,33,1914,31053
541211,4,51,3453,31053
541213,4,26,442,31053
541611,3,13,557,31053
541940,5,26,796,31053
551114,4,160,11373,31053
561110,4,23,1968,31053
561320,4,1000,33507,31053
561710,3,3,122,31053
561720,10,125,2409,31053
561730,16,43,1969,31053
561990,5,40,2381,31053
621111,17,227,13583,31053
115112,6,16,1380,31159
236115,7,29,672,31159
236118,9,29,916,31159
238210,7,17,759,31159
238220,11,49,1891,31159
238310,4,47,1750,31159
238350,3,4,85,31159
238910,3,10,503,31159
238990,4,25,1095,31159
332710,3,10,529,31159
423820,6,84,4855,31159
424910,9,71,4580,31159
441110,3,48,1814,31159
444190,3,15,486,31159
445110,4,83,1136,31159
621210,20,124,7042,31053
621310,8,23,834,31053
621320,5,23,900,31053
621340,6,28,1650,31053
623110,6,461,12723,31053
623311,3,32,618,31053
624120,6,207,1732,31053
624190,5,115,2869,31053
624221,3,41,1418,31053
624410,12,125,2053,31053
713910,3,66,1607,31053
713940,6,317,1977,31053
721110,7,116,1552,31053
722310,3,34,767,31053
722410,11,81,486,31053
722511,30,501,7374,31053
722513,26,533,6977,31053
722515,8,101,1005,31053
811111,17,76,2515,31053
811121,5,20,747,31053
811122,3,10,190,31053
811192,5,56,1281,31053
811310,8,30,1366,31053
812112,12,40,1122,31053
812113,4,30,472,31053
812199,4,4,94,31053
812210,4,28,1073,31053
813110,34,258,5052,31053
813410,5,7,112,31053
238110,12,127,6264,31159
424510,9,81,3780,31159
236118,3,7,260,31043
236220,4,76,4869,31043
237110,3,15,872,31043
237310,5,35,3325,31043
238110,4,98,9133,31043
238140,3,18,902,31043
238210,6,54,2701,31043
446110,3,15,506,31159
447110,7,90,1511,31159
484121,9,198,6001,31159
484220,6,18,415,31159
511110,3,21,561,31159
517311,3,15,720,31159
522110,11,140,7901,31159
524210,15,54,2596,31159
531210,7,6,338,31159
541110,5,4,199,31159
541211,4,25,1063,31159
541611,5,13,648,31159
541690,3,1,67,31159
541940,3,9,266,31159
561720,3,11,239,31159
561730,8,20,555,31159
611110,3,101,1641,31159
621111,3,73,5183,31159
621210,4,41,2882,31159
621340,6,20,771,31159
621310,5,23,605,31159
623110,4,330,7790,31159
624410,6,31,483,31159
722310,3,153,2723,31159
722511,9,62,1134,31159
722513,11,227,2974,31159
722515,3,21,153,31159
811111,6,31,953,31159
811121,9,16,645,31159
811310,4,20,1183,31159
812112,6,21,339,31159
813110,28,165,2899,31159
813910,3,11,544,31159
238290,3,62,4062,31043
238220,6,64,3243,31043
238910,5,23,1137,31043
238990,6,9,707,31043
321920,4,68,1910,31043
424910,4,40,2375,31043
441120,13,23,660,31043
441310,5,31,726,31043
445110,8,226,4109,31043
447110,7,92,1662,31043
452319,3,26,366,31043
453991,3,20,434,31043
454390,3,18,963,31043
484110,3,93,4893,31043
484121,12,1504,62456,31043
484220,4,35,2101,31043
484230,4,153,9402,31043
522110,8,84,4616,31043
423820,3,12,576,31181
424510,5,27,1360,31181
424910,4,65,2797,31181
445110,3,26,313,31181
447110,4,35,549,31181
511110,3,7,107,31181
522110,4,17,622,31181
524210,3,9,377,31181
813110,5,4,67,31181
423820,6,82,3986,31003
424510,7,148,8206,31003
424910,8,120,7276,31003
445110,6,59,877,31003
447110,7,55,921,31003
484121,3,6,211,31003
522110,6,50,2417,31003
524210,10,27,1027,31003
541211,3,8,357,31003
621111,3,32,1561,31003
713910,3,5,277,31003
722410,3,7,28,31003
722511,3,9,83,31003
722513,4,31,334,31003
811111,3,7,233,31003
811121,3,9,275,31003
813110,14,79,1443,31003
524210,7,24,1294,31043
236118,3,8,171,31029
238910,3,6,211,31029
423820,7,81,3845,31029
424510,7,99,4476,31029
441110,3,61,2680,31029
424910,5,29,1406,31029
441310,3,23,746,31029
445110,3,79,987,31029
447110,3,30,517,31029
447190,3,11,382,31029
484220,3,5,173,31029
522110,4,33,2002,31029
524210,10,28,1430,31029
624410,3,9,98,31029
722511,3,26,334,31029
722513,3,35,306,31029
811111,3,8,222,31029
813110,7,41,411,31029
531110,5,26,882,31043
541110,6,9,288,31043
541213,3,23,147,31043
541330,3,16,1185,31043
561720,8,307,7697,31043
561730,6,15,786,31043
621310,4,6,119,31043
621210,6,45,3084,31043
621320,3,16,776,31043
623110,3,192,5464,31043
624190,4,60,1654,31043
624410,4,38,549,31043
713910,3,19,181,31043
721110,4,143,3764,31043
722310,4,129,2136,31043
722410,4,13,132,31043
722515,3,1,57,31043
722511,14,58,988,31043
722513,16,335,5000,31043
811111,3,3,218,31043
811121,3,20,716,31043
811310,6,117,12810,31043
236115,3,8,381,31023
236118,5,10,279,31023
238210,6,27,1479,31023
238220,3,9,287,31023
238910,3,10,559,31023
423820,5,44,2505,31023
424510,8,91,6283,31023
444130,3,17,278,31023
447110,4,44,603,31023
484110,3,14,589,31023
484220,12,38,1564,31023
522110,9,67,2818,31023
812112,3,12,157,31043
115112,3,3,289,31035
813110,11,27,578,31043
236118,4,8,302,31035
236220,3,19,623,31035
237310,3,110,6278,31035
238210,3,5,163,31035
524210,7,50,2487,31023
561720,3,7,154,31023
561730,6,11,216,31023
621210,3,4,198,31023
624410,3,13,129,31023
722410,3,14,88,31023
722511,5,16,212,31023
811111,6,18,715,31023
811310,3,8,239,31023
813110,11,45,310,31023
423820,3,38,1768,31035
424510,7,29,1464,31035
424910,5,54,2785,31035
445110,4,51,707,31035
447110,3,16,253,31035
484110,4,16,555,31035
484121,5,76,3776,31035
484220,9,39,1420,31035
484230,6,7,308,31035
522110,9,56,2432,31035
524210,6,19,784,31035
541110,3,4,457,31035
541940,3,9,308,31035
624410,4,20,294,31035
722511,6,47,429,31035
811111,3,11,389,31035
813110,10,30,378,31035
236115,4,18,588,31041
236118,5,6,203,31041
237110,13,101,4423,31041
238210,10,39,1301,31041
238220,6,19,761,31041
423820,4,33,1707,31041
424910,7,42,2139,31041
441110,3,31,1116,31041
441120,4,7,210,31041
443141,3,4,122,31041
424510,3,28,1091,31061
522110,4,21,1085,31061
524210,4,10,468,31061
722511,3,15,143,31061
811111,3,4,123,31061
813110,5,9,179,31061
238220,11,65,2536,31067
238310,6,16,427,31067
238350,3,8,308,31067
238910,13,35,1803,31067
238990,3,7,491,31067
423820,9,119,8725,31067
424510,8,134,4234,31067
424520,3,6,107,31067
424910,4,44,1889,31067
441110,3,155,5189,31067
441120,3,8,194,31067
441310,5,46,833,31067
444190,5,65,2499,31067
621111,3,15,580,31035
444220,6,41,880,31067
445110,6,101,1659,31067
445210,3,7,136,31067
446110,7,47,1958,31067
447110,11,135,2220,31067
448210,3,17,214,31067
444130,6,19,329,31041
444220,9,88,3539,31041
445110,6,95,2332,31041
446110,3,37,1021,31041
447110,10,99,1995,31041
452319,3,48,1184,31041
484220,10,25,863,31041
517311,3,6,201,31041
522110,9,102,6103,31041
524210,13,48,2007,31041
541110,6,26,1258,31041
541211,3,8,170,31041
541219,4,15,210,31041
541690,3,3,221,31041
541940,5,35,1242,31041
561730,5,9,331,31041
561990,4,6,417,31041
621210,4,19,648,31041
621310,3,11,311,31041
621340,3,41,1416,31041
623110,3,183,5650,31041
624120,5,67,1302,31041
624190,3,18,487,31041
624410,6,20,258,31041
721110,8,62,902,31041
722410,3,7,123,31041
722511,14,143,1741,31041
722513,3,73,933,31041
811111,6,20,556,31041
811121,5,9,414,31041
811192,3,3,34,31041
811310,5,6,93,31041
813110,13,32,576,31041
448310,3,17,328,31067
451110,3,6,168,31067
452319,5,55,1068,31067
453220,3,15,112,31067
453310,3,11,190,31067
484110,7,26,1285,31067
484121,4,9,884,31067
484220,14,36,1349,31067
484230,9,23,1097,31067
486210,4,32,3242,31067
517311,3,19,1069,31067
522110,19,121,5675,31067
523120,3,14,1982,31067
523920,3,7,1077,31067
524210,18,46,1890,31067
531210,6,13,407,31067
541110,9,39,1876,31067
541211,4,32,1218,31067
541219,5,13,581,31067
541611,3,4,133,31067
236115,4,2,99,31081
236118,10,25,1125,31081
236115,4,14,685,31179
236118,5,9,226,31179
236220,3,10,341,31179
238220,4,9,365,31179
238330,3,12,194,31179
238910,4,16,555,31179
423820,3,49,3185,31179
424510,4,42,2552,31179
424910,3,26,1127,31179
444190,4,32,1084,31179
447110,3,47,585,31179
452319,3,85,1279,31179
453110,3,7,66,31179
484110,3,16,341,31179
484121,3,30,1131,31179
484220,5,23,933,31179
484230,4,15,666,31179
517312,3,9,215,31179
522110,8,220,8615,31179
524210,6,25,1756,31179
531110,3,4,128,31179
541110,3,5,173,31179
541211,3,11,318,31179
541940,3,17,513,31179
561730,4,17,811,31179
621210,5,23,712,31179
621320,3,15,527,31179
624410,3,40,478,31179
722410,3,6,108,31179
722511,5,35,508,31179
722513,10,137,1361,31179
722515,4,7,73,31179
811111,5,21,468,31179
813110,10,59,954,31179
236115,4,16,355,31111
236118,10,18,545,31111
236220,6,74,2771,31111
238110,5,29,1653,31111
238160,4,63,5059,31111
238210,9,45,1909,31111
238220,22,247,12937,31111
238320,6,20,463,31111
238990,7,21,977,31111
327320,3,35,1112,31111
212312,3,234,17353,31025
236115,7,8,397,31025
236117,3,5,146,31025
236118,17,24,687,31025
238110,4,12,424,31025
238160,5,14,812,31025
238170,7,15,347,31025
238210,10,49,1927,31025
238220,8,31,1060,31025
236118,3,7,213,31021
238220,7,25,1126,31021
238330,3,3,63,31021
238910,3,7,320,31021
423820,7,65,2645,31021
424510,3,98,5240,31021
238210,3,9,310,31021
424910,4,37,1964,31021
447110,5,54,898,31021
452319,3,28,471,31021
484220,5,6,123,31021
484230,3,4,213,31021
522110,5,42,2096,31021
524210,9,18,657,31021
541940,3,40,2158,31021
561730,3,16,299,31021
621111,3,16,1421,31021
624120,3,9,114,31021
722511,6,47,548,31021
813110,12,34,302,31021
541940,4,15,284,31067
561110,3,1,71,31067
561320,3,38,907,31067
561720,3,13,150,31067
561730,8,8,606,31067
621111,4,14,375,31067
621210,7,40,1550,31067
621310,8,32,883,31067
623110,3,221,5906,31067
623311,3,171,4134,31067
624190,4,9,259,31067
624410,4,33,411,31067
713910,3,14,402,31067
713940,3,87,580,31067
722410,6,17,146,31067
722511,16,198,2084,31067
722513,12,310,3844,31067
811111,14,31,862,31067
811121,4,22,824,31067
811310,7,25,1043,31067
811412,3,3,166,31067
812112,6,29,547,31067
721110,7,95,1096,31067
812210,6,25,520,31067
813110,21,120,1873,31067
813312,3,7,128,31067
813410,5,65,249,31067
813910,3,7,168,31067
238210,5,17,662,31081
238220,5,10,491,31081
238910,4,23,1116,31081
423820,3,34,2056,31081
424510,9,66,2934,31081
424910,11,273,19511,31081
441310,4,24,519,31081
447110,3,43,831,31081
454110,3,39,1212,31081
454390,3,4,200,31081
484110,3,14,750,31081
484121,7,16,438,31081
484230,6,25,1276,31081
522110,8,87,4152,31081
484220,12,16,454,31081
524113,3,3,143,31081
524210,7,35,2594,31081
531320,3,5,125,31081
541110,4,10,411,31081
541690,4,11,523,31081
551114,4,107,6594,31081
561210,3,11,264,31081
561730,7,11,417,31081
621210,3,18,762,31081
621310,3,10,241,31081
624410,4,26,435,31081
722511,7,72,860,31081
722513,4,88,1273,31081
811111,4,10,395,31081
811121,5,21,780,31081
811310,3,10,377,31081
813110,19,67,1468,31081
238210,4,25,835,31099
238220,4,16,659,31099
424510,5,44,2059,31099
424910,6,42,2853,31099
484220,5,12,585,31099
484230,4,11,388,31099
522110,4,49,2669,31099
524210,6,21,1060,31099
541690,4,8,432,31099
722511,5,49,432,31099
722513,3,51,722,31099
811111,4,7,291,31099
813110,12,37,324,31099
236118,4,15,214,31101
238210,3,7,285,31101
238220,3,12,327,31101
423820,5,62,3894,31101
424510,3,17,612,31101
441310,5,22,758,31101
238110,5,12,245,31101
441320,3,15,463,31101
447110,10,96,1554,31101
447190,5,94,2502,31101
452319,3,56,1190,31101
484110,3,4,82,31101
484220,3,4,137,31101
484230,3,7,350,31101
236115,7,17,725,31119
236117,3,7,266,31119
236118,14,21,685,31119
236220,14,110,7508,31119
237110,7,88,3435,31119
237310,5,37,1991,31119
237130,3,94,6891,31119
238110,6,29,1124,31119
238160,3,21,1932,31119
238170,3,14,438,31119
238210,23,164,7183,31119
238220,16,162,7100,31119
238310,3,30,1306,31119
238910,7,33,2654,31119
238990,4,10,375,31119
323111,5,84,2516,31119
327320,3,56,877,31119
332312,3,479,33830,31119
332710,7,32,1567,31119
423120,5,95,5002,31119
423610,3,38,2219,31119
423820,8,122,7497,31119
515112,3,10,511,31101
517311,4,22,998,31101
522110,7,119,7114,31101
523920,3,6,579,31101
524210,13,24,716,31101
531120,3,7,118,31101
531210,4,8,87,31101
541110,10,28,1068,31101
541211,3,22,1099,31101
541330,3,2,317,31101
541690,3,5,164,31101
561730,6,6,127,31101
561990,3,16,538,31101
621210,5,19,968,31101
721110,12,105,1941,31101
721211,3,6,251,31101
722410,5,18,173,31101
722511,11,165,2243,31101
722513,9,269,4836,31101
811111,7,25,787,31101
811121,3,14,702,31101
813110,11,47,941,31101
813410,3,5,67,31101
424490,4,74,2902,31119
424510,10,124,6787,31119
424910,4,18,1950,31119
441110,5,174,7785,31119
441120,9,40,1747,31119
441210,3,33,1151,31119
441228,5,28,845,31119
441310,6,58,1218,31119
441320,4,34,1579,31119
442110,5,70,1983,31119
442210,3,15,690,31119
443141,3,25,557,31119
444130,5,18,629,31119
444190,15,125,5355,31119
444210,4,10,290,31119
444220,3,31,542,31119
445110,10,560,10210,31119
445310,3,21,383,31119
446110,8,108,3504,31119
446120,3,21,428,31119
446191,4,17,230,31119
447110,17,182,3319,31119
447190,6,68,1501,31119
236118,4,5,120,31135
448120,8,32,455,31119
236220,3,22,1005,31135
238220,3,9,276,31135
333111,3,4,168,31135
423820,4,45,1891,31135
424510,5,42,3097,31135
424910,3,20,1646,31135
441310,3,14,334,31135
522110,5,24,1321,31135
524210,4,7,426,31135
811111,6,16,672,31135
813110,8,24,416,31135
448140,4,65,1418,31119
448210,6,28,493,31119
448310,4,26,854,31119
452319,7,84,1622,31119
453220,3,11,63,31119
453310,3,21,292,31119
453998,9,23,508,31119
454390,3,15,668,31119
484122,3,75,4522,31119
484110,8,32,1048,31119
484121,16,69,3741,31119
484220,10,39,3297,31119
484230,9,18,556,31119
492110,4,98,3837,31119
517311,6,33,2276,31119
517312,6,38,1479,31119
522110,28,319,17283,31119
522390,5,11,269,31119
523140,3,5,350,31119
523920,11,83,6295,31119
524126,3,25,1559,31119
115112,4,43,2554,31137
236118,8,15,495,31137
237110,3,27,1205,31137
238210,5,438,41640,31137
238220,6,24,871,31137
238910,4,34,926,31137
423820,8,160,8537,31137
424510,8,147,8092,31137
524210,47,148,5543,31119
531110,18,59,772,31119
531120,6,7,251,31119
531210,12,18,613,31119
531311,8,20,449,31119
531320,4,6,176,31119
532120,3,2,18,31119
532283,3,33,1101,31119
541110,20,96,6427,31119
541211,10,110,7150,31119
541219,7,97,3870,31119
541330,4,18,1121,31119
541512,3,8,175,31119
541611,4,2,120,31119
541690,3,19,660,31119
541921,7,12,208,31119
541940,4,39,1558,31119
551112,3,14,465,31119
561110,7,16,723,31119
561320,4,188,5442,31119
561720,6,209,4630,31119
561730,16,50,1305,31119
424910,9,47,3063,31137
441110,5,84,3186,31137
441310,6,58,1729,31137
445110,3,76,1691,31137
447110,4,71,1411,31137
452319,3,46,793,31137
453998,3,8,266,31137
484121,5,15,166,31137
484220,12,40,1862,31137
484230,6,18,748,31137
486210,3,16,1915,31137
522110,7,82,4332,31137
523140,4,26,2549,31137
524210,13,46,2190,31137
531210,4,11,513,31137
541110,8,18,1139,31137
541211,3,11,794,31137
541330,3,11,560,31137
541690,4,2,174,31137
561730,6,8,490,31137
561990,3,23,482,31137
621210,4,23,941,31137
624410,5,11,305,31137
721110,3,20,213,31137
722511,8,35,473,31137
722513,8,173,2188,31137
811111,7,33,1129,31137
811121,3,7,91,31137
811310,3,24,776,31137
812112,3,1,45,31137
813110,18,97,1895,31137
562111,5,39,1367,31119
611110,4,50,1000,31119
611610,3,31,143,31119
621210,18,128,6919,31119
621310,7,30,1302,31119
621320,3,48,2153,31119
621330,6,69,2081,31119
621340,10,36,1561,31119
621498,3,12,788,31119
623110,5,338,8561,31119
623220,5,92,3024,31119
623312,3,95,1769,31119
623990,3,53,1816,31119
624120,8,172,2986,31119
624190,7,57,1509,31119
624210,3,15,228,31119
624410,15,188,2484,31119
713910,6,32,1082,31119
713940,6,166,1353,31119
721110,10,154,2495,31119
722310,4,123,1590,31119
722410,9,28,460,31119
722511,30,646,9972,31119
722513,28,536,8168,31119
722515,6,50,437,31119
811111,20,94,3513,31119
811118,3,8,248,31119
811122,3,9,235,31119
621111,50,642,60726,31119
811121,16,55,2134,31119
811310,5,6,228,31119
812112,13,64,1429,31119
812210,5,24,683,31119
813110,40,455,9443,31119
813410,7,26,363,31119
813910,4,13,415,31119
236115,6,25,1106,31155
236118,15,23,685,31155
236220,5,19,853,31155
237110,3,17,601,31155
238110,6,61,2863,31155
238130,7,20,524,31155
238140,3,37,1427,31155
238210,10,91,4532,31155
238170,4,5,113,31155
238220,10,16,568,31155
238320,3,18,566,31155
238350,5,4,159,31155
238910,8,24,1583,31155
238990,3,15,406,31155
332710,5,22,894,31155
423820,3,50,2701,31155
424510,9,54,2936,31155
424910,5,34,1587,31155
425120,3,17,242,31155
441110,3,93,4019,31155
441310,3,13,302,31155
445110,8,145,2822,31155
236118,11,24,867,31157
236220,9,61,3148,31157
447110,12,129,1912,31155
447190,5,45,1300,31155
452319,9,52,1074,31155
454310,3,9,231,31155
484121,19,69,3059,31155
484220,9,35,1188,31155
484230,5,4,297,31155
522110,16,152,8027,31155
524210,19,46,2537,31155
531110,4,4,115,31155
531210,10,13,304,31155
541110,10,24,736,31155
541213,3,3,39,31155
541219,5,19,404,31155
541370,3,4,137,31155
541611,7,6,474,31155
541940,5,15,415,31155
561720,7,18,317,31155
561730,16,34,1430,31155
621310,3,6,125,31155
621210,5,30,1270,31155
621340,3,30,854,31155
624410,10,93,978,31155
713910,5,39,963,31155
722410,7,46,499,31155
722511,20,174,2328,31155
722513,8,115,1287,31155
811111,7,23,967,31155
811121,3,7,359,31155
811310,3,3,75,31155
813110,28,150,2729,31155
237110,8,32,1312,31157
237310,3,120,6748,31157
238110,6,38,1624,31157
238120,3,10,395,31157
238140,5,22,650,31157
238160,4,37,1419,31157
238220,14,151,5774,31157
238210,14,72,2744,31157
238310,3,16,794,31157
238350,4,23,360,31157
238910,3,13,591,31157
238990,4,16,600,31157
311119,3,27,1514,31157
423110,4,67,3194,31157
423120,5,33,1437,31157
423610,4,24,1103,31157
423720,3,9,446,31157
423820,6,73,3668,31157
424510,9,126,7256,31157
424490,4,82,3523,31157
424720,3,35,1776,31157
424810,3,50,2441,31157
424910,5,75,4109,31157
811310,3,10,131,31103
211120,5,16,1386,31105
213112,10,31,2317,31105
447110,3,28,496,31105
484121,6,6,201,31105
484220,6,19,1186,31105
522110,3,44,2141,31105
541940,3,6,90,31105
721110,5,11,274,31105
722511,3,13,207,31105
811111,4,8,208,31105
813110,4,19,218,31105
236115,3,5,193,31107
236118,8,16,425,31107
238110,4,21,351,31107
238210,4,6,150,31107
238220,4,8,131,31107
238910,3,11,399,31107
238990,3,6,143,31107
424910,9,98,5163,31107
444190,5,22,720,31107
445110,6,91,1207,31107
447110,9,68,1172,31107
452319,3,30,508,31107
484110,3,13,419,31107
484121,3,3,99,31107
484220,8,22,720,31107
484230,4,8,381,31107
522110,10,123,5246,31107
524210,9,36,1502,31107
531210,3,4,172,31107
541110,5,10,295,31107
541940,4,16,806,31107
621111,4,36,1562,31107
621210,3,14,650,31107
722410,7,17,240,31107
722511,3,37,213,31107
811111,6,9,263,31107
811121,4,7,249,31107
813110,14,39,518,31107
423820,5,50,3160,31111
423930,3,9,623,31111
424490,5,48,1834,31111
424510,3,52,1498,31111
424910,4,28,1820,31111
425120,3,19,477,31111
441110,7,153,6614,31111
441120,7,15,540,31111
441310,6,58,1839,31111
441320,3,22,969,31111
442110,4,26,661,31111
443141,4,21,726,31111
443142,4,8,208,31111
444130,4,28,741,31111
444190,10,73,3004,31111
444220,5,50,1756,31111
445110,7,159,3680,31111
445310,10,34,492,31111
446110,6,115,4734,31111
446191,3,12,181,31111
446199,3,9,351,31111
447110,23,196,3610,31111
212321,4,11,504,31121
236115,3,5,246,31121
238170,3,7,239,31121
238350,6,13,468,31025
238310,3,5,95,31025
238320,5,24,853,31025
238330,4,5,133,31025
238910,12,35,1065,31025
238990,4,21,851,31025
339116,3,3,255,31025
424510,5,46,3314,31025
425120,5,22,811,31025
441110,6,176,7677,31025
441310,5,32,866,31025
445110,4,346,6211,31025
445310,3,16,137,31025
447110,12,157,2437,31025
452319,5,71,1343,31025
454390,3,6,124,31025
484121,7,82,3965,31025
484110,4,15,545,31025
484220,15,85,4610,31025
484230,9,163,9133,31025
441120,10,30,792,31157
441110,4,207,7599,31157
441228,3,11,416,31157
441310,7,93,2443,31157
441320,5,30,1427,31157
442110,4,24,772,31157
443142,3,42,1550,31157
444120,4,15,427,31157
444130,3,9,378,31157
444190,6,48,2123,31157
444220,5,48,1033,31157
445110,4,192,3823,31157
445310,3,9,68,31157
446199,4,28,783,31157
447110,15,115,2059,31157
447190,4,48,1652,31157
448120,4,40,272,31157
448210,4,22,260,31157
448190,3,7,96,31157
448310,4,16,270,31157
451110,3,24,421,31157
452319,8,71,1295,31157
453210,4,27,534,31157
454110,3,13,243,31157
454390,5,69,1425,31157
484110,8,48,2219,31157
484121,13,84,4120,31157
522110,12,128,5800,31025
523920,5,16,1308,31025
524210,15,67,2826,31025
531110,5,5,117,31025
531210,12,12,570,31025
531311,3,6,97,31025
531320,3,5,120,31025
541110,6,24,827,31025
541330,4,22,1285,31025
541511,4,18,1309,31025
541512,3,2,294,31025
541611,6,10,392,31025
541921,3,5,54,31025
561720,5,11,171,31025
561730,17,37,1584,31025
561790,3,8,397,31025
621111,4,20,1292,31025
621210,6,20,726,31025
621310,3,6,259,31025
621498,3,19,810,31025
624410,5,63,615,31025
447190,7,97,2466,31111
448120,7,25,253,31111
448140,4,29,582,31111
451110,4,12,216,31111
448210,5,26,343,31111
452319,5,42,576,31111
453310,7,34,529,31111
453991,3,11,246,31111
453998,6,7,143,31111
484110,5,50,1990,31111
484121,3,15,815,31111
484122,4,54,3828,31111
484220,5,27,1030,31111
484230,6,5,199,31111
488410,4,8,349,31111
492110,4,95,4315,31111
493110,4,537,26346,31111
511110,4,69,1593,31111
515112,3,36,1215,31111
517311,9,86,4056,31111
517312,4,30,1418,31111
522110,20,285,16372,31111
484230,12,96,4275,31157
484220,9,18,1111,31157
485410,3,47,1245,31157
488410,3,5,214,31157
492110,3,58,2182,31157
517311,7,125,5458,31157
522110,17,282,14323,31157
522130,4,31,1273,31157
522298,3,23,1413,31157
522390,4,8,234,31157
523120,3,8,667,31157
523920,6,13,1979,31157
523930,3,5,284,31157
524210,28,263,17709,31157
531110,4,4,59,31157
531120,5,5,349,31157
531190,4,5,97,31157
531210,13,35,660,31157
531311,3,6,237,31157
531320,5,8,377,31157
532210,3,15,446,31157
532283,3,19,817,31157
522390,5,11,282,31111
523920,6,15,1621,31111
524126,8,30,1381,31111
524210,23,80,2923,31111
531110,8,88,2933,31111
531210,14,36,1569,31111
531312,3,8,123,31111
532111,3,7,233,31111
532412,3,76,3315,31111
541110,23,85,4090,31111
541211,8,80,4094,31111
541213,4,34,409,31111
541310,3,14,685,31111
541511,3,4,289,31111
541611,3,4,99,31111
541690,5,3,94,31111
541921,3,4,61,31111
541940,8,66,2039,31111
561110,3,28,1627,31111
561720,10,59,762,31111
561730,13,16,588,31111
561990,5,40,2515,31111
712110,3,56,1123,31025
713910,4,49,950,31025
713940,4,6,78,31025
713990,4,2,111,31025
722410,6,39,376,31025
722511,14,120,1835,31025
722513,11,149,1867,31025
722515,3,12,211,31025
811111,9,15,581,31025
811121,4,9,265,31025
811310,4,13,573,31025
812112,5,14,384,31025
812210,5,13,293,31025
813110,22,179,3724,31025
813410,3,16,136,31025
238210,4,12,384,31121
238220,7,44,2774,31121
238910,3,11,406,31121
423820,5,89,6313,31121
424510,4,29,1526,31121
424910,8,39,1846,31121
425120,3,3,78,31121
447110,7,70,1577,31121
484220,6,26,1285,31121
522110,5,40,1733,31121
524113,4,7,175,31121
524210,9,27,1006,31121
561730,6,16,540,31121
624410,3,33,365,31121
722410,3,9,101,31121
722511,5,16,242,31121
722513,4,83,1075,31121
811111,3,2,194,31121
811310,3,28,1207,31121
813110,12,25,591,31121
813410,3,7,59,31121
236115,3,11,320,31139
236118,5,8,234,31139
236220,5,19,922,31139
238110,5,62,3138,31139
238210,5,5,111,31139
238220,4,4,71,31139
238310,3,10,192,31139
423820,4,39,2072,31139
424510,7,30,1264,31139
541110,22,109,6096,31157
541211,10,60,2098,31157
541213,4,33,304,31157
541219,6,14,323,31157
541330,4,61,2903,31157
541512,3,21,1229,31157
541940,6,46,1802,31157
551114,10,480,24335,31157
561720,4,11,223,31157
561730,12,33,899,31157
561740,4,31,718,31157
621111,16,264,26902,31157
621112,3,17,1492,31157
621210,22,129,6823,31157
621310,8,38,1629,31157
621320,6,56,2785,31157
621330,7,13,403,31157
621340,6,23,1160,31157
621910,4,48,2012,31157
623311,3,152,3914,31157
623312,3,117,3182,31157
624110,4,4,208,31157
624120,5,52,799,31157
621111,24,349,33891,31111
621210,17,137,7251,31111
621310,11,38,913,31111
621320,4,30,1133,31111
621330,7,16,386,31111
621340,9,51,2111,31111
621493,3,81,4913,31111
623110,4,355,9602,31111
623210,4,34,610,31111
624110,4,14,432,31111
624120,6,144,2740,31111
624190,9,70,2319,31111
624210,3,6,126,31111
624310,4,246,964,31111
624410,12,76,1285,31111
712110,3,11,186,31111
713910,4,7,480,31111
713940,5,11,100,31111
713990,4,0,21,31111
721110,21,456,7044,31111
722310,3,79,924,31111
722410,9,47,598,31111
722511,25,508,8719,31111
722513,31,637,8958,31111
722515,7,69,791,31111
811111,17,86,2973,31111
811121,4,39,1633,31111
811122,3,13,453,31111
811192,4,31,897,31111
811310,6,39,1436,31111
812112,10,41,959,31111
812910,3,2,32,31111
813110,34,201,3584,31111
813312,3,6,121,31111
813410,7,24,283,31111
813930,9,109,573,31111
236115,4,10,516,31039
236118,5,14,349,31039
236220,4,32,1533,31039
238210,4,8,302,31039
238220,4,26,1356,31039
238910,3,32,1488,31039
311111,3,104,1691,31039
333111,4,53,3122,31039
423820,3,27,2073,31039
424510,6,52,2247,31039
236118,3,3,54,31051
238210,3,6,199,31051
447110,4,47,650,31051
484220,4,12,351,31051
522110,5,37,1403,31051
561720,3,27,669,31051
722410,4,3,53,31051
811111,4,17,408,31051
813110,12,36,455,31051
524210,3,6,192,31057
423820,4,36,1287,31077
444220,4,33,1207,31077
445110,3,22,258,31077
522110,5,28,1767,31077
813110,4,14,113,31077
424910,4,52,1632,31139
445110,4,44,381,31139
447110,4,52,780,31139
484110,3,2,58,31139
484121,9,66,2434,31139
484220,9,21,370,31139
484230,7,29,1288,31139
488510,3,26,889,31139
511110,5,26,388,31139
522110,5,68,4209,31139
524210,9,32,1528,31139
541110,3,2,78,31139
621111,3,17,1375,31139
621210,3,15,455,31139
624410,3,6,62,31139
722410,3,2,40,31139
722511,4,25,333,31139
722513,4,31,211,31139
811111,3,5,252,31139
811310,3,7,295,31139
813110,11,56,668,31139
624190,10,95,3784,31157
624410,14,137,1939,31157
711310,4,24,523,31157
713940,8,91,1414,31157
713950,3,17,139,31157
713990,4,16,273,31157
721110,14,168,2571,31157
722310,4,50,1113,31157
722410,6,48,510,31157
722511,37,528,8481,31157
722513,31,876,14210,31157
722515,8,37,455,31157
811111,13,41,1094,31157
811121,11,45,1958,31157
811192,3,10,161,31157
811310,5,18,683,31157
812112,6,41,567,31157
813110,37,207,3583,31157
813211,3,22,624,31157
813312,5,17,440,31157
813410,7,15,323,31157
813910,3,4,174,31157
424910,10,88,4328,31039
425120,3,34,783,31039
441310,3,18,410,31039
444220,3,11,540,31039
445110,4,84,1762,31039
447110,7,83,1523,31039
452319,4,64,1331,31039
484110,8,13,292,31039
484121,4,8,367,31039
484220,33,104,3436,31039
484230,6,7,169,31039
522110,13,162,8854,31039
523140,3,7,407,31039
524210,8,46,2578,31039
541110,4,21,723,31039
561730,3,0,45,31039
624120,3,6,80,31039
624410,4,23,263,31039
722410,5,12,82,31039
722511,11,83,734,31039
722513,4,115,1318,31039
811111,8,38,1343,31039
811121,4,17,221,31039
811310,8,47,2263,31039
812112,3,8,171,31039
813110,13,68,787,31039
115112,4,1,170,31079
221210,3,22,1665,31079
236115,3,8,699,31131
236118,10,24,729,31131
238130,3,12,716,31131
238210,6,25,1073,31131
238220,10,34,1297,31131
238310,3,8,153,31131
238320,3,6,201,31131
238910,12,34,1616,31131
213112,4,6,296,31145
236118,7,20,647,31145
237110,3,13,544,31145
238210,6,25,904,31145
238220,6,17,591,31145
238910,3,9,678,31145
423820,6,101,5355,31145
424510,3,50,2135,31145
424910,4,25,1430,31145
441110,4,90,3347,31145
441120,3,6,139,31145
441310,4,22,563,31145
444130,4,41,673,31145
444220,4,50,1284,31145
236115,8,28,1398,31027
236118,8,14,381,31027
236220,4,18,1148,31027
238210,6,18,688,31027
238220,5,17,553,31027
236118,3,3,18,31045
237110,3,10,506,31045
238210,4,18,503,31045
238220,6,27,963,31045
441320,3,15,437,31045
441110,3,73,3042,31045
441120,3,12,520,31045
447110,6,70,1699,31045
452319,3,36,566,31045
484121,4,16,780,31045
522110,6,62,2792,31045
524210,7,16,901,31045
541940,4,18,138,31045
561730,3,5,131,31045
236115,18,39,1426,31079
236117,8,12,341,31079
236118,22,78,2669,31079
236220,17,288,14491,31079
237110,8,48,2440,31079
237130,3,46,2159,31079
237310,4,49,2919,31079
238110,13,119,6588,31079
238140,5,6,499,31079
238160,10,37,2029,31079
238170,6,19,601,31079
238210,20,240,12938,31079
238220,37,248,14135,31079
238310,9,50,1952,31079
238320,8,39,1151,31079
238330,5,15,399,31079
238350,6,42,2324,31079
238910,15,138,5955,31079
238990,7,65,3371,31079
238290,3,15,639,31079
332992,4,829,54051,31079
333111,5,735,42915,31079
621111,6,35,2437,31045
621210,5,29,1337,31045
624190,3,65,2388,31045
624310,3,4,223,31045
721110,7,50,691,31045
722410,4,15,148,31045
722511,13,169,1817,31045
722513,6,172,3279,31045
722515,4,10,217,31045
811111,4,5,97,31045
811121,3,3,161,31045
813110,11,31,425,31045
813910,3,4,70,31045
339950,4,78,2385,31079
423110,4,108,6750,31079
423320,3,10,243,31079
423330,3,17,494,31079
423510,3,33,1277,31079
423720,5,67,3775,31079
423610,6,46,2775,31079
423820,13,214,12753,31079
423830,6,95,5378,31079
423840,4,19,972,31079
424490,7,155,5244,31079
424910,13,120,7448,31079
425120,3,2,157,31079
441110,8,273,13280,31079
441120,19,70,3134,31079
441228,3,32,889,31079
441310,14,116,2802,31079
441320,7,125,4924,31079
442110,7,54,1329,31079
442210,9,34,956,31079
423830,4,15,575,31131
424510,7,46,3234,31131
424910,4,22,967,31131
423820,3,62,3607,31131
441120,3,24,721,31131
441310,4,29,506,31131
444190,4,14,587,31131
444220,6,36,1180,31131
445110,3,62,1150,31131
446110,3,48,1963,31131
447110,10,108,1873,31131
447190,3,71,792,31131
448140,3,50,720,31131
453110,3,8,73,31131
453310,3,8,95,31131
484110,7,12,405,31131
484121,5,31,608,31131
484220,8,19,563,31131
517311,4,34,1483,31131
522110,13,92,3881,31131
442299,3,19,384,31079
443142,7,118,3153,31079
444130,3,57,1951,31079
444190,10,106,4789,31079
444220,7,81,1460,31079
445110,10,672,13838,31079
446110,9,137,5674,31079
446130,3,23,423,31079
446191,6,21,226,31079
446199,5,26,1057,31079
447110,28,312,7147,31079
447190,10,176,4983,31079
448120,11,81,892,31079
448140,9,214,3333,31079
448210,10,69,1147,31079
448190,7,56,739,31079
448310,5,36,1132,31079
451110,9,73,1088,31079
451120,3,41,976,31079
452210,6,349,6175,31079
452311,3,700,20092,31079
452319,3,39,495,31079
523920,3,4,387,31131
524210,17,52,2140,31131
531110,3,5,167,31131
531210,6,16,549,31131
531320,3,7,181,31131
541110,3,5,206,31131
541211,4,27,687,31131
541330,3,5,359,31131
541940,3,18,558,31131
561720,3,12,144,31131
561730,6,6,208,31131
621210,8,35,1256,31131
621310,4,12,467,31131
621320,3,14,416,31131
621330,3,62,1493,31131
624410,4,35,496,31131
712110,5,12,192,31131
713910,3,43,1172,31131
721110,4,27,370,31131
722410,8,43,324,31131
722511,8,78,1068,31131
722513,12,193,2551,31131
722515,3,35,198,31131
811111,6,9,246,31131
811310,4,18,1201,31131
812112,6,18,361,31131
812210,3,8,243,31131
813110,24,93,1176,31131
445310,3,18,239,31145
446110,4,38,1290,31145
447110,5,57,1218,31145
453998,3,6,123,31145
484220,5,18,695,31145
484230,4,10,252,31145
517311,3,9,269,31145
522110,9,120,6487,31145
523920,3,7,1234,31145
524210,13,42,1929,31145
531110,3,20,203,31145
541110,5,12,517,31145
541211,6,26,1188,31145
541330,4,22,1736,31145
541611,3,2,106,31145
541940,3,24,457,31145
561710,3,6,193,31145
561730,7,27,424,31145
621111,4,85,5683,31145
621210,6,47,1733,31145
621310,3,12,139,31145
621320,3,19,701,31145
623210,5,25,536,31145
624120,3,38,879,31145
624190,4,10,407,31145
624410,3,12,91,31145
721110,7,85,1062,31145
722310,4,23,302,31145
722511,11,134,2394,31145
722513,9,206,3149,31145
811111,3,5,143,31145
811121,4,22,622,31145
811310,4,25,778,31145
813110,9,45,884,31145
813410,6,5,31,31145
238350,3,8,104,31027
238910,4,19,777,31027
423820,4,69,3218,31027
424510,10,67,3626,31027
424910,7,44,1724,31027
441110,3,22,462,31027
444130,4,33,387,31027
444220,4,54,2352,31027
445110,4,38,563,31027
446110,3,30,674,31027
447110,6,52,829,31027
452319,4,23,498,31027
484110,3,11,336,31027
484121,6,36,1362,31027
484220,9,19,680,31027
484230,8,29,1291,31027
511110,4,20,275,31027
522110,13,103,5733,31027
524210,13,25,791,31027
531210,3,5,177,31027
541940,3,49,1358,31027
561730,4,8,482,31027
611110,3,63,1311,31027
624410,4,28,271,31027
722511,6,76,551,31027
722513,3,38,364,31027
811111,9,49,2035,31027
811121,3,10,410,31027
811310,4,20,553,31027
813110,13,53,980,31027
453220,5,28,330,31079
453310,4,47,845,31079
453991,3,25,705,31079
453998,9,21,418,31079
454110,3,19,731,31079
454390,7,115,4855,31079
484110,7,66,1983,31079
484121,16,592,26657,31079
484122,8,198,9784,31079
484220,17,112,5308,31079
484230,6,10,238,31079
488510,5,87,5469,31079
492110,6,161,5640,31079
511110,3,100,3381,31079
515112,3,51,2327,31079
517311,11,70,3440,31079
517312,9,65,3267,31079
522110,31,367,19053,31079
522120,7,100,5107,31079
522298,4,63,3374,31079
522390,5,9,265,31079
523120,4,8,843,31079
424510,4,24,1166,31097
447110,3,51,706,31097
454310,3,11,409,31097
484220,4,6,233,31097
522110,5,36,1485,31097
524210,5,11,466,31097
722511,5,35,291,31097
813110,7,22,391,31097
213112,5,12,606,31033
115112,3,13,473,31047
236115,4,16,468,31047
236118,9,16,266,31047
236220,3,22,822,31047
237110,9,71,3018,31047
238130,3,0,12,31047
523920,8,30,7019,31079
523930,4,7,577,31079
524113,30,455,21494,31079
524126,3,24,1705,31079
524291,4,5,111,31079
524210,53,174,8322,31079
531110,17,97,2320,31079
531120,3,23,240,31079
531210,21,29,962,31079
531311,5,20,414,31079
531320,5,8,153,31079
532210,4,13,523,31079
532412,3,64,4654,31079
532490,3,8,333,31079
541110,26,91,3524,31079
541211,15,124,8398,31079
541213,5,43,1391,31079
541219,6,24,994,31079
541310,3,19,1239,31079
541330,6,52,3771,31079
541511,9,21,840,31079
541512,3,33,2259,31079
541611,5,4,229,31079
541613,3,12,1048,31079
541614,3,5,103,31079
541810,3,35,1863,31079
541890,4,10,321,31079
238210,12,40,2344,31047
238220,8,34,1671,31047
311119,6,87,3838,31047
423820,10,147,7579,31047
424510,6,127,8272,31047
424520,4,78,2376,31047
424910,7,49,2395,31047
425120,3,15,773,31047
441110,3,83,4004,31047
441120,4,22,696,31047
441310,6,35,793,31047
441320,4,38,1638,31047
444130,4,15,337,31047
444190,5,32,1346,31047
444220,8,75,2690,31047
445110,3,100,2141,31047
446110,5,57,1715,31047
447110,17,167,3134,31047
447190,6,37,1157,31047
448140,3,2,45,31047
541921,3,4,66,31079
541940,7,90,2925,31079
551114,5,231,8200,31079
561110,5,49,2755,31079
561311,3,333,9817,31079
561320,4,254,7598,31079
561440,3,174,5601,31079
561710,5,38,2164,31079
561720,17,253,6657,31079
561730,30,89,3068,31079
561740,4,12,214,31079
561990,3,16,910,31079
562111,5,96,4576,31079
611110,8,157,3361,31079
611610,4,24,135,31079
611620,3,25,361,31079
621111,43,650,64444,31079
621112,5,11,450,31079
621210,26,173,9568,31079
621310,11,64,2739,31079
621320,3,47,2641,31079
621330,5,29,1043,31079
621340,16,313,15026,31079
621391,3,18,897,31079
621399,6,21,664,31079
238210,3,5,209,31033
238220,5,28,1226,31033
423820,3,46,2737,31033
424910,4,13,441,31033
441120,3,8,165,31033
441320,3,20,628,31033
445110,4,130,2736,31033
447110,4,30,367,31033
447190,4,67,1036,31033
454110,5,93,3725,31033
484110,3,8,512,31033
484121,5,30,1423,31033
484230,6,13,1030,31033
493130,3,9,526,31033
517311,4,6,264,31033
522110,8,77,3418,31033
484220,5,15,822,31033
524210,10,32,1662,31033
531210,3,4,70,31033
541110,3,13,469,31033
541213,4,10,114,31033
541940,3,12,430,31033
621210,3,20,879,31033
621320,3,14,429,31033
721110,10,94,1952,31033
722410,4,16,86,31033
722511,15,214,3416,31033
722513,6,196,3709,31033
722514,3,2,23,31033
811111,4,15,662,31033
811310,4,7,251,31033
812112,4,7,60,31033
813110,10,32,636,31033
452319,6,64,1165,31047
453310,4,20,428,31047
454390,3,11,438,31047
484110,4,6,202,31047
484121,8,57,2250,31047
484220,14,36,1489,31047
484230,10,18,617,31047
517311,5,16,1697,31047
522110,13,163,9047,31047
523920,3,8,1625,31047
524210,20,63,2468,31047
531210,4,4,120,31047
541110,15,42,1992,31047
541211,4,11,645,31047
541690,8,15,663,31047
541940,13,68,2295,31047
551114,4,99,6197,31047
561720,3,285,7297,31047
561730,12,25,787,31047
621420,4,46,1727,31079
621492,3,15,795,31079
621493,3,87,3462,31079
621610,4,82,2288,31079
623110,5,426,12169,31079
623312,9,296,6412,31079
624110,6,41,1329,31079
624120,5,118,3002,31079
624190,11,49,1030,31079
624221,3,43,1544,31079
624310,6,239,4419,31079
624410,12,155,2668,31079
713910,4,61,1929,31079
713940,9,69,462,31079
713950,4,44,466,31079
713990,5,66,690,31079
721110,28,432,8321,31079
722310,5,54,992,31079
722410,20,98,1090,31079
722511,41,1009,17600,31079
722513,47,1080,17487,31079
722514,3,24,376,31079
722515,12,148,1885,31079
811111,23,152,6315,31079
811121,6,48,2060,31079
811192,10,104,2373,31079
811310,14,102,5742,31079
812111,3,3,35,31079
812112,17,86,1729,31079
812199,4,23,298,31079
812210,3,40,866,31079
812310,3,6,137,31079
812910,3,11,103,31079
813110,45,377,6650,31079
813211,5,13,540,31079
813312,5,65,1762,31079
813410,17,259,3196,31079
813910,6,12,472,31079
813930,5,28,228,31079
238210,3,4,176,31071
444190,3,7,324,31071
447110,4,14,366,31071
522110,3,18,832,31071
722511,5,58,361,31071
811111,5,7,265,31071
813110,7,18,267,31071
424510,3,29,1471,31125
447110,4,44,747,31125
484220,4,13,397,31125
524210,5,14,550,31125
722511,4,10,144,31125
811111,3,5,119,31125
811121,3,3,90,31125
813110,3,5,93,31125
236118,4,6,236,31133
238910,3,6,137,31133
522110,7,28,1380,31133
238910,3,13,460,31167
447110,3,29,469,31167
484110,3,5,123,31167
484121,4,9,171,31167
484220,6,10,590,31167
522110,3,22,1141,31167
562111,3,21,882,31167
621111,4,11,551,31167
813110,6,19,250,31167
115112,3,14,693,31175
236118,4,21,715,31175
236220,3,18,862,31175
237110,4,4,166,31175
238210,3,13,274,31175
238220,5,9,418,31175
423820,3,35,1628,31175
424510,3,38,2115,31175
444190,3,15,639,31175
444220,4,56,2827,31175
445110,3,73,1001,31175
484121,3,6,171,31175
484220,3,8,571,31175
484230,4,4,137,31175
522110,7,49,2299,31175
524210,8,20,706,31175
541110,4,20,1187,31175
624190,3,8,188,31175
624410,3,14,105,31175
722511,3,5,31,31175
811111,6,21,578,31175
811310,3,7,222,31175
813110,8,21,244,31175
611110,5,20,307,31047
621111,4,40,2977,31047
621210,11,59,3182,31047
621310,6,10,316,31047
621320,4,12,492,31047
621340,4,7,349,31047
622110,3,587,28723,31047
623110,4,226,5841,31047
623210,6,57,815,31047
624120,4,55,746,31047
624190,6,27,478,31047
624410,4,44,621,31047
713910,3,20,560,31047
713940,4,62,615,31047
721110,11,122,1718,31047
722320,3,13,53,31047
722410,4,19,260,31047
722511,21,174,2366,31047
722513,19,327,4252,31047
722515,3,17,140,31047
811111,10,33,1235,31047
811121,3,21,1024,31047
811310,9,46,1766,31047
812112,8,16,277,31047
813110,33,101,1678,31047
813410,4,29,174,31047
813910,6,6,212,31047
