	id	COUNTY	GEO_TTL	NAICS_Sector	NAICS2012_TTL	state	relevant_naics	GEO_ID	estab_agg	emp_agg	payann_agg	emp_api	payann_api	estab_api
0	56	999	Statewide	11	Agriculture, forestry, fishing and hunting	56	11	0500000US560010500000US560010500000US560030500000US560030500000US560050500000US560050500000US560070500000US560070500000US560090500000US560090500000US560110500000US560110500000US560130500000US560130500000US560150500000US560150500000US560170500000US560190500000US560190500000US560210500000US560210500000US560230500000US560230500000US560250500000US560250500000US560270500000US560290500000US560290500000US560310500000US560310500000US560330500000US560330500000US560350500000US560350500000US560370500000US560370500000US560390500000US560390500000US560430500000US560450500000US56045	186.75	162.75	7579.75	248.2	7126.2	90.0
1	56	999	Statewide	21	Mining, quarrying, and oil and gas extraction	56	21	0500000US560010500000US560010500000US560030500000US560030500000US560050500000US560050500000US560070500000US560070500000US560090500000US560090500000US560110500000US560110500000US560130500000US560130500000US560150500000US560150500000US560170500000US560170500000US560190500000US560190500000US560210500000US560210500000US560230500000US560230500000US560250500000US560250500000US560270500000US560270500000US560290500000US560290500000US560310500000US560310500000US560330500000US560330500000US560350500000US560350500000US560370500000US560370500000US560390500000US560390500000US560410500000US560410500000US560430500000US560430500000US560450500000US56045	1568.0	39979.0	3301620.25	24987.0	2104466.8	811.6
2	56	999	Statewide	22	Utilities	56	22	0500000US560010500000US560010500000US560030500000US560030500000US560050500000US560050500000US560070500000US560070500000US560090500000US560090500000US560110500000US560110500000US560130500000US560130500000US560150500000US560150500000US560170500000US560170500000US560190500000US560190500000US560210500000US560210500000US560230500000US560230500000US560250500000US560250500000US560270500000US560270500000US560290500000US560290500000US560310500000US560310500000US560330500000US560330500000US560350500000US560350500000US560370500000US560370500000US560390500000US560390500000US560410500000US560410500000US560430500000US560430500000US560450500000US56045	271.0	839.25	90663.75	1059.0	96945.8	135.4
3	56	999	Statewide	23	Construction	56	23	0500000US560010500000US560010500000US560030500000US560030500000US560050500000US560050500000US560070500000US560070500000US560090500000US560090500000US560110500000US560110500000US560130500000US560130500000US560150500000US560150500000US560170500000US560170500000US560190500000US560190500000US560210500000US560210500000US560230500000US560230500000US560250500000US560250500000US560270500000US560270500000US560290500000US560290500000US560310500000US560310500000US560330500000US560330500000US560350500000US560350500000US560370500000US560370500000US560390500000US560390500000US560410500000US560410500000US560430500000US560430500000US560450500000US56045	5309.5	36880.75	1885459.75	18803.4	982295.8	2658.4
4	56	999	Statewide	42	Wholesale trade	56	42	0500000US560010500000US560010500000US560030500000US560030500000US560050500000US560050500000US560070500000US560070500000US560090500000US560090500000US560110500000US560110500000US560130500000US560130500000US560150500000US560150500000US560170500000US560170500000US560190500000US560190500000US560210500000US560210500000US560230500000US560230500000US560250500000US560250500000US560270500000US560270500000US560290500000US560290500000US560310500000US560310500000US560330500000US560330500000US560350500000US560350500000US560370500000US560370500000US560390500000US560390500000US560410500000US560410500000US560430500000US560430500000US560450500000US56045	1630.5	15628.25	916384.75	8437.2	513148.0	841.8
5	56	999	Statewide	51	Information	56	51	0500000US560010500000US560010500000US560030500000US560030500000US560050500000US560050500000US560070500000US560070500000US560090500000US560090500000US560110500000US560110500000US560130500000US560130500000US560150500000US560150500000US560170500000US560170500000US560190500000US560190500000US560210500000US560210500000US560230500000US560230500000US560250500000US560250500000US560270500000US560270500000US560290500000US560290500000US560310500000US560310500000US560330500000US560330500000US560350500000US560350500000US560370500000US560370500000US560390500000US560390500000US560410500000US560410500000US560430500000US560430500000US560450500000US56045	675.5	6280.25	298624.75	4090.8	187101.0	359.2
6	56	999	Statewide	52	Finance and insurance	56	52	0500000US560010500000US560010500000US560030500000US560030500000US560050500000US560050500000US560070500000US560070500000US560090500000US560090500000US560110500000US560110500000US560130500000US560130500000US560150500000US560150500000US560170500000US560170500000US560190500000US560190500000US560210500000US560210500000US560230500000US560230500000US560250500000US560250500000US560270500000US560270500000US560290500000US560290500000US560310500000US560310500000US560330500000US560330500000US560350500000US560350500000US560370500000US560370500000US560390500000US560390500000US560410500000US560410500000US560430500000US560430500000US560450500000US56045	2026.5	10129.75	649827.5	6678.2	355115.4	1037.0
7	56	999	Statewide	53	Real estate and rental and leasing	56	53	0500000US560010500000US560010500000US560030500000US560030500000US560050500000US560050500000US560070500000US560070500000US560090500000US560090500000US560110500000US560110500000US560130500000US560130500000US560150500000US560150500000US560170500000US560170500000US560190500000US560190500000US560210500000US560210500000US560230500000US560230500000US560250500000US560250500000US560270500000US560270500000US560290500000US560290500000US560310500000US560310500000US560330500000US560330500000US560350500000US560350500000US560370500000US560370500000US560390500000US560390500000US560410500000US560410500000US560430500000US560430500000US560450500000US56045	2222.25	8729.75	438017.25	4663.6	223011.8	1133.6
8	56	999	Statewide	54	Professional, scientific, and technical services	56	54	0500000US560010500000US560010500000US560030500000US560030500000US560050500000US560050500000US560070500000US560070500000US560090500000US560090500000US560110500000US560110500000US560130500000US560130500000US560150500000US560150500000US560170500000US560170500000US560190500000US560190500000US560210500000US560210500000US560230500000US560230500000US560250500000US560250500000US560270500000US560270500000US560290500000US560290500000US560310500000US560310500000US560330500000US560330500000US560350500000US560350500000US560370500000US560370500000US560390500000US560390500000US560410500000US560410500000US560430500000US560430500000US560450500000US56045	4386.25	18653.25	1027165.0	9678.6	532611.4	2242.6
9	56	999	Statewide	55	Management of companies and enterprises	56	55	0500000US560010500000US560010500000US560030500000US560050500000US560050500000US560070500000US560070500000US560090500000US560090500000US560130500000US560150500000US560150500000US560190500000US560210500000US560210500000US560230500000US560230500000US560250500000US560250500000US560270500000US560270500000US560290500000US560290500000US560330500000US560330500000US560350500000US560350500000US560370500000US560370500000US560390500000US560390500000US560410500000US560410500000US560430500000US560450500000US56045	180.08333333333334	1019.25	89167.0	1078.2	95661.6	93.8
10	56	999	Statewide	56	Administrative and support and waste management and remediation services	56	56	0500000US560010500000US560010500000US560030500000US560030500000US560050500000US560050500000US560070500000US560070500000US560090500000US560090500000US560110500000US560110500000US560130500000US560130500000US560150500000US560150500000US560170500000US560170500000US560190500000US560190500000US560210500000US560210500000US560230500000US560230500000US560250500000US560250500000US560270500000US560270500000US560290500000US560290500000US560310500000US560310500000US560330500000US560330500000US560350500000US560350500000US560370500000US560370500000US560390500000US560390500000US560410500000US560410500000US560430500000US560430500000US560450500000US56045	1945.5	11607.5	391357.0	6403.6	212843.8	1002.8
11	56	999	Statewide	61	Educational services	56	61	0500000US560010500000US560010500000US560030500000US560050500000US560050500000US560070500000US560070500000US560090500000US560090500000US560110500000US560130500000US560130500000US560150500000US560150500000US560170500000US560170500000US560190500000US560190500000US560210500000US560210500000US560230500000US560230500000US560250500000US560250500000US560270500000US560290500000US560290500000US560330500000US560330500000US560350500000US560350500000US560370500000US560370500000US560390500000US560390500000US560410500000US560410500000US560430500000US560430500000US560450500000US56045	363.5	2640.0	69495.25	2130.2	56831.2	182.4
12	56	999	Statewide	62	Health care and social assistance	56	62	0500000US560010500000US560010500000US560030500000US560030500000US560050500000US560050500000US560070500000US560070500000US560090500000US560090500000US560110500000US560110500000US560130500000US560130500000US560150500000US560150500000US560170500000US560170500000US560190500000US560190500000US560210500000US560210500000US560230500000US560230500000US560250500000US560250500000US560270500000US560270500000US560290500000US560290500000US560310500000US560310500000US560330500000US560330500000US560350500000US560350500000US560370500000US560370500000US560390500000US560390500000US560410500000US560410500000US560430500000US560430500000US560450500000US56045	3832.5	60089.75	2725289.25	32270.8	1425619.4	1929.6
13	56	999	Statewide	71	Arts, entertainment, and recreation	56	71	0500000US560010500000US560010500000US560030500000US560030500000US560050500000US560050500000US560070500000US560070500000US560090500000US560090500000US560110500000US560110500000US560130500000US560130500000US560150500000US560150500000US560170500000US560170500000US560190500000US560190500000US560210500000US560210500000US560230500000US560230500000US560250500000US560250500000US560270500000US560270500000US560290500000US560290500000US560310500000US560310500000US560330500000US560330500000US560350500000US560350500000US560370500000US560370500000US560390500000US560390500000US560410500000US560410500000US560430500000US560430500000US560450500000US56045	860.5	5555.75	170482.25	4435.6	92317.0	431.6
14	56	999	Statewide	72	Accommodation and food services	56	72	0500000US560010500000US560010500000US560030500000US560030500000US560050500000US560050500000US560070500000US560070500000US560090500000US560090500000US560110500000US560110500000US560130500000US560130500000US560150500000US560150500000US560170500000US560170500000US560190500000US560190500000US560210500000US560210500000US560230500000US560230500000US560250500000US560250500000US560270500000US560270500000US560290500000US560290500000US560310500000US560310500000US560330500000US560330500000US560350500000US560350500000US560370500000US560370500000US560390500000US560390500000US560410500000US560410500000US560430500000US560430500000US560450500000US56045	3617.75	55763.75	1035822.75	28312.6	538193.4	1813.0
15	56	999	Statewide	81	Other services (except public administration)	56	81	0500000US560010500000US560010500000US560030500000US560030500000US560050500000US560050500000US560070500000US560070500000US560090500000US560090500000US560110500000US560110500000US560130500000US560130500000US560150500000US560150500000US560170500000US560170500000US560190500000US560190500000US560210500000US560210500000US560230500000US560230500000US560250500000US560250500000US560270500000US560270500000US560290500000US560290500000US560310500000US560310500000US560330500000US560330500000US560350500000US560350500000US560370500000US560370500000US560390500000US560390500000US560410500000US560410500000US560430500000US560430500000US560450500000US56045	3637.75	17014.0	537869.5	8551.2	276770.0	1813.4
16	56	999	Statewide	99	Industries not classified	56	99	0500000US560010500000US560030500000US560050500000US560070500000US560070500000US560090500000US560090500000US560110500000US560130500000US560130500000US560150500000US560150500000US560170500000US560190500000US560190500000US560210500000US560210500000US560230500000US560230500000US560250500000US560250500000US560270500000US560270500000US560290500000US560290500000US560310500000US560310500000US560330500000US560330500000US560350500000US560370500000US560370500000US560390500000US560390500000US560410500000US560410500000US560430500000US560430500000US560450500000US56045	101.41666666666669	56.58333333333333	1741.1666666666663	92.0	1995.2	58.0
