Zip,Naics,Establishments,Employees,Payroll
19805,813,22,1,0
19805,813,12,210,0
19805,813,4,230,0
19807,523,7,230,0
19807,523,4,241,0
19807,524,11,1,0
19807,524,8,210,0
19808,448,18,1,0
19808,448,9,210,0
19808,448,3,230,0
19808,448,3,241,0
19808,451,5,1,0
19808,452,6,1,0
19808,453,25,1,0
19808,453,11,210,0
19808,453,5,220,0
19808,453,5,230,0
19808,551,33,1,0
19808,551,20,210,0
19808,551,3,220,0
19808,551,3,251,0
19808,561,101,1,0
19808,561,64,210,0
19808,561,19,220,0
19808,561,3,230,0
19808,561,9,241,0
19809,484,5,1,0
19809,484,4,210,0
19809,488,5,1,0
19809,488,3,210,0
19809,518,5,1,0
19809,522,12,1,0
19809,522,3,210,0
19809,522,3,220,0
19810,518,3,1,0
19810,522,16,1,0
19810,522,7,210,0
19810,522,5,230,0
19810,523,27,1,0
19810,523,25,210,0
19901,221,5,1,0
19901,236,16,1,0
19901,236,14,210,0
19901,237,8,1,0
19901,237,4,210,0
19901,237,3,220,0
19901,523,46,1,0
19901,523,38,210,0
19901,523,4,220,0
19901,712,5,1,0
19901,712,3,210,0
19901,713,15,1,0
19901,713,5,210,0
19901,713,3,220,0
19901,713,3,241,0
19901,721,27,1,0
19901,721,6,210,0
19901,721,5,220,0
19901,721,7,230,0
19901,721,8,241,0
19904,532,4,1,0
19904,541,142,1,0
19904,541,98,210,0
19904,541,20,220,0
19904,541,15,230,0
19904,541,9,241,0
19930,451,11,1,0
19930,451,5,210,0
19930,451,5,220,0
19930,453,3,1,0
19934,541,44,1,0
19934,541,35,210,0
19934,541,4,220,0
19934,541,3,241,0
19940,561,3,1,0
19940,621,4,1,0
19940,722,9,1,0
19940,722,5,210,0
19940,811,8,1,0
19940,811,6,210,0
19940,812,5,1,0
19940,812,4,210,0
19947,311,4,1,0
19947,326,5,1,0
19947,336,3,1,0
19947,423,8,1,0
19947,423,4,210,0
19947,424,4,1,0
19947,424,3,210,0
19947,441,6,1,0
19947,441,3,241,0
19947,444,5,1,0
19947,445,9,1,0
19947,445,6,210,0
19951,811,3,1,0
19951,813,3,1,0
19951,813,3,210,0
19952,115,3,1,0
19952,115,3,210,0
19952,221,3,1,0
19952,236,8,1,0
19952,236,7,210,0
19958,236,44,1,0
19958,236,32,210,0
19958,236,5,220,0
19958,236,3,230,0
19958,236,4,241,0
19958,561,61,1,0
19958,561,35,210,0
19958,561,12,220,0
19958,561,9,230,0
19958,561,4,241,0
19963,424,5,1,0
19963,441,21,1,0
19963,441,3,210,0
19963,441,5,230,0
19963,441,7,241,0
19963,441,3,242,0
19963,442,3,1,0
19963,442,3,210,0
19963,444,13,1,0
19963,444,6,210,0
19966,238,51,1,0
19966,238,37,210,0
19966,238,7,220,0
19966,238,4,230,0
19968,238,28,1,0
19968,238,19,210,0
19968,238,4,220,0
19968,238,3,230,0
19968,423,5,1,0
19968,423,3,210,0
19971,446,22,1,0
19971,446,13,210,0
19971,446,5,220,0
19971,446,3,241,0
19971,447,7,1,0
19971,447,3,210,0
19971,448,129,1,0
19973,721,5,1,0
19973,721,3,230,0
19973,722,45,1,0
19973,722,11,210,0
19973,722,11,220,0
19973,722,8,230,0
19973,722,10,241,0
19973,722,4,242,0
19977,517,6,1,0
19977,517,4,210,0
19977,522,11,1,0
19977,522,7,210,0
19977,522,4,220,0
19977,523,3,1,0
19977,523,3,210,0
19805,453,7,1,0
19805,453,5,210,0
19805,454,9,1,0
19805,454,7,210,0
19805,484,4,1,0
19805,484,4,210,0
19806,236,6,1,0
19806,236,3,210,0
19806,423,5,1,0
19806,423,3,210,0
19806,441,8,1,0
19806,441,3,251,0
19806,445,8,1,0
19806,445,4,210,0
19807,525,22,1,0
19807,525,21,210,0
19807,531,27,1,0
19807,531,25,210,0
19808,453,4,241,0
19808,454,38,1,0
19808,454,29,210,0
19808,454,5,230,0
19809,523,38,1,0
19809,523,24,210,0
19809,523,3,230,0
19809,523,6,241,0
19810,524,12,1,0
19810,524,10,210,0
19810,531,24,1,0
19810,531,21,210,0
19810,531,3,220,0
19901,238,46,1,0
19901,238,27,210,0
19901,238,8,220,0
19901,238,7,230,0
19901,238,3,241,0
19901,524,40,1,0
19901,524,31,210,0
19901,524,4,220,0
19901,524,3,230,0
19901,722,158,1,0
19901,722,48,210,0
19901,722,15,220,0
19901,722,33,230,0
19901,722,42,241,0
19901,722,19,242,0
19930,522,6,1,0
19930,522,5,210,0
19930,523,3,1,0
19930,523,3,210,0
19930,531,29,1,0
19930,531,23,210,0
19930,531,4,220,0
19934,551,4,1,0
19934,551,3,210,0
19934,561,20,1,0
19934,561,10,210,0
19934,561,3,220,0
19934,561,4,230,0
19940,813,3,1,0
19940,813,3,210,0
19941,238,3,1,0
19941,238,3,210,0
19941,484,4,1,0
19941,484,4,210,0
19941,541,3,1,0
19941,541,3,210,0
19941,624,6,1,0
19941,624,3,210,0
19947,447,6,1,0
19947,448,3,1,0
19947,448,3,210,0
19947,452,4,1,0
19947,454,7,1,0
19947,454,5,241,0
19952,238,23,1,0
19952,238,14,210,0
19952,238,4,230,0
19952,238,3,241,0
19952,423,3,1,0
19952,424,7,1,0
19952,424,4,210,0
19958,238,59,1,0
19958,238,39,210,0
19958,238,12,220,0
19958,238,6,230,0
19958,611,14,1,0
19958,611,11,210,0
19958,621,118,1,0
19958,621,48,210,0
19958,621,31,220,0
19958,621,18,230,0
19958,621,18,241,0
19958,621,3,242,0
19963,444,5,241,0
19963,445,14,1,0
19963,445,8,210,0
19963,445,3,220,0
19963,446,12,1,0
19963,446,4,210,0
19963,446,4,220,0
19966,311,3,1,0
19966,423,6,1,0
19966,423,6,210,0
19966,424,5,1,0
19966,441,10,1,0
19966,441,4,220,0
19966,441,3,230,0
19968,444,3,1,0
19968,445,7,1,0
19968,445,3,210,0
19968,445,3,220,0
19968,446,4,1,0
19968,447,3,1,0
19968,452,4,1,0
19968,452,3,220,0
19968,454,3,1,0
19968,484,6,1,0
19968,484,5,210,0
19971,448,43,210,0
19971,448,35,220,0
19971,448,31,230,0
19971,448,19,241,0
19971,811,4,1,0
19971,812,28,1,0
19971,812,17,210,0
19971,812,5,220,0
19971,812,4,241,0
19971,813,24,1,0
19971,813,13,210,0
19971,813,7,220,0
19971,813,3,230,0
19973,811,22,1,0
19973,811,13,210,0
19973,811,5,220,0
19973,811,3,230,0
19977,524,5,1,0
19977,524,4,210,0
19977,531,12,1,0
19977,531,10,210,0
19977,541,20,1,0
19977,541,15,210,0
19977,541,3,220,0
19805,488,4,1,0
19805,488,3,210,0
19805,511,5,1,0
19805,511,5,210,0
19805,518,3,1,0
19805,522,16,1,0
19805,522,9,210,0
19805,522,4,220,0
19806,446,4,1,0
19806,453,3,1,0
19806,518,4,1,0
19806,522,8,1,0
19806,522,6,210,0
19806,523,13,1,0
19806,523,9,210,0
19807,541,77,1,0
19807,541,53,210,0
19807,541,12,220,0
19807,541,7,230,0
19807,541,4,241,0
19808,484,12,1,0
19808,484,7,210,0
19808,484,3,230,0
19808,485,3,1,0
19808,487,3,1,0
19808,488,7,1,0
19808,488,5,210,0
19808,611,20,1,0
19808,611,8,210,0
19808,611,7,220,0
19809,524,25,1,0
19809,524,12,210,0
19809,524,3,220,0
19809,524,5,230,0
19809,524,4,241,0
19809,531,16,1,0
19809,531,10,210,0
19809,531,3,230,0
19810,532,4,1,0
19810,532,4,210,0
19810,541,110,1,0
19810,541,86,210,0
19810,541,13,220,0
19901,311,3,1,0
19901,311,3,210,0
19901,325,5,1,0
19901,325,4,210,0
19901,332,4,1,0
19901,334,3,1,0
19901,334,3,210,0
19901,335,4,1,0
19901,335,4,210,0
19901,339,8,1,0
19901,339,4,210,0
19901,531,98,1,0
19901,531,79,210,0
19901,531,10,220,0
19901,531,6,230,0
19901,531,3,241,0
19930,541,13,1,0
19930,541,11,210,0
19930,561,4,1,0
19930,561,3,210,0
19930,621,6,1,0
19934,611,7,1,0
19934,611,4,220,0
19934,621,11,1,0
19934,621,7,210,0
19934,624,12,1,0
19934,624,4,210,0
19934,624,3,220,0
19934,624,4,230,0
19941,813,3,1,0
19943,236,6,1,0
19943,236,3,210,0
19943,236,3,220,0
19943,238,21,1,0
19943,238,11,210,0
19943,238,6,220,0
19947,484,8,1,0
19947,484,4,210,0
19947,485,5,1,0
19947,488,4,1,0
19947,488,3,210,0
19947,517,4,1,0
19947,517,3,210,0
19947,522,11,1,0
19947,522,5,220,0
19947,523,3,1,0
19952,441,6,1,0
19952,444,5,1,0
19952,444,3,230,0
19952,445,4,1,0
19952,445,3,210,0
19952,446,3,1,0
19952,447,3,1,0
19952,452,3,1,0
19958,311,4,1,0
19958,311,3,210,0
19958,323,3,1,0
19958,325,3,1,0
19963,447,11,1,0
19963,447,3,210,0
19963,447,5,220,0
19963,448,4,1,0
19963,452,6,1,0
19963,452,4,230,0
19963,453,13,1,0
19963,453,6,210,0
19963,453,5,220,0
19963,454,8,1,0
19963,454,5,210,0
19966,442,5,1,0
19966,444,9,1,0
19966,444,3,220,0
19966,444,4,241,0
19966,445,21,1,0
19966,445,12,210,0
19966,445,3,230,0
19968,522,4,1,0
19968,524,3,1,0
19968,524,3,210,0
19968,531,10,1,0
19968,531,8,210,0
19968,541,22,1,0
19968,541,16,210,0
19968,541,4,220,0
19973,236,11,1,0
19973,236,9,210,0
19973,812,14,1,0
19973,812,9,210,0
19973,812,4,220,0
19973,813,24,1,0
19973,813,17,210,0
19973,813,6,220,0
19977,561,21,1,0
19977,561,15,210,0
19977,611,6,1,0
19805,523,28,1,0
19805,523,18,210,0
19805,523,5,220,0
19805,523,5,230,0
19805,524,18,1,0
19805,524,11,210,0
19805,524,3,220,0
19806,524,8,1,0
19806,524,5,210,0
19806,531,21,1,0
19806,531,16,210,0
19806,531,3,241,0
19807,551,9,1,0
19808,493,5,1,0
19808,493,4,210,0
19808,511,57,1,0
19808,511,35,210,0
19808,511,8,220,0
19808,511,7,230,0
19808,511,5,241,0
19808,621,174,1,0
19808,621,80,210,0
19808,621,45,220,0
19808,621,33,230,0
19808,621,13,241,0
19809,532,5,1,0
19809,541,72,1,0
19809,541,45,210,0
19809,541,9,220,0
19809,541,5,230,0
19809,541,12,241,0
19810,541,9,230,0
19901,423,37,1,0
19901,423,22,210,0
19901,423,5,220,0
19901,423,7,230,0
19901,532,11,1,0
19901,811,31,1,0
19901,811,15,210,0
19901,811,10,220,0
19901,811,5,230,0
19901,812,48,1,0
19901,812,30,210,0
19901,812,12,220,0
19901,812,5,230,0
19904,551,6,1,0
19904,551,4,210,0
19930,621,4,210,0
19930,713,5,1,0
19930,713,3,210,0
19930,721,6,1,0
19930,722,56,1,0
19930,722,23,210,0
19930,722,13,220,0
19930,722,9,230,0
19930,722,9,241,0
19934,711,14,1,0
19934,711,14,210,0
19934,713,4,1,0
19934,713,3,210,0
19934,721,3,1,0
19943,423,6,1,0
19943,423,3,241,0
19943,441,5,1,0
19943,444,3,1,0
19943,445,4,1,0
19947,523,3,210,0
19947,524,6,1,0
19947,524,3,210,0
19947,524,3,220,0
19947,531,16,1,0
19947,531,13,210,0
19952,453,3,1,0
19952,454,3,1,0
19952,484,6,1,0
19952,484,4,210,0
19952,485,3,1,0
19952,492,3,1,0
19952,522,3,1,0
19952,531,8,1,0
19952,531,7,210,0
19958,332,3,1,0
19958,423,25,1,0
19958,423,17,210,0
19958,423,4,220,0
19958,423,4,230,0
19958,424,15,1,0
19958,424,11,210,0
19958,624,26,1,0
19963,454,3,220,0
19963,484,4,1,0
19963,485,7,1,0
19963,493,4,1,0
19963,511,3,1,0
19963,511,3,210,0
19963,517,10,1,0
19963,517,6,210,0
19966,446,6,1,0
19966,446,3,220,0
19966,447,12,1,0
19966,447,6,210,0
19966,452,8,1,0
19966,452,3,230,0
19966,453,13,1,0
19966,453,8,210,0
19966,453,3,220,0
19968,561,21,1,0
19968,561,11,210,0
19968,561,3,220,0
19968,561,5,230,0
19971,451,16,1,0
19971,451,8,210,0
19971,451,5,220,0
19971,453,36,1,0
19971,453,20,210,0
19971,453,11,220,0
19971,453,4,230,0
19973,238,38,1,0
19973,238,24,210,0
19973,238,5,220,0
19973,238,4,230,0
19973,238,3,241,0
19975,236,13,1,0
19975,236,10,210,0
19975,236,3,230,0
19975,237,5,1,0
19975,238,20,1,0
19975,238,11,210,0
19975,238,6,241,0
19977,611,3,210,0
19977,621,36,1,0
19977,621,14,210,0
19977,621,8,220,0
19977,621,11,230,0
19977,621,3,241,0
19805,531,34,1,0
19805,531,24,210,0
19805,531,7,220,0
19805,531,3,230,0
19806,541,90,1,0
19806,541,58,210,0
19806,541,12,220,0
19806,541,11,230,0
19806,541,6,241,0
19806,541,3,242,0
19807,551,8,210,0
19807,561,20,1,0
19807,561,17,210,0
19807,611,8,1,0
19808,512,6,1,0
19808,512,6,210,0
19808,517,19,1,0
19808,517,10,210,0
19808,517,4,220,0
19808,517,3,230,0
19901,424,33,1,0
19901,424,25,210,0
19901,424,3,230,0
19901,425,9,1,0
19901,425,8,210,0
19901,532,8,210,0
19901,541,391,1,0
19901,541,292,210,0
19901,541,47,220,0
19901,541,30,230,0
19901,541,15,241,0
19901,541,4,242,0
19901,541,3,251,0
19901,813,58,1,0
19901,813,43,210,0
19901,813,7,220,0
19901,813,5,230,0
19904,561,45,1,0
19904,561,26,210,0
19904,561,5,220,0
19904,561,8,230,0
19904,561,5,241,0
19930,812,5,1,0
19930,812,5,210,0
19930,813,8,1,0
19930,813,6,210,0
19934,722,19,1,0
19934,722,7,210,0
19934,722,7,241,0
19934,811,9,1,0
19934,811,8,210,0
19934,812,13,1,0
19943,447,4,1,0
19943,454,5,1,0
19943,454,5,210,0
19943,484,5,1,0
19943,484,4,210,0
19943,522,3,1,0
19943,531,7,1,0
19943,531,7,210,0
19947,541,43,1,0
19947,541,20,210,0
19947,541,8,220,0
19947,541,9,230,0
19947,541,6,241,0
19952,541,5,1,0
19952,541,3,230,0
19952,561,6,1,0
19952,621,4,1,0
19952,621,3,220,0
19952,624,5,1,0
19952,624,3,210,0
19952,711,4,1,0
19952,721,3,1,0
19952,722,12,1,0
19952,722,6,241,0
19958,425,4,1,0
19958,425,3,210,0
19958,441,13,1,0
19958,441,4,210,0
19958,441,4,220,0
19958,441,3,230,0
19958,442,11,1,0
19958,442,8,210,0
19958,624,13,210,0
19958,624,6,220,0
19958,624,3,230,0
19958,624,3,241,0
19958,711,14,1,0
19958,711,14,210,0
19963,522,20,1,0
19963,522,14,210,0
19963,522,6,220,0
19963,524,10,1,0
19963,524,6,210,0
19963,524,3,220,0
19966,454,5,1,0
19966,484,6,1,0
19966,484,4,210,0
19966,485,9,1,0
19966,485,8,210,0
19966,517,5,1,0
19966,517,4,210,0
19968,621,18,1,0
19968,621,8,210,0
19968,621,5,220,0
19968,621,3,230,0
19968,624,8,1,0
19968,624,4,210,0
19968,624,3,220,0
19968,722,17,1,0
19968,722,3,210,0
19968,722,5,220,0
19971,454,10,1,0
19971,454,9,210,0
19973,311,3,1,0
19973,332,4,1,0
19973,332,3,230,0
19973,339,3,1,0
19973,423,20,1,0
19973,423,8,210,0
19973,423,6,241,0
19973,424,12,1,0
19973,424,6,210,0
19973,424,3,230,0
19975,423,6,1,0
19975,423,3,210,0
19975,423,3,230,0
19975,424,4,1,0
19975,424,4,210,0
19975,441,9,1,0
19975,441,3,210,0
19975,441,3,220,0
19977,623,5,1,0
19977,624,26,1,0
19977,624,12,210,0
19977,624,6,220,0
19977,624,4,230,0
19977,624,4,241,0
19805,532,5,1,0
19805,532,3,210,0
19805,541,84,1,0
19805,541,50,210,0
19805,541,16,220,0
19805,541,8,230,0
19805,541,5,241,0
19805,541,4,242,0
19807,611,6,210,0
19807,621,14,1,0
19807,621,8,210,0
19807,623,3,1,0
19807,624,3,1,0
19807,712,3,1,0
19807,713,8,1,0
19807,713,5,241,0
19808,518,25,1,0
19808,518,15,210,0
19808,518,4,220,0
19808,518,3,230,0
19808,519,8,1,0
19808,519,7,210,0
19809,551,33,1,0
19809,551,29,210,0
19810,551,37,1,0
19810,551,29,210,0
19810,551,3,220,0
19810,551,4,230,0
19810,561,30,1,0
19810,561,22,210,0
19810,561,6,220,0
19901,441,22,1,0
19901,441,4,210,0
19901,441,4,220,0
19901,441,5,230,0
19901,441,6,241,0
19901,442,13,1,0
19901,442,7,210,0
19901,442,3,241,0
19901,813,3,241,0
19904,562,4,1,0
19904,562,3,210,0
19904,611,17,1,0
19904,611,5,210,0
19904,611,5,220,0
19904,611,4,230,0
19904,611,3,241,0
19933,236,10,1,0
19933,236,6,210,0
19933,237,5,1,0
19933,237,3,210,0
19933,238,20,1,0
19933,238,16,210,0
19934,812,11,210,0
19934,813,15,1,0
19934,813,12,210,0
19936,454,3,1,0
19943,541,7,1,0
19943,541,4,210,0
19943,541,3,220,0
19943,561,11,1,0
19943,561,7,210,0
19943,561,3,220,0
19943,621,3,1,0
19943,621,3,210,0
19943,624,7,1,0
19943,624,5,210,0
19947,561,36,1,0
19947,561,24,210,0
19947,561,6,220,0
19947,562,7,1,0
19947,562,6,210,0
19952,811,5,1,0
19952,811,4,210,0
19952,812,7,1,0
19952,812,5,210,0
19952,813,9,1,0
19952,813,7,210,0
19958,443,4,1,0
19958,444,10,1,0
19958,444,4,230,0
19958,444,3,241,0
19958,445,14,1,0
19958,445,5,210,0
19958,445,4,220,0
19958,445,4,230,0
19958,446,6,1,0
19958,713,23,1,0
19958,713,10,210,0
19958,713,8,220,0
19958,713,4,241,0
19958,721,13,1,0
19958,721,6,210,0
19958,721,3,220,0
19958,721,3,230,0
19963,531,21,1,0
19963,531,16,210,0
19963,531,3,220,0
19963,532,5,1,0
19963,532,3,210,0
19966,522,18,1,0
19966,522,7,210,0
19966,522,8,220,0
19966,523,4,1,0
19966,523,3,210,0
19966,524,4,1,0
19966,531,26,1,0
19966,531,20,210,0
19968,722,6,230,0
19968,811,6,1,0
19968,811,6,210,0
19968,812,6,1,0
19968,812,4,210,0
19968,813,6,1,0
19968,813,4,210,0
19971,511,3,1,0
19971,517,7,1,0
19971,517,5,210,0
19971,522,28,1,0
19971,522,10,210,0
19971,522,14,220,0
19971,522,3,230,0
19973,441,22,1,0
19973,441,5,210,0
19973,441,7,220,0
19973,441,5,230,0
19973,441,4,241,0
19973,442,3,1,0
19973,444,11,1,0
19973,444,4,210,0
19973,444,4,230,0
19975,442,7,1,0
19975,442,3,210,0
19975,442,3,230,0
19975,444,5,1,0
19975,444,4,230,0
19975,445,10,1,0
19975,445,3,230,0
19975,446,3,1,0
19975,447,5,1,0
19977,713,3,1,0
19977,721,4,1,0
19977,721,3,210,0
19977,722,40,1,0
19977,722,14,210,0
19977,722,7,220,0
19977,722,8,230,0
19977,722,8,241,0
19977,722,3,242,0
19806,561,12,1,0
19806,561,9,210,0
19806,611,9,1,0
19806,611,7,210,0
19807,722,16,1,0
19807,722,4,210,0
19807,722,5,241,0
19807,722,3,242,0
19807,812,16,1,0
19807,812,10,210,0
19807,812,3,230,0
19808,522,56,1,0
19808,522,20,210,0
19808,522,18,220,0
19808,522,10,230,0
19808,522,4,241,0
19808,522,3,242,0
19808,623,8,1,0
19808,623,3,220,0
19808,623,4,251,0
19808,624,31,1,0
19808,624,14,210,0
19808,624,7,220,0
19808,624,6,230,0
19808,624,4,241,0
19809,561,22,1,0
19809,561,14,210,0
19809,561,5,230,0
19809,611,6,1,0
19809,621,18,1,0
19809,621,11,210,0
19809,621,4,220,0
19810,611,13,1,0
19810,611,8,210,0
19901,443,7,1,0
19901,443,4,220,0
19901,444,15,1,0
19901,444,8,210,0
19901,444,4,230,0
19901,445,27,1,0
19901,445,15,210,0
19901,445,5,220,0
19902,541,14,1,0
19902,541,12,210,0
19902,561,3,1,0
19902,722,3,1,0
19903,813,3,1,0
19904,621,135,1,0
19904,621,48,210,0
19904,621,23,220,0
19904,621,32,230,0
19904,621,22,241,0
19904,621,7,242,0
19933,311,4,1,0
19933,332,3,1,0
19933,423,11,1,0
19933,423,3,210,0
19933,423,4,220,0
19933,423,3,241,0
19933,424,4,1,0
19933,445,4,1,0
19938,236,6,1,0
19938,236,6,210,0
19938,238,14,1,0
19938,238,9,210,0
19938,238,4,220,0
19938,444,4,1,0
19938,444,3,241,0
19943,722,3,1,0
19943,811,6,1,0
19943,811,4,210,0
19943,812,3,1,0
19943,812,3,210,0
19943,813,4,1,0
19943,813,4,210,0
19944,444,3,1,0
19944,445,3,1,0
19947,611,3,1,0
19947,621,42,1,0
19947,621,16,210,0
19947,621,8,220,0
19947,621,9,230,0
19947,621,8,241,0
19953,236,8,1,0
19953,236,8,210,0
19953,238,18,1,0
19953,238,14,210,0
19958,447,4,1,0
19958,448,13,1,0
19958,448,8,210,0
19958,451,9,1,0
19958,451,5,210,0
19958,451,3,230,0
19958,453,13,1,0
19958,453,8,210,0
19958,453,3,220,0
19958,454,26,1,0
19958,722,74,1,0
19958,722,16,210,0
19958,722,15,220,0
19958,722,13,230,0
19958,722,22,241,0
19958,722,8,242,0
19963,541,40,1,0
19963,541,23,210,0
19963,541,9,220,0
19963,541,5,230,0
19963,541,3,241,0
19966,541,29,1,0
19966,541,24,210,0
19966,541,4,220,0
19970,236,14,1,0
19970,236,13,210,0
19970,238,22,1,0
19970,238,16,210,0
19970,238,5,220,0
19971,523,15,1,0
19971,523,9,210,0
19971,523,3,230,0
19973,445,11,1,0
19973,445,5,210,0
19973,445,4,220,0
19973,446,7,1,0
19973,446,3,210,0
19973,447,10,1,0
19973,447,4,210,0
19973,447,3,230,0
19975,452,3,1,0
19975,454,3,1,0
19975,484,3,1,0
19975,484,3,210,0
19975,493,4,1,0
19975,493,3,230,0
19975,522,3,1,0
19975,524,3,1,0
19975,524,3,210,0
19977,811,15,1,0
19977,811,12,210,0
19805,551,37,1,0
19805,551,35,210,0
19806,621,55,1,0
19806,621,20,210,0
19806,621,19,220,0
19806,621,10,230,0
19806,621,5,241,0
19807,813,18,1,0
19807,813,12,210,0
19807,813,3,241,0
19808,523,64,1,0
19808,523,50,210,0
19808,523,7,230,0
19808,711,19,1,0
19808,711,16,210,0
19809,624,22,1,0
19809,624,13,210,0
19809,624,6,230,0
19809,711,3,1,0
19809,711,3,210,0
19810,621,87,1,0
19810,621,45,210,0
19810,621,15,220,0
19810,621,18,230,0
19810,621,7,241,0
19901,445,3,242,0
19901,445,3,251,0
19901,446,20,1,0
19901,446,7,210,0
19901,446,7,220,0
19901,446,5,241,0
19904,236,19,1,0
19904,236,15,210,0
19904,237,5,1,0
19904,237,3,210,0
19904,238,22,1,0
19904,238,16,210,0
19904,238,3,230,0
19933,447,3,1,0
19933,453,4,1,0
19933,484,5,1,0
19933,484,4,210,0
19933,485,8,1,0
19933,485,5,210,0
19933,488,4,1,0
19933,493,3,1,0
19933,531,4,1,0
19938,454,3,1,0
19938,485,4,1,0
19938,541,6,1,0
19938,541,3,210,0
19938,541,3,220,0
19938,561,9,1,0
19938,561,6,210,0
19938,624,7,1,0
19938,624,6,210,0
19944,448,7,1,0
19944,448,6,210,0
19944,453,4,1,0
19944,453,3,210,0
19944,531,5,1,0
19944,531,5,210,0
19944,532,5,1,0
19944,532,4,210,0
19944,561,3,1,0
19944,722,24,1,0
19944,722,12,210,0
19947,623,12,1,0
19947,623,6,230,0
19953,484,3,1,0
19953,484,3,210,0
19953,485,3,1,0
19953,561,6,1,0
19953,561,4,210,0
19953,624,5,1,0
19954,238,4,1,0
19954,238,4,210,0
19958,454,21,210,0
19958,454,3,241,0
19958,484,7,1,0
19958,484,5,210,0
19958,485,3,1,0
19958,487,4,1,0
19958,487,4,210,0
19958,811,18,1,0
19958,811,7,210,0
19958,811,6,220,0
19958,811,3,230,0
19963,551,9,1,0
19963,551,6,210,0
19963,561,23,1,0
19963,561,15,210,0
19963,561,4,220,0
19966,551,3,1,0
19966,561,43,1,0
19966,561,26,210,0
19966,561,8,220,0
19966,561,4,230,0
19970,441,3,1,0
19970,442,7,1,0
19970,442,5,210,0
19970,445,8,1,0
19970,445,3,210,0
19971,524,8,1,0
19971,524,6,210,0
19971,531,64,1,0
19971,531,43,210,0
19971,531,13,220,0
19971,531,4,230,0
19971,531,4,241,0
19973,448,5,1,0
19973,452,9,1,0
19973,452,4,220,0
19973,453,10,1,0
19973,453,7,220,0
19973,454,9,1,0
19973,454,4,210,0
19973,454,3,220,0
19975,531,17,1,0
19975,531,12,210,0
19975,531,3,230,0
19975,541,18,1,0
19975,541,14,210,0
19977,812,23,1,0
19977,812,17,210,0
19977,812,4,220,0
19977,813,12,1,0
19977,813,6,210,0
19977,813,4,220,0
19805,561,49,1,0
19805,561,34,210,0
19805,561,8,220,0
19805,561,3,230,0
19805,561,3,241,0
19806,623,7,1,0
19806,623,3,220,0
19806,623,3,251,0
19806,624,13,1,0
19806,624,8,210,0
19808,236,49,1,0
19808,236,39,210,0
19808,236,6,220,0
19808,236,3,230,0
19808,237,4,1,0
19808,524,47,1,0
19808,524,27,210,0
19808,524,11,220,0
19808,524,4,230,0
19808,524,3,242,0
19808,712,3,1,0
19808,713,20,1,0
19808,713,12,210,0
19808,713,4,220,0
19808,721,4,1,0
19808,721,3,241,0
19809,721,3,1,0
19809,722,22,1,0
19809,722,11,210,0
19809,722,6,230,0
19809,722,3,241,0
19809,811,11,1,0
19809,811,6,210,0
19809,811,3,220,0
19810,623,8,1,0
19901,447,13,1,0
19901,447,6,220,0
19901,447,3,241,0
19901,448,38,1,0
19901,448,10,210,0
19901,448,12,220,0
19901,448,7,230,0
19901,448,7,241,0
19901,551,5,1,0
19901,551,3,210,0
19904,311,3,1,0
19904,325,4,1,0
19904,423,24,1,0
19904,423,13,210,0
19904,423,5,220,0
19904,423,3,230,0
19904,423,3,241,0
19904,424,13,1,0
19904,424,9,210,0
19904,424,3,241,0
19904,623,20,1,0
19904,623,6,210,0
19904,623,4,230,0
19904,623,3,242,0
19904,623,5,251,0
19933,531,4,210,0
19933,541,11,1,0
19933,541,8,210,0
19933,561,11,1,0
19933,561,5,210,0
19933,561,3,241,0
19933,621,3,1,0
19933,624,7,1,0
19933,624,6,210,0
19938,811,3,1,0
19938,813,7,1,0
19938,813,5,210,0
19939,236,17,1,0
19939,236,7,210,0
19939,236,6,220,0
19944,722,4,220,0
19944,722,3,230,0
19944,722,3,242,0
19944,813,4,1,0
19947,624,50,1,0
19947,624,34,210,0
19947,624,7,230,0
19947,624,3,251,0
19947,713,4,1,0
19955,238,3,1,0
19956,236,15,1,0
19956,236,12,210,0
19956,237,3,1,0
19956,238,34,1,0
19956,238,24,210,0
19956,238,3,220,0
19956,238,5,230,0
19958,488,6,1,0
19958,492,3,1,0
19958,492,3,210,0
19958,511,14,1,0
19958,511,12,210,0
19958,512,4,1,0
19958,512,3,210,0
19958,517,9,1,0
19958,517,7,210,0
19958,518,14,1,0
19958,518,11,210,0
19958,812,36,1,0
19958,812,22,210,0
19958,812,8,220,0
19958,812,3,241,0
19958,813,32,1,0
19958,813,18,210,0
19958,813,8,220,0
19958,813,6,230,0
19963,611,7,1,0
19963,611,4,210,0
19963,621,74,1,0
19963,621,28,210,0
19963,621,18,220,0
19963,621,15,230,0
19963,621,9,241,0
19966,562,4,1,0
19966,621,44,1,0
19966,621,19,210,0
19966,621,9,220,0
19966,621,10,230,0
19966,621,5,241,0
19970,446,3,1,0
19970,453,4,1,0
19970,453,3,210,0
19970,517,3,1,0
19970,522,5,1,0
19970,522,3,210,0
19970,523,3,1,0
19970,523,3,210,0
19971,532,9,1,0
19971,532,6,210,0
19971,541,73,1,0
19973,484,19,1,0
19973,484,15,210,0
19973,485,5,1,0
19973,485,3,210,0
19973,488,4,1,0
19973,488,3,210,0
19973,492,3,1,0
19973,493,3,1,0
19975,561,27,1,0
19975,561,20,210,0
19975,561,3,220,0
19975,561,3,230,0
19979,236,3,1,0
19805,611,12,1,0
19805,611,5,210,0
19805,611,3,220,0
19805,621,66,1,0
19805,621,25,210,0
19805,621,13,220,0
19805,621,15,230,0
19805,621,7,241,0
19805,621,5,251,0
19806,711,3,1,0
19806,711,3,210,0
19806,713,6,1,0
19806,713,4,210,0
19806,722,39,1,0
19806,722,9,210,0
19806,722,5,220,0
19806,722,13,230,0
19806,722,9,241,0
19806,722,3,242,0
19808,238,62,1,0
19808,238,39,210,0
19808,238,10,220,0
19808,238,6,230,0
19808,238,4,241,0
19808,238,3,242,0
19808,525,4,1,0
19808,525,3,210,0
19808,531,81,1,0
19808,531,61,210,0
19808,531,14,220,0
19808,531,3,241,0
19808,722,102,1,0
19808,722,29,210,0
19808,722,24,220,0
19808,722,18,230,0
19808,722,22,241,0
19808,722,7,242,0
19809,812,13,1,0
19809,812,11,210,0
19809,813,62,1,0
19809,813,59,210,0
19810,624,12,1,0
19810,624,5,210,0
19810,624,5,241,0
19810,711,4,1,0
19810,713,10,1,0
19810,713,10,210,0
19901,451,14,1,0
19901,451,7,210,0
19901,452,17,1,0
19901,452,4,220,0
19901,452,4,230,0
19901,561,98,1,0
19901,561,72,210,0
19901,561,6,220,0
19901,561,8,230,0
19901,561,7,241,0
19901,561,3,242,0
19904,425,3,1,0
19904,441,5,1,0
19904,443,4,1,0
19904,443,3,210,0
19904,444,7,1,0
19904,445,21,1,0
19904,445,10,210,0
19904,445,4,220,0
19904,624,60,1,0
19904,624,27,210,0
19904,624,12,220,0
19904,624,9,230,0
19904,624,6,241,0
19904,624,5,242,0
19933,722,11,1,0
19933,722,4,210,0
19933,722,4,241,0
19933,811,6,1,0
19933,811,5,210,0
19933,813,6,1,0
19933,813,5,210,0
19939,238,14,1,0
19939,238,7,210,0
19939,238,6,230,0
19939,423,4,1,0
19939,441,4,1,0
19939,451,4,1,0
19939,451,3,210,0
19945,236,10,1,0
19945,236,8,210,0
19945,238,29,1,0
19945,238,16,210,0
19945,238,5,220,0
19945,238,4,241,0
19947,721,6,1,0
19947,721,3,210,0
19947,722,28,1,0
19947,722,5,210,0
19947,722,8,220,0
19947,722,8,230,0
19947,722,6,241,0
19956,423,8,1,0
19956,423,3,210,0
19958,518,3,220,0
19958,522,19,1,0
19958,522,8,210,0
19958,522,8,220,0
19958,523,21,1,0
19958,523,21,210,0
19960,236,5,1,0
19960,236,4,210,0
19966,623,23,1,0
19966,623,10,210,0
19966,623,4,220,0
19966,623,4,230,0
19970,531,18,1,0
19970,531,16,210,0
19970,541,25,1,0
19970,541,16,210,0
19970,541,4,220,0
19970,541,5,230,0
19971,541,52,210,0
19971,541,11,220,0
19971,541,8,230,0
19973,517,5,1,0
19973,522,22,1,0
19973,522,13,210,0
19973,522,6,220,0
19975,621,13,1,0
19975,621,8,210,0
19975,621,3,230,0
19975,623,4,1,0
19975,713,4,1,0
19975,721,3,1,0
19975,722,25,1,0
19806,811,3,1,0
19806,812,21,1,0
19806,812,13,210,0
19806,812,5,220,0
19808,311,5,1,0
19808,311,3,210,0
19808,326,3,1,0
19808,332,5,1,0
19808,339,4,1,0
19808,423,43,1,0
19808,423,31,210,0
19808,423,3,220,0
19808,811,18,1,0
19808,811,6,210,0
19808,811,5,220,0
19808,811,5,230,0
19810,236,15,1,0
19810,236,10,210,0
19810,236,3,220,0
19810,237,4,1,0
19810,237,3,210,0
19810,722,54,1,0
19810,722,14,210,0
19810,722,13,220,0
19810,722,11,230,0
19810,722,12,241,0
19810,722,4,242,0
19901,452,3,251,0
19901,453,29,1,0
19901,453,12,210,0
19901,453,7,220,0
19901,453,5,230,0
19901,453,4,241,0
19901,611,29,1,0
19901,611,21,210,0
19901,611,4,230,0
19904,446,10,1,0
19904,446,4,210,0
19904,446,3,220,0
19904,447,9,1,0
19904,447,3,210,0
19904,447,3,241,0
19904,711,21,1,0
19904,711,18,210,0
19934,236,9,1,0
19934,236,5,210,0
19934,236,3,220,0
19934,238,24,1,0
19934,238,14,210,0
19934,238,6,220,0
19934,238,4,230,0
19939,453,4,1,0
19939,484,4,1,0
19939,484,3,210,0
19939,522,5,1,0
19939,524,4,1,0
19939,524,3,210,0
19939,531,5,1,0
19939,531,4,210,0
19939,541,16,1,0
19939,541,13,210,0
19945,423,5,1,0
19945,423,3,210,0
19945,424,3,1,0
19945,441,4,1,0
19945,444,3,1,0
19945,445,6,1,0
19945,445,5,210,0
19945,453,3,1,0
19945,531,6,1,0
19945,531,6,210,0
19947,811,11,1,0
19947,811,6,210,0
19947,811,3,220,0
19947,812,8,1,0
19947,812,5,210,0
19947,812,3,220,0
19947,813,20,1,0
19947,813,15,210,0
19947,813,3,220,0
19956,424,6,1,0
19956,441,9,1,0
19956,441,4,210,0
19956,441,3,220,0
19956,442,3,1,0
19956,444,5,1,0
19956,445,12,1,0
19956,445,7,210,0
19958,524,13,1,0
19958,524,7,210,0
19958,524,4,220,0
19958,525,3,1,0
19958,531,55,1,0
19958,531,46,210,0
19958,531,4,220,0
19958,531,4,230,0
19960,238,15,1,0
19960,238,9,210,0
19960,238,5,220,0
19960,541,4,1,0
19960,541,3,220,0
19960,561,6,1,0
19960,561,4,210,0
19963,623,11,1,0
19963,623,4,220,0
19963,623,4,230,0
19963,624,29,1,0
19963,624,10,210,0
19963,624,6,220,0
19963,624,9,230,0
19963,624,3,241,0
19966,624,24,1,0
19966,624,14,210,0
19966,624,5,220,0
19966,713,6,1,0
19970,561,13,1,0
19970,561,9,210,0
19970,561,3,220,0
19970,621,12,1,0
19970,621,7,210,0
19970,621,4,220,0
19971,551,3,1,0
19973,524,6,1,0
19973,524,3,210,0
19973,531,24,1,0
19973,531,20,210,0
19973,531,3,220,0
19975,722,9,210,0
19975,722,4,220,0
19975,722,4,230,0
19975,722,5,241,0
19975,722,3,242,0
19975,811,11,1,0
19975,811,7,210,0
19975,811,4,220,0
19805,622,3,1,0
19805,623,10,1,0
19805,623,4,242,0
19805,623,3,251,0
19805,624,66,1,0
19805,624,32,210,0
19805,624,11,220,0
19805,624,14,230,0
19805,624,6,241,0
19805,624,3,242,0
19806,813,28,1,0
19806,813,16,210,0
19806,813,4,220,0
19806,813,4,241,0
19806,813,3,242,0
19808,423,5,230,0
19808,532,5,1,0
19808,533,7,1,0
19808,533,6,210,0
19808,541,366,1,0
19808,541,268,210,0
19808,541,35,220,0
19808,541,32,230,0
19808,541,20,241,0
19808,541,5,242,0
19808,541,3,251,0
19808,812,53,1,0
19808,812,29,210,0
19808,812,14,220,0
19808,812,6,230,0
19808,812,3,241,0
19810,238,31,1,0
19810,238,24,210,0
19810,238,5,220,0
19810,811,5,1,0
19810,811,4,210,0
19810,812,41,1,0
19810,812,22,210,0
19810,812,13,220,0
19810,812,4,230,0
19901,454,50,1,0
19901,454,39,210,0
19901,454,5,220,0
19901,454,3,230,0
19901,454,3,241,0
19901,484,21,1,0
19901,484,16,210,0
19901,621,93,1,0
19901,621,32,210,0
19904,448,8,1,0
19904,448,5,210,0
19904,452,7,1,0
19904,452,4,220,0
19904,453,12,1,0
19904,453,8,210,0
19904,454,12,1,0
19904,454,8,210,0
19904,713,16,1,0
19904,713,6,210,0
19904,713,4,230,0
19904,713,4,241,0
19904,721,3,1,0
19904,722,44,1,0
19904,722,17,210,0
19904,722,11,220,0
19904,722,7,230,0
19904,722,7,241,0
19934,339,3,1,0
19934,339,3,210,0
19934,423,9,1,0
19934,423,6,210,0
19934,424,11,1,0
19934,424,8,210,0
19934,441,5,1,0
19939,561,11,1,0
19939,561,5,210,0
19939,561,4,241,0
19939,611,3,1,0
19939,621,4,1,0
19939,624,6,1,0
19939,624,3,210,0
19945,541,11,1,0
19945,541,10,210,0
19945,561,18,1,0
19945,561,12,210,0
19945,561,3,220,0
19945,623,3,1,0
19950,115,3,1,0
19950,236,13,1,0
19950,236,9,210,0
19950,238,25,1,0
19950,238,16,210,0
19950,238,5,220,0
19956,446,3,1,0
19956,447,7,1,0
19956,447,3,241,0
19956,448,3,1,0
19956,452,3,1,0
19956,453,4,1,0
19956,453,3,210,0
19956,484,11,1,0
19956,484,9,210,0
19960,624,11,1,0
19960,624,8,210,0
19960,813,5,1,0
19960,813,5,210,0
19962,238,6,1,0
19962,238,4,210,0
19963,713,5,1,0
19963,713,3,230,0
19966,721,6,1,0
19966,722,54,1,0
19966,722,15,210,0
19966,722,10,220,0
19966,722,12,230,0
19966,722,14,241,0
19970,624,3,1,0
19970,713,5,1,0
19970,713,3,241,0
19970,722,14,1,0
19970,722,5,210,0
19970,722,5,230,0
19970,812,6,1,0
19970,812,4,220,0
19971,561,43,1,0
19971,561,30,210,0
19971,561,8,220,0
19971,561,3,230,0
19971,611,5,1,0
19973,532,4,1,0
19973,532,4,220,0
19973,541,36,1,0
19973,541,27,210,0
19973,541,5,220,0
19973,541,3,230,0
19975,812,12,1,0
19975,812,4,210,0
19975,812,5,220,0
19975,812,3,230,0
19975,813,9,1,0
19975,813,7,210,0
19805,711,6,1,0
19805,711,6,210,0
19807,236,4,1,0
19807,236,4,210,0
19807,238,7,1,0
19807,238,5,210,0
19808,424,25,1,0
19808,424,17,210,0
19808,424,3,220,0
19808,425,7,1,0
19808,425,5,210,0
19808,813,37,1,0
19808,813,27,210,0
19808,813,7,220,0
19810,423,14,1,0
19810,423,9,210,0
19810,423,3,220,0
19810,424,13,1,0
19810,424,9,210,0
19810,424,3,220,0
19810,425,6,1,0
19810,425,3,210,0
19810,813,16,1,0
19810,813,9,210,0
19810,813,3,220,0
19884,522,5,1,0
19901,485,13,1,0
19901,485,10,210,0
19901,488,9,1,0
19901,488,5,210,0
19901,621,19,220,0
19901,621,22,230,0
19901,621,13,241,0
19901,621,7,242,0
19904,484,13,1,0
19904,484,9,210,0
19904,485,7,1,0
19904,485,4,210,0
19904,811,15,1,0
19904,811,10,210,0
19934,444,3,1,0
19934,445,10,1,0
19934,445,5,210,0
19934,446,6,1,0
19934,446,3,210,0
19934,447,4,1,0
19934,448,4,1,0
19934,448,4,210,0
19934,452,3,1,0
19934,453,5,1,0
19939,722,3,1,0
19939,811,6,1,0
19939,812,4,1,0
19939,813,3,1,0
19940,236,8,1,0
19940,236,6,210,0
19945,624,8,1,0
19945,624,4,210,0
19945,624,3,220,0
19945,811,5,1,0
19945,811,5,210,0
19945,812,4,1,0
19945,813,6,1,0
19945,813,5,210,0
19950,332,3,1,0
19950,423,5,1,0
19950,423,3,230,0
19950,424,5,1,0
19950,424,3,210,0
19950,441,3,1,0
19950,441,3,210,0
19950,445,4,1,0
19950,445,3,210,0
19950,447,3,1,0
19956,485,5,1,0
19956,485,3,210,0
19956,522,5,1,0
19956,523,3,1,0
19956,523,3,210,0
19956,524,3,1,0
19956,531,9,1,0
19956,531,6,210,0
19956,531,3,220,0
19958,532,7,1,0
19958,532,6,210,0
19958,541,274,1,0
19958,541,211,210,0
19958,541,28,220,0
19958,541,16,230,0
19958,541,11,241,0
19958,541,7,242,0
19962,445,4,1,0
19962,445,4,210,0
19962,484,5,1,0
19962,484,5,210,0
19962,541,6,1,0
19962,541,6,210,0
19962,561,11,1,0
19962,561,8,210,0
19963,721,3,1,0
19963,722,49,1,0
19963,722,11,210,0
19963,722,9,220,0
19963,722,13,230,0
19963,722,12,241,0
19963,722,3,242,0
19966,811,13,1,0
19966,811,9,210,0
19966,811,3,230,0
19966,812,22,1,0
19966,812,13,210,0
19966,812,6,220,0
19966,812,3,230,0
19970,813,6,1,0
19970,813,3,210,0
19971,236,18,1,0
19971,236,8,210,0
19971,236,4,220,0
19971,236,5,230,0
19971,611,3,210,0
19971,621,40,1,0
19971,621,18,210,0
19971,621,9,220,0
19971,621,10,230,0
19973,551,3,1,0
19973,561,36,1,0
19973,561,19,210,0
19973,561,5,220,0
19973,561,6,230,0
19977,236,12,1,0
19977,236,9,210,0
19977,237,3,1,0
19977,238,38,1,0
19977,238,20,210,0
19977,238,8,220,0
19977,238,3,230,0
19977,238,6,241,0
19805,713,3,1,0
19805,722,68,1,0
19805,722,38,210,0
19805,722,5,220,0
19805,722,13,230,0
19805,722,10,241,0
19807,423,6,1,0
19807,423,5,210,0
19807,424,7,1,0
19807,424,6,210,0
19807,425,3,1,0
19807,442,7,1,0
19807,442,5,210,0
19807,445,5,1,0
19807,448,16,1,0
19807,448,7,210,0
19807,448,6,220,0
19807,448,3,230,0
19808,441,20,1,0
19808,441,6,210,0
19808,441,5,220,0
19808,441,4,230,0
19808,441,4,241,0
19808,442,10,1,0
19808,442,5,210,0
19808,442,3,220,0
19809,221,8,1,0
19809,221,3,210,0
19809,221,3,241,0
19809,236,12,1,0
19809,236,8,210,0
19810,444,8,1,0
19810,444,5,210,0
19810,444,3,230,0
19810,445,13,1,0
19810,445,6,210,0
19810,445,4,220,0
19810,446,8,1,0
19810,446,3,210,0
19810,446,3,241,0
19890,523,4,1,0
19890,523,4,210,0
19890,551,9,1,0
19890,551,9,210,0
19899,221,4,1,0
19901,492,3,1,0
19901,511,50,1,0
19901,511,38,210,0
19901,511,4,220,0
19901,511,7,230,0
19901,512,12,1,0
19901,512,9,210,0
19904,488,4,1,0
19904,511,12,1,0
19904,511,10,210,0
19904,512,3,1,0
19904,512,3,210,0
19904,517,4,1,0
19904,518,5,1,0
19904,518,4,210,0
19904,519,7,1,0
19904,519,3,210,0
19904,519,3,220,0
19904,812,35,1,0
19904,812,23,210,0
19904,812,5,220,0
19904,812,3,241,0
19934,453,3,210,0
19934,454,9,1,0
19934,454,4,210,0
19934,484,6,1,0
19934,484,5,210,0
19934,485,4,1,0
19934,488,3,1,0
19934,511,9,1,0
19934,511,5,210,0
19934,511,3,230,0
19940,238,14,1,0
19940,238,7,210,0
19940,238,4,220,0
19940,423,8,1,0
19940,423,5,210,0
19940,424,3,1,0
19940,441,7,1,0
19940,441,3,230,0
19946,236,4,1,0
19946,236,4,210,0
19946,238,7,1,0
19946,238,6,210,0
19946,561,5,1,0
19946,561,4,210,0
19946,624,3,1,0
19946,624,3,210,0
19946,722,3,1,0
19950,484,6,1,0
19950,484,4,210,0
19950,485,3,1,0
19950,541,4,1,0
19950,541,4,210,0
19950,561,8,1,0
19950,561,7,210,0
19950,624,7,1,0
19950,624,6,210,0
19956,541,11,1,0
19956,541,8,210,0
19956,561,11,1,0
19956,561,6,210,0
19956,561,3,220,0
19962,624,5,1,0
19962,624,3,210,0
19962,722,6,1,0
19963,236,22,1,0
19963,811,23,1,0
19963,811,11,210,0
19963,811,6,220,0
19963,811,5,230,0
19963,812,21,1,0
19963,812,15,210,0
19963,812,4,220,0
19966,813,17,1,0
19966,813,12,210,0
19966,813,3,241,0
19967,445,3,1,0
19967,453,3,1,0
19967,522,9,1,0
19967,522,3,210,0
19967,522,4,220,0
19971,238,16,1,0
19971,238,8,210,0
19971,238,5,220,0
19971,311,3,1,0
19971,423,4,1,0
19971,423,4,210,0
19971,424,3,1,0
19971,441,3,1,0
19971,442,21,1,0
19971,442,12,210,0
19971,624,7,1,0
19971,624,3,220,0
19971,711,4,1,0
19971,711,3,210,0
19971,713,19,1,0
19971,713,8,210,0
19971,713,3,230,0
19973,611,3,1,0
19973,611,3,210,0
19973,621,61,1,0
19973,621,19,210,0
19973,621,22,220,0
19973,621,15,230,0
19973,621,3,241,0
19977,423,3,1,0
19977,424,3,1,0
19977,441,17,1,0
19977,441,5,210,0
19977,441,3,220,0
19805,811,24,1,0
19805,811,16,210,0
19805,811,7,220,0
19807,453,4,1,0
19807,454,3,1,0
19807,454,3,210,0
19807,511,5,1,0
19807,511,4,210,0
19807,518,3,1,0
19807,518,3,210,0
19808,443,4,1,0
19808,443,3,220,0
19808,444,10,1,0
19808,444,4,210,0
19808,444,5,220,0
19808,445,22,1,0
19808,445,9,210,0
19808,445,5,230,0
19808,445,3,241,0
19809,238,30,1,0
19809,238,19,210,0
19809,238,3,220,0
19809,238,5,230,0
19809,238,3,241,0
19809,423,16,1,0
19810,447,3,1,0
19810,448,7,1,0
19810,448,4,210,0
19810,451,5,1,0
19810,451,3,210,0
19810,453,9,1,0
19810,453,5,210,0
19810,454,10,1,0
19810,454,8,210,0
19810,484,9,1,0
19899,423,5,1,0
19899,423,4,210,0
19899,522,3,1,0
19899,523,8,1,0
19899,523,8,210,0
19899,533,4,1,0
19899,533,4,210,0
19901,517,28,1,0
19901,517,16,210,0
19901,517,6,220,0
19901,517,3,230,0
19901,518,20,1,0
19901,518,18,210,0
19901,622,3,1,0
19901,623,10,1,0
19901,624,49,1,0
19901,624,30,210,0
19901,624,6,220,0
19901,624,6,230,0
19901,624,6,241,0
19904,522,16,1,0
19904,522,9,210,0
19904,522,5,220,0
19904,523,14,1,0
19904,523,10,210,0
19904,523,4,220,0
19904,813,34,1,0
19904,813,23,210,0
19904,813,7,220,0
19904,813,3,230,0
19934,512,5,1,0
19934,517,3,1,0
19934,517,3,210,0
19934,518,3,1,0
19934,518,3,210,0
19934,519,4,1,0
19934,519,3,210,0
19940,442,4,1,0
19940,444,3,1,0
19940,445,4,1,0
19940,452,3,1,0
19940,453,7,1,0
19940,453,3,210,0
19940,453,4,220,0
19940,484,5,1,0
19940,484,4,210,0
19947,236,14,1,0
19947,236,13,210,0
19947,237,3,1,0
19947,238,39,1,0
19947,238,23,210,0
19947,238,5,220,0
19947,238,5,230,0
19950,722,5,1,0
19950,722,3,210,0
19950,811,4,1,0
19950,811,4,210,0
19950,813,7,1,0
19950,813,5,210,0
19951,236,3,1,0
19956,621,12,1,0
19956,621,6,220,0
19956,621,5,230,0
19956,624,10,1,0
19956,624,6,210,0
19956,722,14,1,0
19956,722,4,210,0
19956,722,3,230,0
19956,722,5,241,0
19963,236,17,210,0
19963,236,3,220,0
19963,237,3,1,0
19963,238,41,1,0
19963,238,25,210,0
19963,238,10,220,0
19963,238,5,230,0
19963,813,25,1,0
19963,813,17,210,0
19963,813,7,220,0
19967,531,4,1,0
19967,531,4,210,0
19967,541,4,1,0
19967,561,3,1,0
19967,621,12,1,0
19967,621,6,210,0
19967,621,4,220,0
19967,722,10,1,0
19967,722,5,210,0
19971,442,5,220,0
19971,443,7,1,0
19971,443,5,210,0
19971,444,10,1,0
19971,444,4,210,0
19971,444,3,220,0
19971,444,3,230,0
19971,713,3,241,0
19971,713,3,242,0
19971,721,34,1,0
19971,721,18,210,0
19971,721,3,220,0
19971,721,5,230,0
19971,721,6,241,0
19977,441,3,230,0
19977,441,5,241,0
19977,444,6,1,0
19977,444,4,210,0
19977,445,13,1,0
19977,445,8,210,0
19805,812,44,1,0
19805,812,30,210,0
19805,812,8,220,0
19805,812,4,230,0
19807,522,20,1,0
19807,522,10,210,0
19807,522,9,220,0
19807,523,63,1,0
19807,523,50,210,0
19808,446,20,1,0
19808,446,7,210,0
19808,446,6,220,0
19808,446,3,230,0
19808,446,3,241,0
19808,447,8,1,0
19808,447,4,220,0
19809,423,13,210,0
19809,424,4,1,0
19809,424,3,210,0
19809,445,12,1,0
19809,445,10,210,0
19809,447,3,1,0
19809,454,3,1,0
19809,454,3,210,0
19810,484,6,210,0
19810,487,5,1,0
19810,487,4,210,0
19810,511,4,1,0
19810,511,3,210,0
19810,517,3,1,0
19810,517,3,210,0
19899,541,14,1,0
19899,541,8,210,0
19899,541,3,241,0
19899,551,26,1,0
19899,551,25,210,0
19899,561,4,1,0
19899,561,3,210,0
19901,519,16,1,0
19901,519,12,210,0
19901,522,50,1,0
19901,522,33,210,0
19901,522,7,220,0
19901,522,10,230,0
19901,711,42,1,0
19901,711,27,210,0
19901,711,9,220,0
19901,711,3,230,0
19904,524,13,1,0
19904,524,9,210,0
19904,531,38,1,0
19904,531,31,210,0
19904,531,5,220,0
19930,236,6,1,0
19930,236,4,210,0
19930,442,4,1,0
19930,445,9,1,0
19930,445,7,210,0
19930,446,3,1,0
19930,448,15,1,0
19930,448,10,210,0
19930,448,4,220,0
19934,522,11,1,0
19934,522,6,210,0
19934,522,4,220,0
19934,523,4,1,0
19934,523,4,210,0
19934,524,7,1,0
19934,524,4,210,0
19934,531,12,1,0
19934,531,10,210,0
19940,522,7,1,0
19940,522,5,210,0
19940,531,6,1,0
19940,531,5,210,0
19940,541,11,1,0
19940,541,7,210,0
19940,541,3,220,0
19947,238,3,241,0
19951,238,13,1,0
19951,238,4,210,0
19951,238,4,220,0
19951,238,3,230,0
19951,484,3,1,0
19951,541,3,1,0
19951,541,3,210,0
19951,561,9,1,0
19951,561,3,241,0
19951,722,3,1,0
19956,811,9,1,0
19956,811,5,210,0
19956,811,3,220,0
19956,812,6,1,0
19956,812,4,210,0
19956,813,18,1,0
19956,813,10,210,0
19956,813,5,220,0
19958,551,3,1,0
19963,423,18,1,0
19963,423,11,210,0
19963,423,5,230,0
19964,238,7,1,0
19964,238,4,210,0
19966,221,6,1,0
19966,221,3,210,0
19966,236,23,1,0
19966,236,15,210,0
19966,236,6,220,0
19967,811,3,1,0
19967,812,3,1,0
19967,813,3,1,0
19967,813,3,210,0
19968,236,14,1,0
19968,236,12,210,0
19971,445,30,1,0
19971,445,12,210,0
19971,445,5,220,0
19971,445,6,230,0
19971,445,3,242,0
19971,722,194,1,0
19971,722,54,210,0
19971,722,26,220,0
19971,722,51,230,0
19971,722,43,241,0
19971,722,17,242,0
19971,722,3,251,0
19973,623,11,1,0
19973,624,16,1,0
19973,624,10,210,0
19973,624,3,230,0
19973,713,5,1,0
19973,713,3,210,0
19977,446,5,1,0
19977,447,6,1,0
19977,448,5,1,0
19977,448,4,210,0
19977,452,5,1,0
19977,452,3,230,0
19977,453,5,1,0
19977,453,4,220,0
19977,454,3,1,0
19977,484,8,1,0
19977,484,6,210,0
19701,485,6,1,0
19701,485,3,210,0
19701,488,7,1,0
19701,488,6,210,0
19701,492,3,1,0
19701,492,3,210,0
19701,493,8,1,0
19701,493,6,210,0
19701,517,6,1,0
19701,517,3,210,0
19702,333,3,210,0
19702,334,3,1,0
19702,339,3,1,0
19702,423,20,1,0
19702,423,12,210,0
19702,423,3,220,0
19702,424,15,1,0
19702,424,9,210,0
19702,561,53,1,0
19702,561,35,210,0
19702,561,7,220,0
19702,561,4,230,0
19702,561,4,241,0
19703,561,25,1,0
19703,561,17,210,0
19703,561,4,220,0
19707,811,7,1,0
19707,811,4,210,0
19707,812,22,1,0
19707,812,14,210,0
19707,812,5,220,0
19711,441,15,1,0
19711,441,4,241,0
19711,441,4,251,0
19711,442,6,1,0
19711,442,6,210,0
19711,443,5,1,0
19711,443,4,210,0
19711,623,22,1,0
19711,623,4,210,0
19711,623,11,220,0
19711,623,5,230,0
19713,485,5,1,0
19713,485,3,241,0
19713,488,5,1,0
19713,488,4,210,0
19713,511,6,1,0
19713,511,5,210,0
19713,517,9,1,0
19713,517,5,210,0
19713,813,32,1,0
19713,813,21,210,0
19713,813,5,220,0
19713,813,3,230,0
19720,454,25,1,0
19720,454,14,210,0
19720,454,3,230,0
19720,454,4,241,0
19720,481,6,1,0
19720,485,8,1,0
19720,485,3,210,0
19720,485,3,241,0
19720,488,35,1,0
19720,488,12,210,0
19720,488,7,220,0
19720,488,7,230,0
19720,488,7,241,0
19720,492,12,1,0
19720,492,3,210,0
19720,492,3,242,0
19720,493,23,1,0
19720,493,10,210,0
19720,493,3,220,0
19720,493,5,230,0
19720,523,15,1,0
19720,523,13,210,0
19720,524,10,1,0
19720,524,4,210,0
19720,621,47,1,0
19720,621,19,210,0
19720,621,8,220,0
19720,621,8,230,0
19720,621,5,241,0
19720,621,4,242,0
19720,812,36,1,0
19720,812,20,210,0
19720,812,9,220,0
19720,812,4,230,0
19734,624,4,1,0
19734,722,4,1,0
19734,722,3,210,0
19734,811,7,1,0
19734,811,4,210,0
19734,813,9,1,0
19734,813,8,210,0
19801,441,11,1,0
19801,441,5,210,0
19801,441,3,241,0
19801,444,6,1,0
19801,444,4,210,0
19801,445,34,1,0
19801,445,28,210,0
19801,445,3,220,0
19701,522,21,1,0
19701,522,10,210,0
19701,522,5,220,0
19701,522,3,230,0
19701,522,3,241,0
19701,523,3,1,0
19701,523,3,210,0
19701,524,10,1,0
19702,425,4,1,0
19702,425,3,210,0
19702,441,8,1,0
19702,441,3,220,0
19702,441,3,230,0
19702,442,17,1,0
19702,442,8,210,0
19702,442,3,220,0
19702,442,4,241,0
19702,611,18,1,0
19702,611,8,210,0
19702,611,4,230,0
19702,621,97,1,0
19702,621,44,210,0
19702,621,19,220,0
19702,621,18,230,0
19702,621,12,241,0
19703,611,5,1,0
19703,611,3,210,0
19703,621,15,1,0
19703,621,7,210,0
19703,621,3,220,0
19703,621,3,241,0
19707,813,21,1,0
19707,813,14,210,0
19707,813,4,220,0
19709,551,3,1,0
19711,444,10,1,0
19711,444,3,210,0
19711,445,32,1,0
19711,445,18,210,0
19711,445,6,220,0
19711,445,5,242,0
19711,624,33,1,0
19711,624,17,210,0
19711,624,11,230,0
19711,624,4,241,0
19713,522,43,1,0
19713,522,21,210,0
19713,522,8,220,0
19713,522,3,230,0
19713,522,3,242,0
19713,522,4,254,0
19714,221,6,1,0
19716,722,4,1,0
19717,722,3,1,0
19720,481,5,210,0
19720,484,48,1,0
19720,484,30,210,0
19720,484,3,220,0
19720,484,4,230,0
19720,484,7,241,0
19720,484,3,242,0
19720,511,5,1,0
19720,511,3,210,0
19720,517,21,1,0
19720,517,9,210,0
19720,517,6,220,0
19720,517,4,230,0
19720,518,4,1,0
19720,518,3,210,0
19720,531,52,1,0
19720,531,40,210,0
19720,531,6,220,0
19720,531,3,230,0
19720,531,3,241,0
19720,551,17,1,0
19720,551,7,210,0
19720,551,4,220,0
19720,551,3,241,0
19720,623,10,1,0
19720,623,4,220,0
19720,624,82,1,0
19720,624,64,210,0
19720,624,6,220,0
19720,624,6,230,0
19720,624,3,241,0
19720,813,48,1,0
19720,813,29,210,0
19720,813,12,220,0
19720,813,4,241,0
19736,561,3,1,0
19801,213,4,1,0
19801,221,15,1,0
19801,221,13,210,0
19801,446,12,1,0
19801,446,6,210,0
19801,446,3,220,0
19801,447,4,1,0
19801,448,13,1,0
19801,448,6,210,0
19801,448,5,220,0
19701,524,7,210,0
19701,524,3,220,0
19701,531,31,1,0
19701,531,25,210,0
19701,531,3,220,0
19702,443,7,1,0
19702,443,3,210,0
19702,444,8,1,0
19702,444,3,220,0
19702,444,3,230,0
19702,445,21,1,0
19702,445,13,210,0
19702,445,3,220,0
19702,445,3,251,0
19703,623,3,1,0
19703,624,17,1,0
19703,624,11,210,0
19703,624,4,230,0
19703,721,3,1,0
19703,721,3,210,0
19709,236,27,1,0
19709,236,20,210,0
19709,236,3,230,0
19709,237,3,1,0
19709,238,70,1,0
19709,238,39,210,0
19709,238,16,220,0
19709,238,11,230,0
19709,238,4,241,0
19709,561,58,1,0
19709,561,35,210,0
19709,561,11,220,0
19709,561,10,230,0
19711,446,12,1,0
19711,446,3,220,0
19711,446,3,230,0
19711,446,5,241,0
19711,447,6,1,0
19711,447,3,210,0
19711,448,7,1,0
19711,448,5,210,0
19711,451,11,1,0
19711,451,6,210,0
19711,453,22,1,0
19711,453,13,210,0
19711,711,7,1,0
19711,711,7,210,0
19711,713,15,1,0
19711,713,6,210,0
19711,713,5,230,0
19713,523,16,1,0
19713,523,9,210,0
19713,523,3,230,0
19713,523,3,241,0
19713,524,28,1,0
19713,524,16,210,0
19713,524,6,230,0
19713,524,4,241,0
19718,561,3,1,0
19720,221,3,1,0
19720,236,35,1,0
19720,236,28,210,0
19720,236,3,220,0
19720,236,4,230,0
19720,522,36,1,0
19720,522,18,210,0
19720,522,10,220,0
19720,522,4,230,0
19720,532,19,1,0
19720,532,5,210,0
19720,532,3,220,0
19720,532,5,230,0
19720,532,6,241,0
19720,561,104,1,0
19720,561,57,210,0
19720,561,13,220,0
19720,561,13,230,0
19720,561,13,241,0
19720,561,4,251,0
19720,711,4,1,0
19720,711,4,210,0
19720,713,9,1,0
19720,713,3,210,0
19720,713,3,230,0
19730,813,5,1,0
19730,813,3,210,0
19801,236,13,1,0
19801,236,10,210,0
19801,237,9,1,0
19801,237,4,210,0
19801,238,28,1,0
19801,238,11,210,0
19801,238,8,220,0
19801,238,5,230,0
19803,813,28,1,0
19803,813,13,210,0
19803,813,5,220,0
19803,813,3,230,0
19803,813,4,241,0
19803,813,3,242,0
19701,532,6,1,0
19701,532,4,210,0
19701,541,72,1,0
19701,541,57,210,0
19701,541,5,220,0
19701,541,6,241,0
19702,446,28,1,0
19702,446,11,210,0
19702,446,8,220,0
19702,446,6,241,0
19702,623,21,1,0
19702,623,8,210,0
19702,623,8,220,0
19702,623,3,230,0
19703,722,28,1,0
19703,722,12,210,0
19703,722,6,220,0
19703,722,6,241,0
19703,811,8,1,0
19703,811,6,220,0
19709,611,23,1,0
19709,611,14,210,0
19709,611,5,230,0
19711,453,3,220,0
19711,453,4,230,0
19711,454,21,1,0
19711,454,18,210,0
19711,484,11,1,0
19711,484,4,210,0
19711,484,3,220,0
19711,722,138,1,0
19711,722,44,210,0
19711,722,23,220,0
19711,722,21,230,0
19711,722,35,241,0
19711,722,14,242,0
19713,531,33,1,0
19713,531,21,210,0
19713,531,9,220,0
19720,237,7,1,0
19720,238,122,1,0
19720,238,56,210,0
19720,238,23,220,0
19720,238,9,230,0
19720,238,25,241,0
19720,238,5,242,0
19720,238,4,251,0
19720,541,102,1,0
19720,541,56,210,0
19720,541,17,220,0
19720,541,9,230,0
19720,541,14,241,0
19720,541,5,251,0
19720,562,16,1,0
19720,713,3,241,0
19720,721,14,1,0
19720,721,5,210,0
19720,721,3,220,0
19720,721,5,230,0
19720,722,103,1,0
19732,541,4,1,0
19733,722,3,1,0
19734,236,15,1,0
19734,236,14,210,0
19734,237,3,1,0
19734,238,32,1,0
19734,238,22,210,0
19734,238,4,220,0
19801,311,12,1,0
19801,311,8,210,0
19801,325,8,1,0
19801,325,3,230,0
19801,327,3,1,0
19801,332,9,1,0
19804,323,8,1,0
19804,323,4,210,0
19804,323,3,220,0
19804,441,13,1,0
19804,441,3,210,0
19804,441,6,220,0
19804,441,4,230,0
19804,444,6,1,0
19804,444,3,220,0
19804,445,14,1,0
19804,445,9,210,0
19804,445,4,220,0
19804,454,11,1,0
19804,454,9,210,0
19804,488,8,1,0
19804,488,4,210,0
19804,492,6,1,0
19804,492,4,242,0
19804,493,4,1,0
19702,447,8,1,0
19702,448,94,1,0
19702,448,12,210,0
19702,448,26,220,0
19702,448,31,230,0
19702,448,19,241,0
19702,448,4,242,0
19702,624,50,1,0
19702,624,25,210,0
19702,624,4,220,0
19702,624,11,230,0
19702,624,6,241,0
19702,624,4,242,0
19703,812,9,1,0
19703,812,7,210,0
19703,813,9,1,0
19703,813,6,210,0
19706,238,3,1,0
19709,326,3,1,0
19709,326,3,251,0
19709,332,3,1,0
19709,423,33,1,0
19709,423,16,210,0
19709,423,7,220,0
19709,423,3,230,0
19709,423,4,241,0
19709,621,90,1,0
19709,621,43,210,0
19709,621,19,220,0
19709,621,16,230,0
19709,621,10,241,0
19711,488,4,1,0
19711,488,4,210,0
19711,492,15,1,0
19711,492,9,210,0
19711,493,3,1,0
19711,517,8,1,0
19711,517,6,210,0
19711,811,24,1,0
19711,811,12,210,0
19711,811,8,220,0
19711,811,3,230,0
19713,532,7,1,0
19713,532,4,210,0
19713,541,124,1,0
19713,541,70,210,0
19713,541,19,220,0
19713,541,8,230,0
19713,541,14,241,0
19713,541,8,242,0
19713,541,4,251,0
19720,562,4,210,0
19720,562,5,241,0
19720,611,18,1,0
19720,611,6,210,0
19720,611,5,220,0
19720,611,3,230,0
19720,722,44,210,0
19720,722,19,220,0
19720,722,15,230,0
19720,722,21,241,0
19720,722,3,242,0
19734,238,4,241,0
19734,423,3,1,0
19734,423,3,210,0
19801,333,6,1,0
19801,333,4,210,0
19801,334,10,1,0
19801,334,6,210,0
19801,339,4,1,0
19801,339,3,210,0
19801,423,62,1,0
19801,423,49,210,0
19801,423,7,220,0
19804,532,4,1,0
19804,541,58,1,0
19804,541,37,210,0
19804,541,10,220,0
19804,541,8,230,0
19804,562,4,1,0
19804,611,3,1,0
19804,711,3,1,0
19804,713,8,1,0
19804,713,4,210,0
19804,722,28,1,0
19804,722,13,210,0
19804,722,3,220,0
19804,722,6,230,0
19804,722,5,241,0
19804,812,13,1,0
19804,812,9,210,0
19804,812,3,220,0
19804,813,28,1,0
19804,813,21,210,0
19804,813,5,220,0
19701,561,45,1,0
19701,561,29,210,0
19701,561,7,220,0
19701,561,6,230,0
19702,451,12,1,0
19702,451,3,242,0
19702,713,13,1,0
19702,713,5,210,0
19702,721,5,1,0
19706,722,4,1,0
19706,722,3,210,0
19707,236,22,1,0
19707,236,20,210,0
19707,238,36,1,0
19707,238,25,210,0
19707,238,6,220,0
19707,238,3,241,0
19709,424,7,1,0
19709,424,7,210,0
19709,425,6,1,0
19709,425,6,210,0
19709,441,9,1,0
19709,441,3,210,0
19711,518,3,1,0
19711,522,41,1,0
19711,522,12,210,0
19711,522,11,220,0
19711,522,6,230,0
19711,522,3,241,0
19711,522,3,254,0
19711,812,49,1,0
19711,812,29,210,0
19711,812,8,220,0
19711,812,8,230,0
19711,812,3,241,0
19720,811,53,1,0
19720,811,34,210,0
19720,811,4,220,0
19720,811,8,230,0
19720,811,5,241,0
19734,445,4,1,0
19734,531,4,1,0
19734,531,4,210,0
19734,541,18,1,0
19734,541,14,210,0
19734,541,3,230,0
19801,423,3,241,0
19805,236,18,1,0
19805,236,13,210,0
19805,238,54,1,0
19805,238,34,210,0
19805,238,10,220,0
19805,238,6,230,0
19805,446,12,1,0
19805,446,6,210,0
19805,446,4,230,0
19805,447,5,1,0
19805,447,3,210,0
19805,448,3,1,0
19805,448,3,210,0
19805,452,8,1,0
19805,452,3,220,0
19805,452,4,230,0
19805,314,3,1,0
19805,323,4,1,0
19805,323,3,210,0
19805,423,18,1,0
19805,423,9,210,0
19805,423,6,220,0
19805,424,8,1,0
19805,424,5,210,0
19805,441,7,1,0
19805,441,3,210,0
19805,442,5,1,0
19805,443,3,1,0
19805,444,7,1,0
19805,444,3,210,0
19805,445,44,1,0
19805,445,34,210,0
19805,445,6,220,0
19701,611,18,1,0
19701,611,7,210,0
19701,611,3,220,0
19701,611,6,230,0
19701,621,34,1,0
19701,621,10,210,0
19702,452,8,1,0
19702,452,4,251,0
19702,453,23,1,0
19702,453,10,210,0
19702,453,6,220,0
19702,453,5,230,0
19702,454,26,1,0
19702,721,3,230,0
19702,722,96,1,0
19702,722,25,210,0
19702,722,15,220,0
19702,722,18,230,0
19702,722,26,241,0
19702,722,8,242,0
19702,722,4,251,0
19707,423,3,1,0
19707,423,3,210,0
19707,424,6,1,0
19709,441,4,230,0
19709,442,9,1,0
19709,442,6,210,0
19709,444,12,1,0
19709,444,3,210,0
19709,444,4,220,0
19709,444,3,230,0
19709,445,18,1,0
19709,445,6,210,0
19709,445,4,220,0
19709,623,5,1,0
19709,624,37,1,0
19709,624,19,210,0
19709,624,3,230,0
19709,624,10,241,0
19709,624,3,242,0
19711,523,26,1,0
19711,523,22,210,0
19711,524,19,1,0
19711,524,13,210,0
19711,813,46,1,0
19711,813,21,210,0
19711,813,15,220,0
19711,813,7,230,0
19711,813,3,241,0
19720,311,3,1,0
19720,323,4,1,0
19720,325,6,1,0
19720,326,4,1,0
19720,332,9,1,0
19720,332,4,230,0
19720,332,4,241,0
19720,333,3,1,0
19720,334,3,1,0
19734,561,19,1,0
19734,561,12,210,0
19734,561,4,220,0
19734,561,3,230,0
19734,562,6,1,0
19734,562,4,210,0
19734,611,4,1,0
19734,621,7,1,0
19734,621,6,210,0
19801,424,37,1,0
19801,424,22,210,0
19801,424,5,220,0
19801,424,5,230,0
19801,424,4,241,0
19803,454,10,1,0
19803,454,7,210,0
19803,484,4,1,0
19803,484,4,210,0
19803,511,5,1,0
19803,512,5,1,0
19803,512,4,210,0
19803,517,13,1,0
19803,517,7,210,0
19803,517,3,220,0
19803,517,3,230,0
19803,518,5,1,0
19803,518,3,210,0
19803,522,33,1,0
19803,522,18,210,0
19803,522,5,220,0
19803,522,5,230,0
19803,523,50,1,0
19803,523,45,210,0
19803,524,28,1,0
19803,524,21,210,0
19803,525,6,1,0
19803,525,6,210,0
19803,531,50,1,0
19803,531,44,210,0
19803,533,16,1,0
19803,533,16,210,0
19803,541,143,1,0
19803,541,107,210,0
19803,541,16,220,0
19803,541,8,230,0
19803,541,9,241,0
19701,621,9,220,0
19701,621,10,230,0
19701,621,4,241,0
19701,623,16,1,0
19701,623,10,220,0
19701,623,3,230,0
19702,454,19,210,0
19702,454,5,230,0
19702,484,23,1,0
19702,484,18,210,0
19702,811,27,1,0
19702,811,17,210,0
19702,811,6,220,0
19702,811,4,230,0
19707,424,5,210,0
19707,444,4,1,0
19707,445,10,1,0
19707,445,3,220,0
19707,446,3,1,0
19707,447,4,1,0
19707,447,3,220,0
19707,453,6,1,0
19707,453,3,230,0
19707,454,4,1,0
19707,454,3,210,0
19709,445,4,241,0
19709,445,3,242,0
19709,446,14,1,0
19709,446,8,210,0
19709,446,5,241,0
19709,711,8,1,0
19709,711,5,210,0
19709,713,26,1,0
19709,713,15,210,0
19709,713,3,220,0
19709,713,5,230,0
19709,713,3,241,0
19711,524,3,220,0
19711,524,3,230,0
19711,531,50,1,0
19711,531,42,210,0
19711,531,5,220,0
19711,531,3,241,0
19713,221,4,1,0
19713,221,3,210,0
19713,236,28,1,0
19713,236,22,210,0
19713,236,3,230,0
19713,551,12,1,0
19713,551,6,210,0
19713,561,52,1,0
19713,561,25,210,0
19713,561,11,220,0
19713,561,6,230,0
19713,561,3,241,0
19713,561,4,242,0
19720,335,3,1,0
19720,336,4,1,0
19720,339,5,1,0
19720,423,99,1,0
19720,423,33,210,0
19720,423,22,220,0
19720,423,23,230,0
19720,423,11,241,0
19720,423,6,242,0
19720,423,3,251,0
19801,425,18,1,0
19801,425,13,210,0
19801,425,3,220,0
19803,551,99,1,0
19803,551,88,210,0
19803,551,6,220,0
19803,551,3,230,0
19803,561,69,1,0
19803,561,33,210,0
19803,561,18,220,0
19803,561,4,230,0
19803,561,5,241,0
19803,561,3,242,0
19803,561,5,251,0
19801,451,6,1,0
19801,451,5,210,0
19801,453,13,1,0
19801,453,7,210,0
19801,453,5,220,0
19801,454,36,1,0
19801,454,29,210,0
19801,454,3,220,0
19801,492,5,1,0
19801,492,3,210,0
19801,493,8,1,0
19801,493,3,230,0
19801,511,59,1,0
19801,511,33,210,0
19801,511,11,220,0
19801,511,7,230,0
19801,511,3,241,0
19801,515,3,1,0
19801,517,21,1,0
19801,517,13,210,0
19801,517,3,230,0
19801,518,32,1,0
19801,518,21,210,0
19801,518,5,220,0
19801,518,4,230,0
19701,236,30,1,0
19701,236,22,210,0
19701,236,3,220,0
19701,236,3,241,0
19701,624,37,1,0
19701,624,18,210,0
19701,624,6,220,0
19701,624,9,230,0
19701,624,4,241,0
19702,488,11,1,0
19702,488,5,210,0
19702,488,3,241,0
19702,492,4,1,0
19702,492,3,210,0
19702,493,7,1,0
19702,493,3,210,0
19702,812,24,1,0
19702,812,12,210,0
19702,812,7,220,0
19702,812,4,241,0
19707,522,13,1,0
19707,522,7,210,0
19707,522,6,220,0
19707,523,10,1,0
19707,523,8,210,0
19709,447,10,1,0
19709,447,5,220,0
19709,448,8,1,0
19709,448,4,210,0
19709,451,9,1,0
19709,451,6,210,0
19709,452,6,1,0
19709,453,11,1,0
19709,453,5,210,0
19709,453,4,220,0
19709,721,5,1,0
19709,722,104,1,0
19709,722,24,210,0
19709,722,16,220,0
19709,722,28,230,0
19709,722,28,241,0
19709,722,7,242,0
19711,532,16,1,0
19711,532,9,210,0
19711,532,4,220,0
19713,238,60,1,0
19713,238,32,210,0
19713,238,4,220,0
19713,238,9,230,0
19713,238,5,241,0
19713,238,8,242,0
19713,562,5,1,0
19713,611,9,1,0
19713,611,4,210,0
19713,611,3,220,0
19801,484,17,1,0
19801,484,14,210,0
19801,485,3,1,0
19801,485,3,210,0
19801,488,22,1,0
19801,488,11,210,0
19801,488,5,220,0
19801,488,3,230,0
19801,511,4,242,0
19801,512,9,1,0
19801,512,7,210,0
19801,519,23,1,0
19801,519,17,210,0
19801,522,82,1,0
19801,522,43,210,0
19801,522,12,220,0
19801,522,9,230,0
19801,522,6,241,0
19801,522,3,242,0
19801,522,4,251,0
19801,522,3,252,0
19801,523,160,1,0
19801,523,136,210,0
19801,523,12,220,0
19801,523,8,230,0
19801,525,18,1,0
19801,525,18,210,0
19801,531,99,1,0
19801,531,79,210,0
19801,531,12,220,0
19801,531,4,230,0
19801,531,3,241,0
19801,532,9,1,0
19801,532,5,210,0
19801,532,3,220,0
19801,533,15,1,0
19801,533,14,210,0
19801,541,670,1,0
19801,541,462,210,0
19801,541,87,220,0
19801,541,52,230,0
19801,541,41,241,0
19801,541,15,242,0
19801,541,12,251,0
19701,237,4,1,0
19701,237,3,210,0
19701,238,74,1,0
19701,238,48,210,0
19701,238,11,220,0
19701,238,11,230,0
19701,238,4,241,0
19701,711,3,1,0
19701,711,3,210,0
19701,713,12,1,0
19701,713,5,210,0
19701,713,4,230,0
19701,722,74,1,0
19701,722,20,210,0
19701,722,16,220,0
19701,722,14,230,0
19701,722,17,241,0
19701,722,5,242,0
19702,511,7,1,0
19702,511,6,210,0
19702,512,5,1,0
19702,512,3,210,0
19702,517,14,1,0
19702,517,9,210,0
19702,517,4,230,0
19702,518,10,1,0
19702,518,7,210,0
19702,813,34,1,0
19702,813,21,210,0
19702,813,6,220,0
19702,813,5,230,0
19707,524,7,1,0
19707,524,5,210,0
19707,531,22,1,0
19707,531,16,210,0
19707,531,3,220,0
19709,454,31,1,0
19709,454,24,210,0
19709,454,4,220,0
19709,484,20,1,0
19709,484,14,210,0
19709,484,4,230,0
19709,811,25,1,0
19709,811,11,210,0
19709,811,9,220,0
19709,811,4,230,0
19711,541,165,1,0
19711,541,113,210,0
19711,541,17,220,0
19711,541,14,230,0
19711,541,11,241,0
19711,541,6,242,0
19711,541,3,251,0
19713,621,157,1,0
19713,621,51,210,0
19713,621,25,220,0
19713,621,36,230,0
19713,621,29,241,0
19713,621,12,242,0
19713,621,4,251,0
19720,424,33,1,0
19720,424,13,210,0
19720,424,6,220,0
19801,524,47,1,0
19801,524,26,210,0
19801,524,6,220,0
19801,524,4,241,0
19801,524,5,242,0
19801,524,3,251,0
19801,551,144,1,0
19801,551,129,210,0
19801,551,4,220,0
19801,551,4,230,0
19801,551,3,241,0
19701,811,19,1,0
19701,811,9,210,0
19701,811,6,220,0
19701,811,3,230,0
19702,519,3,1,0
19702,522,14,1,0
19702,522,10,210,0
19702,523,5,1,0
19702,523,5,210,0
19702,524,11,1,0
19703,236,10,1,0
19703,236,9,210,0
19703,238,22,1,0
19703,238,15,210,0
19703,238,3,220,0
19703,238,3,230,0
19707,541,73,1,0
19707,541,56,210,0
19707,541,9,220,0
19707,541,4,230,0
19707,541,4,241,0
19709,488,7,1,0
19709,488,5,210,0
19709,492,7,1,0
19709,492,5,210,0
19709,511,10,1,0
19709,812,49,1,0
19709,812,17,210,0
19709,812,19,220,0
19709,812,10,230,0
19709,812,3,241,0
19713,323,3,1,0
19713,325,4,1,0
19713,326,3,1,0
19713,332,12,1,0
19713,332,4,230,0
19713,332,4,241,0
19713,334,5,1,0
19713,336,3,1,0
19713,423,50,1,0
19713,423,31,210,0
19713,423,7,220,0
19713,423,4,230,0
19720,424,4,241,0
19720,424,4,242,0
19720,424,3,251,0
19720,441,35,1,0
19720,441,8,210,0
19720,441,12,220,0
19720,441,7,230,0
19720,441,6,242,0
19801,561,128,1,0
19801,561,73,210,0
19801,561,16,220,0
19801,561,17,230,0
19801,561,8,241,0
19801,561,9,242,0
19801,561,3,251,0
19801,562,7,1,0
19801,562,4,210,0
19801,611,47,1,0
19801,611,25,210,0
19801,611,11,220,0
19801,611,4,230,0
19801,611,5,241,0
19801,621,54,1,0
19801,621,28,210,0
19801,621,10,220,0
19801,621,5,230,0
19801,621,9,241,0
19801,712,5,1,0
19801,713,11,1,0
19801,713,5,210,0
19801,713,4,220,0
19801,721,14,1,0
19801,721,4,230,0
19801,721,7,241,0
19701,423,17,1,0
19701,423,11,210,0
19701,423,4,220,0
19701,424,10,1,0
19701,424,6,210,0
19701,812,22,1,0
19701,812,8,210,0
19701,812,12,220,0
19701,813,19,1,0
19701,813,13,210,0
19701,813,3,220,0
19702,524,7,210,0
19702,524,3,220,0
19702,531,37,1,0
19702,531,27,210,0
19702,531,7,220,0
19702,531,3,230,0
19703,423,10,1,0
19703,423,5,210,0
19703,423,3,220,0
19703,424,3,1,0
19703,425,5,1,0
19703,425,5,210,0
19703,441,4,1,0
19703,441,3,230,0
19703,444,4,1,0
19709,511,9,210,0
19709,512,4,1,0
19709,512,3,210,0
19709,517,16,1,0
19709,517,10,210,0
19709,517,3,220,0
19709,518,6,1,0
19709,518,5,210,0
19709,519,6,1,0
19709,519,4,210,0
19709,813,31,1,0
19709,813,20,210,0
19709,813,5,220,0
19709,813,4,230,0
19711,551,13,1,0
19713,423,7,241,0
19720,442,10,1,0
19720,442,4,210,0
19720,442,3,230,0
19801,623,6,1,0
19801,624,89,1,0
19801,624,41,210,0
19801,624,17,220,0
19801,624,16,230,0
19801,624,12,241,0
19801,711,34,1,0
19801,711,17,210,0
19801,711,4,220,0
19801,711,4,241,0
19801,711,5,242,0
19801,722,96,1,0
19801,722,41,210,0
19801,722,21,220,0
19801,722,14,230,0
19801,722,15,241,0
19801,722,5,242,0
19801,811,16,1,0
19801,811,12,210,0
19801,812,31,1,0
19801,812,20,210,0
19801,812,3,220,0
19801,812,3,230,0
19801,812,3,241,0
19801,813,107,1,0
19801,813,65,210,0
19801,813,17,220,0
19801,813,13,230,0
19801,813,9,241,0
19802,236,12,1,0
19802,236,11,210,0
19802,237,4,1,0
19802,238,16,1,0
19802,238,8,210,0
19802,238,3,220,0
19802,238,3,230,0
19802,423,7,1,0
19802,423,3,210,0
19802,424,5,1,0
19802,424,3,210,0
19802,446,4,210,0
19802,447,5,1,0
19802,447,3,210,0
19802,448,4,1,0
19802,452,8,1,0
19802,452,4,230,0
19802,453,4,1,0
19802,454,11,1,0
19802,454,8,210,0
19701,441,16,1,0
19701,441,7,210,0
19701,441,4,220,0
19701,441,3,230,0
19701,442,6,1,0
19701,442,4,210,0
19701,443,4,1,0
19702,221,11,1,0
19702,221,5,210,0
19702,221,3,230,0
19702,532,8,1,0
19702,532,6,210,0
19702,541,171,1,0
19702,541,118,210,0
19702,541,21,220,0
19702,541,14,230,0
19702,541,13,241,0
19702,541,5,242,0
19703,445,14,1,0
19703,445,8,210,0
19703,446,6,1,0
19703,447,5,1,0
19703,448,3,1,0
19703,452,4,1,0
19703,452,3,220,0
19703,453,6,1,0
19703,453,3,210,0
19707,561,26,1,0
19707,561,16,210,0
19707,561,5,220,0
19707,611,16,1,0
19707,611,6,210,0
19707,611,4,241,0
19709,522,22,1,0
19709,522,13,210,0
19709,522,7,220,0
19709,523,16,1,0
19709,523,13,210,0
19710,531,3,1,0
19711,236,26,1,0
19711,236,21,210,0
19711,236,3,220,0
19711,551,7,210,0
19711,551,3,220,0
19711,561,61,1,0
19711,561,40,210,0
19711,561,8,220,0
19711,561,4,230,0
19711,561,4,241,0
19711,561,4,242,0
19713,424,16,1,0
19713,424,12,210,0
19713,424,3,241,0
19713,425,4,1,0
19713,441,4,1,0
19713,443,3,1,0
19713,444,5,1,0
19713,623,13,1,0
19713,623,4,220,0
19713,623,3,251,0
19713,624,38,1,0
19713,624,20,210,0
19713,624,4,220,0
19713,624,7,230,0
19713,624,5,241,0
19720,443,10,1,0
19720,443,6,210,0
19720,443,3,220,0
19720,444,13,1,0
19720,444,5,210,0
19720,444,3,220,0
19720,445,42,1,0
19720,445,28,210,0
19720,445,8,220,0
19802,425,3,1,0
19802,441,6,1,0
19802,444,3,1,0
19802,445,32,1,0
19802,445,29,210,0
19802,446,5,1,0
19802,484,8,1,0
19802,484,5,210,0
19802,493,3,1,0
19802,493,3,210,0
19802,511,8,1,0
19802,511,7,210,0
19802,517,7,1,0
19802,517,5,210,0
19802,518,3,1,0
19802,522,3,1,0
19802,522,3,210,0
19802,523,7,1,0
19802,523,6,210,0
19802,531,20,1,0
19802,531,17,210,0
19802,541,41,1,0
19802,541,31,210,0
19802,541,3,220,0
19802,541,4,230,0
19802,541,3,241,0
19802,551,3,1,0
19802,561,21,1,0
19802,561,7,210,0
19802,561,4,220,0
19802,561,5,230,0
19802,611,9,1,0
19802,611,3,242,0
19802,624,51,1,0
19802,624,26,210,0
19802,624,8,220,0
19802,624,7,230,0
19802,624,7,241,0
19802,812,7,1,0
19802,812,6,210,0
19802,813,27,1,0
19802,813,20,210,0
19802,813,5,220,0
19701,443,4,210,0
19701,444,4,1,0
19701,444,3,210,0
19701,445,17,1,0
19701,445,7,210,0
19701,445,4,220,0
19701,445,3,242,0
19701,446,12,1,0
19702,236,32,1,0
19702,236,22,210,0
19702,236,7,220,0
19702,237,6,1,0
19702,238,76,1,0
19702,238,37,210,0
19702,238,16,220,0
19702,238,12,230,0
19702,238,3,241,0
19702,238,6,242,0
19703,454,10,1,0
19703,454,9,210,0
19703,488,3,1,0
19703,488,3,210,0
19703,511,12,1,0
19703,511,9,210,0
19703,517,4,1,0
19703,518,4,1,0
19707,621,41,1,0
19707,621,19,210,0
19707,621,8,220,0
19707,621,10,230,0
19707,621,3,241,0
19709,524,18,1,0
19709,524,13,210,0
19709,524,5,220,0
19711,238,53,1,0
19711,238,32,210,0
19711,238,7,220,0
19711,238,4,230,0
19711,238,7,241,0
19713,444,3,210,0
19713,445,20,1,0
19713,445,11,210,0
19713,445,3,220,0
19713,446,10,1,0
19713,446,3,210,0
19713,446,4,220,0
19713,446,3,241,0
19713,713,6,1,0
19713,713,3,210,0
19713,721,17,1,0
19713,721,5,230,0
19713,721,9,241,0
19720,446,16,1,0
19720,446,3,210,0
19720,446,3,220,0
19720,446,7,230,0
19720,446,3,241,0
19802,621,26,1,0
19802,621,12,210,0
19802,621,8,220,0
19802,621,3,230,0
19802,621,3,241,0
19802,711,3,1,0
19802,711,3,210,0
19802,722,25,1,0
19802,722,17,210,0
19802,722,3,230,0
19802,811,14,1,0
19802,811,10,210,0
19803,236,20,1,0
19803,236,13,210,0
19803,236,3,220,0
19803,238,19,1,0
19803,238,14,210,0
19803,311,4,1,0
19803,325,3,1,0
19803,325,3,210,0
19803,423,22,1,0
19803,423,15,210,0
19803,423,4,220,0
19803,424,3,1,0
19803,424,3,210,0
19803,425,5,1,0
19803,425,4,210,0
19803,441,5,1,0
19803,441,3,230,0
19803,442,18,1,0
19803,442,7,210,0
19803,442,3,230,0
19803,442,4,241,0
19803,443,9,1,0
19803,443,4,210,0
19803,444,6,1,0
19803,445,14,1,0
19803,445,3,210,0
19803,445,3,220,0
19803,445,3,242,0
19803,445,3,251,0
19803,446,17,1,0
19803,446,8,210,0
19803,446,4,230,0
19803,446,4,241,0
19803,451,10,1,0
19803,451,3,230,0
19803,452,5,1,0
19803,453,17,1,0
19803,453,7,210,0
19803,453,4,220,0
19803,453,4,241,0
19701,446,3,210,0
19701,446,4,230,0
19701,446,3,241,0
19701,447,3,1,0
19701,448,9,1,0
19701,448,4,210,0
19701,448,3,220,0
19701,452,6,1,0
19701,452,4,220,0
19701,453,9,1,0
19701,453,5,210,0
19701,453,3,220,0
19703,519,4,1,0
19703,519,4,210,0
19703,522,10,1,0
19703,522,6,210,0
19703,522,3,220,0
19703,523,4,1,0
19703,523,3,210,0
19703,524,6,1,0
19703,524,3,210,0
19707,623,4,1,0
19707,624,16,1,0
19707,624,7,210,0
19707,624,4,220,0
19707,624,3,230,0
19709,531,52,1,0
19709,531,49,210,0
19709,531,3,220,0
19709,532,3,1,0
19711,311,3,1,0
19711,325,5,1,0
19711,332,3,1,0
19711,423,24,1,0
19711,423,15,210,0
19711,423,4,220,0
19711,423,3,230,0
19711,562,3,1,0
19711,611,24,1,0
19711,611,13,210,0
19711,611,3,220,0
19711,611,3,230,0
19711,611,3,241,0
19713,447,6,1,0
19713,447,4,210,0
19713,448,10,1,0
19713,448,4,220,0
19713,451,4,1,0
19713,452,7,1,0
19713,452,4,220,0
19713,453,9,1,0
19713,453,5,210,0
19713,453,4,241,0
19713,722,84,1,0
19713,722,32,210,0
19713,722,10,220,0
19713,722,11,230,0
19713,722,22,241,0
19713,722,8,242,0
19720,447,25,1,0
19720,447,12,210,0
19720,447,4,220,0
19720,447,3,230,0
19720,447,4,242,0
19803,447,6,1,0
19803,448,35,1,0
19803,448,11,210,0
19803,448,9,220,0
19803,448,7,230,0
19803,448,6,241,0
19803,611,12,1,0
19803,611,5,210,0
19803,621,86,1,0
19803,621,34,210,0
19803,621,21,220,0
19803,621,16,230,0
19803,621,11,241,0
19803,623,12,1,0
19803,623,3,210,0
19803,623,5,242,0
19803,624,16,1,0
19803,624,4,210,0
19803,624,3,230,0
19803,624,4,241,0
19803,711,8,1,0
19803,711,7,210,0
19803,713,15,1,0
19803,713,7,210,0
19803,713,4,230,0
19803,721,5,1,0
19803,721,3,241,0
19803,722,91,1,0
19803,722,18,210,0
19803,722,13,220,0
19803,722,24,230,0
19803,722,26,241,0
19803,722,7,242,0
19803,722,3,251,0
19803,811,10,1,0
19803,811,3,210,0
19803,811,6,220,0
19803,812,38,1,0
19803,812,19,210,0
19803,812,10,220,0
19803,812,3,230,0
19803,812,5,241,0
19701,454,15,1,0
19701,454,12,210,0
19701,454,3,220,0
19701,484,27,1,0
19701,484,21,210,0
19701,484,3,220,0
19702,325,9,1,0
19702,326,3,1,0
19702,332,4,1,0
19702,333,6,1,0
19702,551,9,1,0
19702,551,7,210,0
19703,531,11,1,0
19703,531,6,210,0
19703,531,4,220,0
19703,541,72,1,0
19703,541,61,210,0
19703,541,3,220,0
19703,541,6,230,0
19707,713,9,1,0
19707,713,7,210,0
19707,722,33,1,0
19707,722,8,210,0
19707,722,5,220,0
19707,722,10,230,0
19707,722,9,241,0
19709,541,168,1,0
19709,541,132,210,0
19709,541,18,220,0
19709,541,11,230,0
19709,541,6,241,0
19711,424,16,1,0
19711,424,9,210,0
19711,424,5,220,0
19711,425,6,1,0
19711,425,6,210,0
19711,621,71,1,0
19711,621,30,210,0
19711,621,16,220,0
19711,621,14,230,0
19711,621,10,241,0
19713,454,17,1,0
19713,454,8,210,0
19713,454,5,220,0
19713,484,10,1,0
19713,484,7,210,0
19713,811,20,1,0
19713,811,12,210,0
19713,811,7,220,0
19713,812,33,1,0
19713,812,19,210,0
19713,812,9,220,0
19720,448,9,1,0
19720,448,3,210,0
19720,448,3,220,0
19720,451,3,1,0
19720,452,13,1,0
19720,452,6,220,0
19720,452,3,230,0
19720,453,18,1,0
19720,453,10,210,0
19720,453,6,220,0
19804,236,25,1,0
19804,236,14,210,0
19804,236,6,220,0
19804,236,3,230,0
19804,237,4,1,0
19804,238,85,1,0
19804,238,36,210,0
19804,238,12,220,0
19804,238,17,230,0
19804,238,12,241,0
19804,238,4,242,0
19804,238,4,251,0
19804,325,6,1,0
19804,325,3,210,0
19804,332,7,1,0
19804,423,22,1,0
19804,423,10,210,0
19804,423,6,220,0
19804,423,3,230,0
19804,423,3,241,0
19804,424,15,1,0
19804,424,12,210,0
19804,446,5,1,0
19804,447,4,1,0
19804,447,3,220,0
19804,452,4,1,0
19804,452,3,230,0
19804,453,9,1,0
19804,453,7,210,0
19804,517,3,1,0
19804,522,5,1,0
19804,522,3,220,0
19804,524,3,1,0
19804,524,3,210,0
19804,531,24,1,0
19804,531,16,210,0
19804,531,4,230,0
19804,561,48,1,0
19804,561,19,210,0
19804,561,6,220,0
19804,561,6,230,0
19804,561,13,241,0
19804,621,15,1,0
19804,621,8,210,0
19804,621,5,230,0
19804,624,18,1,0
19804,624,7,210,0
19804,624,5,220,0
19804,624,3,230,0
19804,624,3,241,0
19804,811,28,1,0
19804,811,16,210,0
19804,811,5,220,0
19804,811,6,230,0
